$ enroot start -m /home/st/st_us-042020/st_ac136362/eigenfrequencies:/home/st/st_us-042020/st_ac136362/eigenfrequencies -m /pfs/work9/workspace/scratch/st_ac136362-eigenfreq/runs/tistos-smoke-cfd-native-local/midpoint:/pfs/work9/workspace/scratch/st_ac136362-eigenfreq/runs/tistos-smoke-cfd-native-local/midpoint --root --rc /home/st/st_us-042020/st_ac136362/eigenfrequencies/cluster/enroot_rc.sh dtOO bash -c 'source /usr/lib/openfoam/openfoam2606/etc/bashrc; source /dtOO-install/bin/env.sh; cd /pfs/work9/workspace/scratch/st_ac136362-eigenfreq/runs/tistos-smoke-cfd-native-local/midpoint; exec python3.13 /home/st/st_us-042020/st_ac136362/eigenfrequencies/turbine_runner/dtoo_cfd_build.py /pfs/work9/workspace/scratch/st_ac136362-eigenfreq/runs/tistos-smoke-cfd-native-local/midpoint/design.json hydroflow tistos_ru_of'

Warning : Gmsh has aleady been initialized
Warning : Gmsh has aleady been initialized
Warning : Gmsh has aleady been initialized
Warning : Gmsh has aleady been initialized
Warning : Gmsh has aleady been initialized
Warning : Gmsh has aleady been initialized
Warning : Gmsh has aleady been initialized
Warning : Gmsh has aleady been initialized
Warning : Gmsh has aleady been initialized
Warning : Gmsh has aleady been initialized
Warning : Gmsh has aleady been initialized
Warning : Gmsh has aleady been initialized
Warning : Gmsh has aleady been initialized
Warning : Gmsh has aleady been initialized
Warning : Gmsh has aleady been initialized
Warning : Gmsh has aleady been initialized
Warning : Gmsh has aleady been initialized
Warning : Gmsh has aleady been initialized
[cfd] wrote hydroflow.xml with 30 design parameters
[cfd] CreateStates done for hydroflow
Debug   : Decoded option name 'General' . 'ExpertMode' (index 0)
Debug   : Decoded option name 'Mesh' . 'LcIntegrationPrecision' (index 0)
Debug   : Decoded option name 'Mesh' . 'CharacteristicLengthMin' (index 0)
Debug   : Decoded option name 'Mesh' . 'CharacteristicLengthMax' (index 0)
Debug   : Decoded option name 'Mesh' . 'Algorithm' (index 0)
Debug   : Decoded option name 'Mesh' . 'MeshSizeExtendFromBoundary' (index 0)
Debug   : Decoded option name 'Mesh' . 'MeshSizeFromPoints' (index 0)
Debug   : Could not find next curve in loop, aborting
Debug   : Could not find next curve in loop, aborting
Debug   : Could not find next curve in loop, aborting
Debug   : Could not find next curve in loop, aborting
Debug   : Could not find next curve in loop, aborting
Debug   : Could not find next curve in loop, aborting
Debug   : Could not find next curve in loop, aborting
Debug   : Could not find next curve in loop, aborting
Debug   : Could not find next curve in loop, aborting
Debug   : Could not find next curve in loop, aborting
Info    : Setting mesh master using transformation
Info    : Setting curve master 2 - 4
Info    : Setting curve master 9 - 10
Info    : Setting curve master 11 - 12
Info    : Setting curve master 6 - 8
Info    : Meshing vertex 1 ( dtGmshVertex )
Info    : Meshing vertex 4 ( dtGmshVertex )
Info    : Meshing vertex 5 ( dtGmshVertex )
Info    : Meshing vertex 8 ( dtGmshVertex )
Info    : Meshing vertex 9 ( dtGmshVertex )
Info    : Meshing vertex 10 ( dtGmshVertex )
Info    : Meshing vertex 11 ( dtGmshVertex )
Info    : Meshing vertex 12 ( dtGmshVertex )
Info    : Meshing vertex 13 ( dtGmshVertex )
Info    : Meshing vertex 14 ( dtGmshVertex )
Info    : Meshing vertex 15 ( dtGmshVertex )
Info    : Meshing vertex 16 ( dtGmshVertex )
Info    : Meshing vertex 17 ( dtGmshVertex )
Info    : Meshing vertex 18 ( dtGmshVertex )
Info    : Meshing vertex 19 ( dtGmshVertex )
Info    : Meshing vertex 20 ( dtGmshVertex )
Info    : Meshing vertex 21 ( dtGmshVertex )
Info    : Meshing vertex 22 ( dtGmshVertex )
Info    : Meshing vertex 23 ( dtGmshVertex )
Info    : Meshing vertex 24 ( dtGmshVertex )
Info    : Meshing vertex 25 ( dtGmshVertex )
Info    : Meshing vertex 26 ( dtGmshVertex )
Info    : Meshing vertex 27 ( dtGmshVertex )
Info    : Meshing vertex 28 ( dtGmshVertex )
Info    : Corresponding vertex 1 (master) -> 2 (slave)
Info    : Corresponding vertex 4 (master) -> 3 (slave)
Info    : Corresponding vertex 5 (master) -> 6 (slave)
Info    : Corresponding vertex 8 (master) -> 7 (slave)
Info    : Meshing curve 1 (Unknown)
Debug   : Meshing curve 1 (Unknown): 10 interior vertices
Info    : Meshing curve 3 (Unknown)
Debug   : Meshing curve 3 (Unknown): 10 interior vertices
Info    : Meshing curve 4 (Unknown)
Debug   : Meshing curve 4 (Unknown): 33 interior vertices
Info    : Meshing curve 5 (Unknown)
Debug   : Meshing curve 5 (Unknown): 39 interior vertices
Info    : Meshing curve 7 (Unknown)
Debug   : Meshing curve 7 (Unknown): 39 interior vertices
Info    : Meshing curve 8 (Unknown)
Debug   : Meshing curve 8 (Unknown): 35 interior vertices
Info    : Meshing curve 10 ( dtMeshFreeGradingGEdge transType=3, reverse=0)
Info    : Meshing curve 12 ( dtMeshFreeGradingGEdge transType=3, reverse=0)
Info    : Meshing curve 13 ( dtMeshFreeGradingGEdge transType=17, reverse=0)
Info    : Meshing curve 14 ( dtMeshFreeGradingGEdge transType=6, reverse=0)
Info    : Meshing curve 15 ( dtMeshFreeGradingGEdge transType=18, reverse=0)
Info    : Meshing curve 16 ( dtMeshFreeGradingGEdge transType=6, reverse=0)
Info    : Meshing curve 17 ( dtMeshFreeGradingGEdge transType=17, reverse=0)
Info    : Meshing curve 18 ( dtMeshFreeGradingGEdge transType=6, reverse=0)
Info    : Meshing curve 19 ( dtMeshFreeGradingGEdge transType=18, reverse=0)
Info    : Meshing curve 20 ( dtMeshFreeGradingGEdge transType=6, reverse=0)
Info    : Meshing curve 21 ( dtMeshFreeGradingGEdge transType=3, reverse=0)
Info    : Meshing curve 22 ( dtMeshFreeGradingGEdge transType=3, reverse=0)
Info    : Meshing curve 23 ( dtMeshFreeGradingGEdge transType=3, reverse=0)
Info    : Meshing curve 24 ( dtMeshFreeGradingGEdge transType=3, reverse=0)
Info    : Meshing curve 25 (Unknown)
Debug   : Meshing curve 25 (Unknown): 15 interior vertices
Info    : Meshing curve 26 ( dtMeshFreeGradingGEdge transType=6, reverse=0)
Info    : Meshing curve 27 (Unknown)
Debug   : Meshing curve 27 (Unknown): 15 interior vertices
Info    : Meshing curve 28 (Unknown)
Debug   : Meshing curve 28 (Unknown): 15 interior vertices
Info    : Meshing curve 29 ( dtMeshFreeGradingGEdge transType=6, reverse=0)
Info    : Meshing curve 30 (Unknown)
Debug   : Meshing curve 30 (Unknown): 15 interior vertices
Info    : Meshing curve 31 ( dtMeshFreeGradingGEdge transType=3, reverse=0)
Info    : Meshing curve 32 ( dtMeshFreeGradingGEdge transType=3, reverse=0)
Info    : Meshing curve 33 ( dtMeshFreeGradingGEdge transType=17, reverse=0)
Info    : Meshing curve 34 ( dtMeshFreeGradingGEdge transType=6, reverse=0)
Info    : Meshing curve 35 ( dtMeshFreeGradingGEdge transType=18, reverse=0)
Info    : Meshing curve 36 ( dtMeshFreeGradingGEdge transType=17, reverse=0)
Info    : Meshing curve 37 ( dtMeshFreeGradingGEdge transType=6, reverse=0)
Info    : Meshing curve 38 ( dtMeshFreeGradingGEdge transType=18, reverse=0)
Info    : Meshing curve 39 ( dtMeshFreeGradingGEdge transType=3, reverse=0)
Info    : Meshing curve 40 ( dtMeshFreeGradingGEdge transType=3, reverse=0)
Info    : Meshing curve 41 (Unknown)
Debug   : Meshing curve 41 (Unknown): 7 interior vertices
Info    : Meshing curve 42 ( dtMeshFreeGradingGEdge transType=6, reverse=0)
Info    : Meshing curve 43 (Unknown)
Debug   : Meshing curve 43 (Unknown): 7 interior vertices
Info    : Meshing curve 44 (Unknown)
Debug   : Meshing curve 44 (Unknown): 7 interior vertices
Info    : Meshing curve 45 ( dtMeshFreeGradingGEdge transType=6, reverse=0)
Info    : Meshing curve 46 (Unknown)
Debug   : Meshing curve 46 (Unknown): 7 interior vertices
Info    : Meshing curve 47 ( dtMeshFreeGradingGEdge transType=3, reverse=0)
Info    : Meshing curve 48 ( dtMeshFreeGradingGEdge transType=3, reverse=0)
Info    : Meshing curve 49 (Unknown)
Debug   : Meshing curve 49 (Unknown): 7 interior vertices
Info    : Meshing curve 50 (Unknown)
Debug   : Meshing curve 50 (Unknown): 7 interior vertices
Info    : Meshing curve 51 (Unknown)
Debug   : Meshing curve 51 (Unknown): 7 interior vertices
Info    : Meshing curve 52 (Unknown)
Debug   : Meshing curve 52 (Unknown): 7 interior vertices
Info    : Copy mesh from edge 4 to edge 2 ( dtMesh1DOperator )
Info    : Meshing curve 2 (Unknown) as a copy of curve 4
Info    : Copy mesh from edge 8 to edge 6 ( dtMesh1DOperator )
Info    : Meshing curve 6 (Unknown) as a copy of curve 8
Info    : Copy mesh from edge 10 to edge 9 ( dtMesh1DOperator )
Info    : Meshing curve 9 (Unknown) as a copy of curve 10
Info    : Copy mesh from edge 12 to edge 11 ( dtMesh1DOperator )
Info    : Meshing curve 11 (Unknown) as a copy of curve 12
Info    : Meshing surface 3 ( dtMeshGFaceWithTransfiniteLayer )
Info    : Meshing surface 1 (Parametric surface, MeshAdapt)
Debug   : Recovering 1 model edges
Debug   : Recovering 83 mesh edges (0 not recovered)
Debug   : Boundary edges recovered for surface 1
Debug   : Computing mesh size field at mesh nodes 83
Debug   : Delaunizing the initial mesh
Debug   : Starting to add internal nodes
Debug   :  iter   1 minL    0.531/   0.700 maxL    4.153/   1.400 -- Small/Large/Total (    23/   277/   820):    278 splits,    421 swaps,     59 collapses,    774 moves
Debug   :  iter   2 minL    0.531/   0.700 maxL    1.647/   1.400 -- Small/Large/Total (    45/    16/  1537):    287 splits,    111 swaps,     48 collapses,   1066 moves
Debug   :  iter   3 minL    0.531/   0.700 maxL    1.463/   1.400 -- Small/Large/Total (    45/     4/  1567):     16 splits,      8 swaps,      6 collapses,    267 moves
Debug   :  iter   4 minL    0.531/   0.700 maxL    1.392/   1.400 -- Small/Large/Total (    43/     0/  1567):      4 splits,      1 swaps,      4 collapses,    128 moves
Debug   :  iter   5 minL    0.531/   0.700 maxL    1.402/   1.400 -- Small/Large/Total (    40/     1/  1561):      0 splits,      1 swaps,      2 collapses,     84 moves
Debug   :  iter   6 minL    0.531/   0.700 maxL    1.386/   1.400 -- Small/Large/Total (    39/     0/  1564):      1 splits,      0 swaps,      0 collapses,     40 moves
Debug   :  iter   7 minL    0.531/   0.700 maxL    1.386/   1.400 -- Small/Large/Total (    39/     0/  1564):      0 splits,      0 swaps,      0 collapses,     15 moves
Debug   :  ---------------------------------------
Debug   :  CPU Report 
Debug   :  ---------------------------------------
Debug   :  CPU SWAP     4.50100E-03 sec (  0 %)
Debug   :  CPU SPLIT    9.61350E-02 sec ( 10 %) 
Debug   :  CPU COLLAPS  1.48675E-01 sec ( 16 %) 
Debug   :  CPU SMOOTH   6.91075E-01 sec ( 73 %) 
Debug   :  ---------------------------------------
Debug   :  CPU TOTAL    9.40386E-01 sec 
Debug   :  ---------------------------------------
Debug   :  iter   1 minL    0.531/   0.700 maxL    1.386/   1.400 -- Small/Large/Total (    39/     0/  1564):      0 splits,      0 swaps,      0 collapses,      8 moves
Debug   :  ---------------------------------------
Debug   :  CPU Report 
Debug   :  ---------------------------------------
Debug   :  CPU SWAP     5.91000E-04 sec (  0 %)
Debug   :  CPU SPLIT    3.27190E-02 sec ( 25 %) 
Debug   :  CPU COLLAPS  1.57760E-02 sec ( 12 %) 
Debug   :  CPU SMOOTH   8.42590E-02 sec ( 63 %) 
Debug   :  ---------------------------------------
Debug   :  CPU TOTAL    1.33345E-01 sec 
Debug   :  ---------------------------------------
Debug   : Type 23 1015 triangles generated, 467 internal nodes
Debug   : Destroying model myModel
Info    : Meshing surface 4 ( dtMeshGFaceWithTransfiniteLayer )
Info    : Meshing surface 1 (Parametric surface, MeshAdapt)
Debug   : Recovering 1 model edges
Debug   : Recovering 83 mesh edges (0 not recovered)
Debug   : Boundary edges recovered for surface 1
Debug   : Computing mesh size field at mesh nodes 83
Debug   : Delaunizing the initial mesh
Debug   : Starting to add internal nodes
Debug   :  iter   1 minL    0.531/   0.700 maxL    4.070/   1.400 -- Small/Large/Total (    24/   295/   823):    276 splits,    405 swaps,     56 collapses,    783 moves
Debug   :  iter   2 minL    0.531/   0.700 maxL    1.535/   1.400 -- Small/Large/Total (    44/    12/  1567):    303 splits,    123 swaps,     55 collapses,   1169 moves
Debug   :  iter   3 minL    0.443/   0.700 maxL    1.414/   1.400 -- Small/Large/Total (    41/     2/  1597):     13 splits,      9 swaps,      3 collapses,    337 moves
Debug   :  iter   4 minL    0.443/   0.700 maxL    1.396/   1.400 -- Small/Large/Total (    41/     0/  1597):      2 splits,      0 swaps,      2 collapses,    194 moves
Debug   :  iter   5 minL    0.443/   0.700 maxL    1.396/   1.400 -- Small/Large/Total (    41/     0/  1597):      0 splits,      0 swaps,      0 collapses,    159 moves
Debug   :  ---------------------------------------
Debug   :  CPU Report 
Debug   :  ---------------------------------------
Debug   :  CPU SWAP     3.41000E-03 sec (  0 %)
Debug   :  CPU SPLIT    6.59860E-02 sec (  9 %) 
Debug   :  CPU COLLAPS  1.11314E-01 sec ( 15 %) 
Debug   :  CPU SMOOTH   5.42057E-01 sec ( 75 %) 
Debug   :  ---------------------------------------
Debug   :  CPU TOTAL    7.22767E-01 sec 
Debug   :  ---------------------------------------
Debug   :  iter   1 minL    0.443/   0.700 maxL    1.396/   1.400 -- Small/Large/Total (    41/     0/  1597):      0 splits,      0 swaps,      0 collapses,    137 moves
Debug   :  ---------------------------------------
Debug   :  CPU Report 
Debug   :  ---------------------------------------
Debug   :  CPU SWAP     6.09000E-04 sec (  0 %)
Debug   :  CPU SPLIT    3.37790E-02 sec ( 24 %) 
Debug   :  CPU COLLAPS  1.62400E-02 sec ( 12 %) 
Debug   :  CPU SMOOTH   8.92400E-02 sec ( 64 %) 
Debug   :  ---------------------------------------
Debug   :  CPU TOTAL    1.39868E-01 sec 
Debug   :  ---------------------------------------
Debug   : Type 23 1037 triangles generated, 478 internal nodes
Debug   : Destroying model myModel
Info    : Meshing surface 5 ( dtMeshGFaceWithTransfiniteLayer )
Info    : Meshing surface 1 (Parametric surface, MeshAdapt)
Debug   : Recovering 1 model edges
Debug   : Recovering 102 mesh edges (0 not recovered)
Debug   : Boundary edges recovered for surface 1
Debug   : Computing mesh size field at mesh nodes 102
Debug   : Delaunizing the initial mesh
Debug   : Starting to add internal nodes
Debug   :  iter   1 minL    0.496/   0.700 maxL    3.276/   1.400 -- Small/Large/Total (    38/   450/  1086):    349 splits,    497 swaps,     54 collapses,   1029 moves
Debug   :  iter   2 minL    0.566/   0.700 maxL    1.589/   1.400 -- Small/Large/Total (    63/     9/  2088):    459 splits,    138 swaps,    125 collapses,   1631 moves
Debug   :  iter   3 minL    0.580/   0.700 maxL    1.371/   1.400 -- Small/Large/Total (    44/     0/  2094):      9 splits,      7 swaps,      7 collapses,    413 moves
Debug   :  iter   4 minL    0.580/   0.700 maxL    1.379/   1.400 -- Small/Large/Total (    44/     0/  2094):      0 splits,      0 swaps,      0 collapses,    143 moves
Debug   :  ---------------------------------------
Debug   :  CPU Report 
Debug   :  ---------------------------------------
Debug   :  CPU SWAP     3.53400E-03 sec (  0 %)
Debug   :  CPU SPLIT    6.50550E-02 sec (  8 %) 
Debug   :  CPU COLLAPS  1.26941E-01 sec ( 17 %) 
Debug   :  CPU SMOOTH   5.72611E-01 sec ( 75 %) 
Debug   :  ---------------------------------------
Debug   :  CPU TOTAL    7.68141E-01 sec 
Debug   :  ---------------------------------------
Debug   :  iter   1 minL    0.580/   0.700 maxL    1.379/   1.400 -- Small/Large/Total (    44/     0/  2094):      0 splits,      0 swaps,      0 collapses,    114 moves
Debug   :  ---------------------------------------
Debug   :  CPU Report 
Debug   :  ---------------------------------------
Debug   :  CPU SWAP     7.94000E-04 sec (  0 %)
Debug   :  CPU SPLIT    4.42920E-02 sec ( 26 %) 
Debug   :  CPU COLLAPS  2.14080E-02 sec ( 13 %) 
Debug   :  CPU SMOOTH   1.00671E-01 sec ( 60 %) 
Debug   :  ---------------------------------------
Debug   :  CPU TOTAL    1.67165E-01 sec 
Debug   :  ---------------------------------------
Debug   : Type 23 1362 triangles generated, 631 internal nodes
Debug   : Destroying model myModel
Info    : Meshing surface 2 (Parametric surface, MeshAdapt)
Debug   : Recovering 9 model edges
Debug   : Recovering 264 mesh edges (0 not recovered)
Debug   : Boundary edges recovered for surface 2
Debug   : Computing mesh size field at mesh nodes 264
Debug   : Delaunizing the initial mesh
Debug   : Starting to add internal nodes
Debug   :  iter   1 minL    0.015/   0.700 maxL   18.203/   1.400 -- Small/Large/Total (    78/  2203/  3444):   1022 splits,   1558 swaps,     50 collapses,   2994 moves
Debug   :  iter   2 minL    0.274/   0.700 maxL   13.152/   1.400 -- Small/Large/Total (   337/  1706/  9009):   2203 splits,   1961 swaps,    348 collapses,   8443 moves
Debug   :  iter   3 minL    0.345/   0.700 maxL    7.203/   1.400 -- Small/Large/Total (   387/   234/ 12258):   1706 splits,   1547 swaps,    623 collapses,   8283 moves
Debug   :  iter   4 minL    0.504/   0.700 maxL    1.427/   1.400 -- Small/Large/Total (   246/     2/ 12477):    234 splits,    243 swaps,    161 collapses,   3319 moves
Debug   :  iter   5 minL    0.504/   0.700 maxL    1.397/   1.400 -- Small/Large/Total (   220/     0/ 12447):      2 splits,      5 swaps,     12 collapses,   1376 moves
Debug   :  iter   6 minL    0.504/   0.700 maxL    1.403/   1.400 -- Small/Large/Total (   218/     1/ 12444):      0 splits,      0 swaps,      1 collapses,    957 moves
Debug   :  iter   7 minL    0.504/   0.700 maxL    1.397/   1.400 -- Small/Large/Total (   219/     0/ 12447):      1 splits,      0 swaps,      0 collapses,    650 moves
Debug   :  iter   8 minL    0.504/   0.700 maxL    1.397/   1.400 -- Small/Large/Total (   219/     0/ 12447):      0 splits,      0 swaps,      0 collapses,    334 moves
Debug   :  ---------------------------------------
Debug   :  CPU Report 
Debug   :  ---------------------------------------
Debug   :  CPU SWAP     4.64890E-02 sec (  1 %)
Debug   :  CPU SPLIT    8.59193E-01 sec ( 11 %) 
Debug   :  CPU COLLAPS  1.36713E+00 sec ( 18 %) 
Debug   :  CPU SMOOTH   5.47240E+00 sec ( 71 %) 
Debug   :  ---------------------------------------
Debug   :  CPU TOTAL    7.74521E+00 sec 
Debug   :  ---------------------------------------
Debug   :  iter   1 minL    0.504/   0.700 maxL    1.397/   1.400 -- Small/Large/Total (   219/     0/ 12447):      0 splits,      0 swaps,      0 collapses,    120 moves
Debug   :  ---------------------------------------
Debug   :  CPU Report 
Debug   :  ---------------------------------------
Debug   :  CPU SWAP     5.79100E-03 sec (  1 %)
Debug   :  CPU SPLIT    2.66647E-01 sec ( 27 %) 
Debug   :  CPU COLLAPS  1.31544E-01 sec ( 13 %) 
Debug   :  CPU SMOOTH   6.00717E-01 sec ( 60 %) 
Debug   :  ---------------------------------------
Debug   :  CPU TOTAL    1.00470E+00 sec 
Debug   :  ---------------------------------------
Debug   : Type 23 8210 triangles generated, 3973 internal nodes
Info    : Meshing surface 1 (Parametric surface, MeshAdapt)
Debug   : Recovering 9 model edges
Debug   : Recovering 202 mesh edges (0 not recovered)
Debug   : Boundary edges recovered for surface 1
Debug   : Computing mesh size field at mesh nodes 202
Debug   : Delaunizing the initial mesh
Debug   : Starting to add internal nodes
Debug   :  iter   1 minL    0.108/   0.700 maxL    9.087/   1.400 -- Small/Large/Total (   234/   823/  2219):    778 splits,    681 swaps,    173 collapses,   2153 moves
Debug   :  iter   2 minL    0.324/   0.700 maxL    6.001/   1.400 -- Small/Large/Total (   246/   220/  3446):    823 splits,    908 swaps,    414 collapses,   3476 moves
Debug   :  iter   3 minL    0.419/   0.700 maxL    1.927/   1.400 -- Small/Large/Total (    89/    11/  3683):    220 splits,    228 swaps,    141 collapses,   2077 moves
Debug   :  iter   4 minL    0.613/   0.700 maxL    1.390/   1.400 -- Small/Large/Total (    67/     0/  3680):     11 splits,      8 swaps,     12 collapses,    616 moves
Debug   :  iter   5 minL    0.613/   0.700 maxL    1.413/   1.400 -- Small/Large/Total (    66/     1/  3680):      0 splits,      1 swaps,      0 collapses,    287 moves
Debug   :  ---------------------------------------
Debug   :  CPU Report 
Debug   :  ---------------------------------------
Debug   :  CPU SWAP     9.70900E-03 sec (  0 %)
Debug   :  CPU SPLIT    1.58907E-01 sec (  6 %) 
Debug   :  CPU COLLAPS  3.84293E-01 sec ( 15 %) 
Debug   :  CPU SMOOTH   2.01863E+00 sec ( 78 %) 
Debug   :  ---------------------------------------
Debug   :  CPU TOTAL    2.57154E+00 sec 
Debug   :  ---------------------------------------
Debug   :  iter   1 minL    0.613/   0.700 maxL    1.389/   1.400 -- Small/Large/Total (    67/     0/  3683):      1 splits,      1 swaps,      0 collapses,    231 moves
Debug   :  iter   2 minL    0.613/   0.700 maxL    1.389/   1.400 -- Small/Large/Total (    67/     0/  3683):      0 splits,      0 swaps,      0 collapses,    193 moves
Debug   :  ---------------------------------------
Debug   :  CPU Report 
Debug   :  ---------------------------------------
Debug   :  CPU SWAP     3.23300E-03 sec (  0 %)
Debug   :  CPU SPLIT    1.16766E-01 sec ( 18 %) 
Debug   :  CPU COLLAPS  7.72870E-02 sec ( 12 %) 
Debug   :  CPU SMOOTH   4.66315E-01 sec ( 70 %) 
Debug   :  ---------------------------------------
Debug   :  CPU TOTAL    6.63601E-01 sec 
Debug   :  ---------------------------------------
Debug   : Type 23 2388 triangles generated, 1093 internal nodes
Info    : Meshing surface 7 / aS_ru_hub_1 ( dtMeshTransfiniteGFace )
Info    : Meshing surface 8 / aS_ru_shroud_1 ( dtMeshTransfiniteGFace )
Info    : Meshing surface 9 / aS_ru_blade_rot_0 ( dtMeshTransfiniteGFace )
Info    : Meshing surface 10 /  ( dtMeshTransfiniteGFace )
Info    : Meshing surface 11 /  ( dtMeshTransfiniteGFace )
Info    : Meshing surface 12 /  ( dtMeshTransfiniteGFace )
Info    : Meshing surface 13 / aS_ru_hub_2 ( dtMeshTransfiniteGFace )
Info    : Meshing surface 14 / aS_ru_shroud_2 ( dtMeshTransfiniteGFace )
Info    : Meshing surface 15 / aS_ru_blade_rot_1 ( dtMeshTransfiniteGFace )
Info    : Meshing surface 16 /  ( dtMeshTransfiniteGFace )
Info    : Meshing surface 17 /  ( dtMeshTransfiniteGFace )
Info    : Meshing surface 18 / aS_ru_hub_3 ( dtMeshTransfiniteGFace )
Info    : Meshing surface 19 / aS_ru_shroud_3 ( dtMeshTransfiniteGFace )
Info    : Meshing surface 20 / aS_ru_blade_rot_2 ( dtMeshTransfiniteGFace )
Info    : Meshing surface 21 /  ( dtMeshTransfiniteGFace )
Info    : Meshing surface 22 /  ( dtMeshTransfiniteGFace )
Info    : Meshing surface 23 / aS_ru_hub_4 ( dtMeshTransfiniteGFace )
Info    : Meshing surface 24 / aS_ru_shroud_4 ( dtMeshTransfiniteGFace )
Info    : Meshing surface 25 / aS_ru_blade_rot_3 ( dtMeshTransfiniteGFace )
Info    : Meshing surface 26 /  ( dtMeshTransfiniteGFace )
Info    : Meshing surface 27 /  ( dtMeshTransfiniteGFace )
Info    : Meshing surface 28 / aS_ru_hub_5 ( dtMeshTransfiniteGFace )
Info    : Meshing surface 29 / aS_ru_shroud_5 ( dtMeshTransfiniteGFace )
Info    : Meshing surface 30 / aS_ru_blade_rot_4 ( dtMeshTransfiniteGFace )
Info    : Meshing surface 31 /  ( dtMeshTransfiniteGFace )
Info    : Copy mesh from surface 5 to surface 6 ( dtMesh2DOperator )
Info    : Meshing surface 6 (Parametric surface) as a copy of surface 5
Debug   : Volume 1, surface 1: 1 intersections
Info    : Setting reverse mesh attribute on surface 1
Debug   : Volume 1, surface 2: 0 intersections
Debug   : Volume 1, surface 3: 3 intersections
Info    : Setting reverse mesh attribute on surface 3
Debug   : Volume 1, surface 4: 0 intersections
Debug   : Volume 1, surface 5: 0 intersections
Debug   : Volume 1, surface 6: 1 intersections
Info    : Setting reverse mesh attribute on surface 6
Debug   : Volume 1, surface 10: 0 intersections
Debug   : Volume 1, surface 16: 1 intersections
Info    : Setting reverse mesh attribute on surface 16
Debug   : Volume 1, surface 21: 1 intersections
Info    : Setting reverse mesh attribute on surface 21
Debug   : Volume 1, surface 26: 0 intersections
Debug   : Volume 1, surface 31: 1 intersections
Info    : Setting reverse mesh attribute on surface 31
Info    : Tetrahedrizing 11271 nodes...
Info    : Done tetrahedrizing 11279 nodes (Wall 0.142822s, CPU 0.133606s)
Debug   : Points have been tetrahedralized
Info    : Reconstructing mesh...
Info    :  - Creating surface mesh
Info    :  - Identifying boundary edges
Debug   :   22542 (33813) subfaces (segments)
Info    :  - Recovering boundary
Debug   : Statistics:
Debug   :   Input points: 11279
Debug   :   Input facets: 1
Debug   :   Input segments: 0
Debug   :  Mesh points: 11279
Debug   :   Mesh tetrahedra: 35030
Debug   :   Mesh faces: 81331
Debug   :   Mesh faces on facets: 22542
Debug   :   Mesh edges on segments: 33813
Debug   : Writing to GRegion...
Info    : Done reconstructing mesh (Wall 0.34257s, CPU 0.312994s)
Debug   : start with a non classified tet
Debug   : Found 35030 tets with 1 faces (Wall 0.0340482s, CPU 0.033975s)
Info    : Found volume 1
Debug   : All 35030 tets were connected
Info    : It. 0 - 0 nodes created - worst tet radius 135.732 (nodes removed 0 0)
Info    : It. 500 - 3 nodes created - worst tet radius 40.7205 (nodes removed 0 497)
Info    : It. 1000 - 85 nodes created - worst tet radius 6.24945 (nodes removed 0 915)
Info    : It. 1500 - 148 nodes created - worst tet radius 3.90916 (nodes removed 0 1352)
Info    : It. 2000 - 210 nodes created - worst tet radius 3.52741 (nodes removed 0 1790)
Info    : It. 2500 - 269 nodes created - worst tet radius 4.81801 (nodes removed 0 2231)
Info    : It. 3000 - 316 nodes created - worst tet radius 3.37921 (nodes removed 0 2684)
Info    : It. 3500 - 394 nodes created - worst tet radius 2.909 (nodes removed 0 3106)
Info    : It. 4000 - 473 nodes created - worst tet radius 2.71287 (nodes removed 0 3527)
Info    : It. 4500 - 567 nodes created - worst tet radius 2.57513 (nodes removed 0 3933)
Info    : It. 5000 - 682 nodes created - worst tet radius 2.42424 (nodes removed 0 4318)
Info    : It. 5500 - 789 nodes created - worst tet radius 5.9346 (nodes removed 0 4711)
Info    : It. 6000 - 892 nodes created - worst tet radius 2.28512 (nodes removed 0 5108)
Info    : It. 6500 - 1033 nodes created - worst tet radius 3.59795 (nodes removed 0 5467)
Info    : It. 7000 - 1203 nodes created - worst tet radius 2.00574 (nodes removed 0 5797)
Info    : It. 7500 - 1311 nodes created - worst tet radius 1.95816 (nodes removed 0 6189)
Info    : It. 8000 - 1440 nodes created - worst tet radius 3.9956 (nodes removed 0 6560)
Info    : It. 8500 - 1595 nodes created - worst tet radius 1.83786 (nodes removed 0 6905)
Info    : It. 9000 - 1717 nodes created - worst tet radius 1.79579 (nodes removed 0 7283)
Info    : It. 9500 - 1902 nodes created - worst tet radius 1.88792 (nodes removed 0 7598)
Info    : It. 10000 - 2087 nodes created - worst tet radius 1.68681 (nodes removed 0 7913)
Info    : It. 10500 - 2262 nodes created - worst tet radius 1.64393 (nodes removed 0 8238)
Info    : It. 11000 - 2444 nodes created - worst tet radius 1.59954 (nodes removed 0 8556)
Info    : It. 11500 - 2629 nodes created - worst tet radius 1.56115 (nodes removed 0 8871)
Info    : It. 12000 - 2814 nodes created - worst tet radius 1.52634 (nodes removed 0 9186)
Info    : It. 12500 - 3048 nodes created - worst tet radius 1.49053 (nodes removed 0 9452)
Info    : It. 13000 - 3249 nodes created - worst tet radius 1.9259 (nodes removed 0 9751)
Info    : It. 13500 - 3473 nodes created - worst tet radius 1.43052 (nodes removed 0 10027)
Info    : It. 14000 - 3755 nodes created - worst tet radius 1.39297 (nodes removed 0 10245)
Info    : It. 14500 - 3972 nodes created - worst tet radius 1.37043 (nodes removed 0 10528)
Info    : It. 15000 - 4220 nodes created - worst tet radius 1.46365 (nodes removed 0 10780)
Info    : It. 15500 - 4457 nodes created - worst tet radius 1.31864 (nodes removed 0 11043)
Info    : It. 16000 - 4704 nodes created - worst tet radius 1.68952 (nodes removed 0 11296)
Info    : It. 16500 - 4964 nodes created - worst tet radius 1.27314 (nodes removed 0 11536)
Info    : It. 17000 - 5206 nodes created - worst tet radius 1.25314 (nodes removed 0 11794)
Info    : It. 17500 - 5504 nodes created - worst tet radius 1.23039 (nodes removed 0 11996)
Info    : It. 18000 - 5747 nodes created - worst tet radius 1.21562 (nodes removed 0 12253)
Info    : It. 18500 - 5994 nodes created - worst tet radius 1.19828 (nodes removed 0 12506)
Info    : It. 19000 - 6254 nodes created - worst tet radius 2.67882 (nodes removed 0 12746)
Info    : It. 19500 - 6533 nodes created - worst tet radius 1.16612 (nodes removed 0 12967)
Info    : It. 20000 - 6865 nodes created - worst tet radius 1.31458 (nodes removed 0 13135)
Info    : It. 20500 - 7223 nodes created - worst tet radius 1.12835 (nodes removed 0 13277)
Info    : It. 21000 - 7509 nodes created - worst tet radius 1.11399 (nodes removed 0 13491)
Info    : It. 21500 - 7818 nodes created - worst tet radius 1.09858 (nodes removed 0 13682)
Info    : It. 22000 - 8135 nodes created - worst tet radius 1.11416 (nodes removed 1 13864)
Info    : It. 22500 - 8448 nodes created - worst tet radius 3.20631 (nodes removed 1 14051)
Info    : It. 23000 - 8798 nodes created - worst tet radius 1.05915 (nodes removed 1 14201)
Info    : It. 23500 - 9101 nodes created - worst tet radius 1.04759 (nodes removed 1 14398)
Info    : It. 24000 - 9420 nodes created - worst tet radius 2.08975 (nodes removed 1 14579)
Info    : It. 24500 - 9783 nodes created - worst tet radius 1.02318 (nodes removed 1 14716)
Info    : It. 25000 - 10098 nodes created - worst tet radius 1.14417 (nodes removed 1 14901)
Info    : It. 25500 - 10497 nodes created - worst tet radius 1.00052 (nodes removed 1 15002)
Info    : 3D refinement terminated (21788 nodes total):
Info    :  - 1354 Delaunay cavities modified for star shapeness
Info    :  - 15009 nodes could not be inserted
Info    :  - 100910 tetrahedra created in 0.732957 sec. (137675 tets/s)
Info    : 937 node relocations
Info    : dtOptimizeMeshGRegion()() volume 1
Info    : dtOptimizeMeshGRegion()() volume 1 : Optimize gmsh
Info    : Optimizing volume 1
Info    : Optimization starts (volume = 5.46645) with worst = 8.32336e-07 / average = 0.703877:
Info    : 0.00 < quality < 0.10 :      2253 elements
Info    : 0.10 < quality < 0.20 :      2299 elements
Info    : 0.20 < quality < 0.30 :      3005 elements
Info    : 0.30 < quality < 0.40 :      3528 elements
Info    : 0.40 < quality < 0.50 :      4645 elements
Info    : 0.50 < quality < 0.60 :      8234 elements
Info    : 0.60 < quality < 0.70 :     13221 elements
Info    : 0.70 < quality < 0.80 :     21533 elements
Info    : 0.80 < quality < 0.90 :     28314 elements
Info    : 0.90 < quality < 1.00 :     13878 elements
Info    : 3333 edge swaps, 1134 node relocations (volume = 5.46645): worst = 0.00587458 / average = 0.717076 (Wall 0.143721s, CPU 0.143444s)
Info    : 3862 edge swaps, 1998 node relocations (volume = 5.46645): worst = 0.00778551 / average = 0.717489 (Wall 0.246252s, CPU 0.245798s)
Info    : 4103 edge swaps, 2655 node relocations (volume = 5.46645): worst = 0.00778551 / average = 0.717541 (Wall 0.346153s, CPU 0.345517s)
Info    : No ill-shaped tets in the mesh :-)
Info    : 0.00 < quality < 0.10 :      1557 elements
Info    : 0.10 < quality < 0.20 :      1354 elements
Info    : 0.20 < quality < 0.30 :      1576 elements
Info    : 0.30 < quality < 0.40 :      3624 elements
Info    : 0.40 < quality < 0.50 :      4734 elements
Info    : 0.50 < quality < 0.60 :      8209 elements
Info    : 0.60 < quality < 0.70 :     13073 elements
Info    : 0.70 < quality < 0.80 :     21610 elements
Info    : 0.80 < quality < 0.90 :     28511 elements
Info    : 0.90 < quality < 1.00 :     13771 elements
Info    : dtOptimizeMeshGRegion()() volume 1 : Optimize netgen
Info    : Extract outter faces of tetrahedra
Info    : Optimizing volume 2
Info    : CalcLocalH: 21788 Points 98607 Elements 22542 Surface Elements 
Info    : Remove Illegal Elements 
Info    : 1666 illegal tets 
Info    : SplitImprove 
Info    : badmax = 2448.31 
Info    : 322 splits performed 
Info    : SwapImprove  
Info    : 361 swaps performed 
Info    : SwapImprove2  
Info    : 36 swaps performed 
Info    : 833 illegal tets 
Info    : SplitImprove 
Info    : badmax = 4042.52 
Info    : 202 splits performed 
Info    : SwapImprove  
Info    : 158 swaps performed 
Info    : SwapImprove2  
Info    : 52 swaps performed 
Info    : 138 illegal tets 
Info    : SplitImprove 
Info    : badmax = 2262.83 
Info    : 48 splits performed 
Info    : SwapImprove  
Info    : 29 swaps performed 
Info    : SwapImprove2  
Info    : 6 swaps performed 
Info    : 14 illegal tets 
Info    : SplitImprove 
Info    : badmax = 2425.59 
Info    : 6 splits performed 
Info    : SwapImprove  
Info    : 3 swaps performed 
Info    : SwapImprove2  
Info    : 1 swaps performed 
Info    : 0 illegal tets 
Info    : Volume Optimization 
Info    : CombineImprove 
Info    : 835 elements combined 
Info    : ImproveMesh 
Info    : Total badness = 176022 
Info    : Total badness = 163667 
Info    : SplitImprove 
Info    : badmax = 505.741 
Info    : 14 splits performed 
Info    : ImproveMesh 
Info    : Total badness = 163799 
Info    : Total badness = 162443 
Info    : SwapImprove  
Info    : 6344 swaps performed 
Info    : SwapImprove2  
Info    : 27 swaps performed 
Info    : ImproveMesh 
Info    : Total badness = 150286 
Info    : Total badness = 146295 
Info    : CombineImprove 
Info    : 181 elements combined 
Info    : ImproveMesh 
Info    : Total badness = 144579 
Info    : Total badness = 144191 
Info    : SplitImprove 
Info    : badmax = 443.086 
Info    : 4 splits performed 
Info    : ImproveMesh 
Info    : Total badness = 144236 
Info    : Total badness = 144165 
Info    : SwapImprove  
Info    : 1362 swaps performed 
Info    : SwapImprove2  
Info    : 12 swaps performed 
Info    : ImproveMesh 
Info    : Total badness = 142385 
Info    : Total badness = 141397 
Info    : CombineImprove 
Info    : 47 elements combined 
Info    : ImproveMesh 
Info    : Total badness = 140978 
Info    : Total badness = 140896 
Info    : SplitImprove 
Info    : badmax = 218.925 
Info    : 6 splits performed 
Info    : ImproveMesh 
Info    : Total badness = 140942 
Info    : Total badness = 140912 
Info    : SwapImprove  
Info    : 589 swaps performed 
Info    : SwapImprove2  
Info    : 7 swaps performed 
Info    : ImproveMesh 
Info    : Total badness = 140311 
Info    : Total badness = 139936 
Info    : dtOptimizeMeshGRegion()() volume 1
Info    : dtOptimizeMeshGRegion()() volume 1 : Optimize gmsh
Info    : Optimizing volume 1
Info    : Optimization starts (volume = 5.46645) with worst = 0.010251 / average = 0.782563:
Info    : 0.00 < quality < 0.10 :      1638 elements
Info    : 0.10 < quality < 0.20 :       946 elements
Info    : 0.20 < quality < 0.30 :      1321 elements
Info    : 0.30 < quality < 0.40 :      1436 elements
Info    : 0.40 < quality < 0.50 :      1833 elements
Info    : 0.50 < quality < 0.60 :      3650 elements
Info    : 0.60 < quality < 0.70 :      7927 elements
Info    : 0.70 < quality < 0.80 :     16477 elements
Info    : 0.80 < quality < 0.90 :     31366 elements
Info    : 0.90 < quality < 1.00 :     24449 elements
Info    : 556 edge swaps, 1377 node relocations (volume = 5.46645): worst = 0.0127584 / average = 0.778742 (Wall 0.0902042s, CPU 0.090052s)
Info    : 902 edge swaps, 2384 node relocations (volume = 5.46645): worst = 0.0132235 / average = 0.778249 (Wall 0.173335s, CPU 0.17305s)
Info    : 1063 edge swaps, 3078 node relocations (volume = 5.46645): worst = 0.0132235 / average = 0.778229 (Wall 0.255778s, CPU 0.255366s)
Info    : No ill-shaped tets in the mesh :-)
Info    : 0.00 < quality < 0.10 :      1600 elements
Info    : 0.10 < quality < 0.20 :      1165 elements
Info    : 0.20 < quality < 0.30 :      1417 elements
Info    : 0.30 < quality < 0.40 :      1602 elements
Info    : 0.40 < quality < 0.50 :      1859 elements
Info    : 0.50 < quality < 0.60 :      3658 elements
Info    : 0.60 < quality < 0.70 :      7650 elements
Info    : 0.70 < quality < 0.80 :     16066 elements
Info    : 0.80 < quality < 0.90 :     31173 elements
Info    : 0.90 < quality < 1.00 :     24669 elements
Info    : dtOptimizeMeshGRegion()() volume 1 : Optimize netgen
Info    : Extract outter faces of tetrahedra
Info    : Optimizing volume 2
Info    : CalcLocalH: 21327 Points 91339 Elements 22542 Surface Elements 
Info    : Remove Illegal Elements 
Info    : 39 illegal tets 
Info    : SplitImprove 
Info    : badmax = 1609.28 
Info    : 14 splits performed 
Info    : SwapImprove  
Info    : 9 swaps performed 
Info    : SwapImprove2  
Info    : 0 swaps performed 
Info    : 5 illegal tets 
Info    : SplitImprove 
Info    : badmax = 895.145 
Info    : 1 splits performed 
Info    : SwapImprove  
Info    : 1 swaps performed 
Info    : SwapImprove2  
Info    : 0 swaps performed 
Info    : 4 illegal tets 
Info    : SplitImprove 
Info    : badmax = 895.145 
Info    : 1 splits performed 
Info    : SwapImprove  
Info    : 0 swaps performed 
Info    : SwapImprove2  
Info    : 1 swaps performed 
Info    : 0 illegal tets 
Info    : Volume Optimization 
Info    : CombineImprove 
Info    : 81 elements combined 
Info    : ImproveMesh 
Info    : Total badness = 146163 
Info    : Total badness = 143519 
Info    : SplitImprove 
Info    : badmax = 482.303 
Info    : 11 splits performed 
Info    : ImproveMesh 
Info    : Total badness = 143685 
Info    : Total badness = 143532 
Info    : SwapImprove  
Info    : 883 swaps performed 
Info    : SwapImprove2  
Info    : 25 swaps performed 
Info    : ImproveMesh 
Info    : Total badness = 141449 
Info    : Total badness = 140561 
Info    : CombineImprove 
Info    : 17 elements combined 
Info    : ImproveMesh 
Info    : Total badness = 140411 
Info    : Total badness = 140369 
Info    : SplitImprove 
Info    : badmax = 319.463 
Info    : 5 splits performed 
Info    : ImproveMesh 
Info    : Total badness = 140416 
Info    : Total badness = 140406 
Info    : SwapImprove  
Info    : 404 swaps performed 
Info    : SwapImprove2  
Info    : 5 swaps performed 
Info    : ImproveMesh 
Info    : Total badness = 139711 
Info    : Total badness = 139451 
Info    : CombineImprove 
Info    : 10 elements combined 
Info    : ImproveMesh 
Info    : Total badness = 139363 
Info    : Total badness = 139347 
Info    : SplitImprove 
Info    : badmax = 383.12 
Info    : 2 splits performed 
Info    : ImproveMesh 
Info    : Total badness = 139377 
Info    : Total badness = 139367 
Info    : SwapImprove  
Info    : 212 swaps performed 
Info    : SwapImprove2  
Info    : 8 swaps performed 
Info    : ImproveMesh 
Info    : Total badness = 139167 
Info    : Total badness = 138989 
Info    : dtOptimizeMeshGRegion()() volume 1
Info    : dtOptimizeMeshGRegion()() volume 1 : Optimize gmsh
Info    : Optimizing volume 1
Info    : Optimization starts (volume = 5.46645) with worst = 0.0134008 / average = 0.783605:
Info    : 0.00 < quality < 0.10 :      1629 elements
Info    : 0.10 < quality < 0.20 :       930 elements
Info    : 0.20 < quality < 0.30 :      1313 elements
Info    : 0.30 < quality < 0.40 :      1445 elements
Info    : 0.40 < quality < 0.50 :      1783 elements
Info    : 0.50 < quality < 0.60 :      3599 elements
Info    : 0.60 < quality < 0.70 :      7833 elements
Info    : 0.70 < quality < 0.80 :     16289 elements
Info    : 0.80 < quality < 0.90 :     30931 elements
Info    : 0.90 < quality < 1.00 :     24814 elements
Info    : 446 edge swaps, 1399 node relocations (volume = 5.46645): worst = 0.0134797 / average = 0.78071 (Wall 0.0862323s, CPU 0.086085s)
Info    : 714 edge swaps, 2207 node relocations (volume = 5.46645): worst = 0.0136233 / average = 0.780413 (Wall 0.166266s, CPU 0.165996s)
Info    : 821 edge swaps, 2821 node relocations (volume = 5.46645): worst = 0.0136233 / average = 0.780488 (Wall 0.246307s, CPU 0.245915s)
Info    : No ill-shaped tets in the mesh :-)
Info    : 0.00 < quality < 0.10 :      1614 elements
Info    : 0.10 < quality < 0.20 :      1152 elements
Info    : 0.20 < quality < 0.30 :      1412 elements
Info    : 0.30 < quality < 0.40 :      1543 elements
Info    : 0.40 < quality < 0.50 :      1824 elements
Info    : 0.50 < quality < 0.60 :      3521 elements
Info    : 0.60 < quality < 0.70 :      7496 elements
Info    : 0.70 < quality < 0.80 :     15969 elements
Info    : 0.80 < quality < 0.90 :     30948 elements
Info    : 0.90 < quality < 1.00 :     24993 elements
Info    : dtOptimizeMeshGRegion()() volume 1 : Optimize netgen
Info    : Extract outter faces of tetrahedra
Info    : Optimizing volume 2
Info    : CalcLocalH: 21253 Points 90790 Elements 22542 Surface Elements 
Info    : Remove Illegal Elements 
Info    : 42 illegal tets 
Info    : SplitImprove 
Info    : badmax = 1286.94 
Info    : 12 splits performed 
Info    : SwapImprove  
Info    : 3 swaps performed 
Info    : SwapImprove2  
Info    : 0 swaps performed 
Info    : 10 illegal tets 
Info    : SplitImprove 
Info    : badmax = 836.051 
Info    : 3 splits performed 
Info    : SwapImprove  
Info    : 1 swaps performed 
Info    : SwapImprove2  
Info    : 0 swaps performed 
Info    : 3 illegal tets 
Info    : SplitImprove 
Info    : badmax = 836.051 
Info    : 1 splits performed 
Info    : SwapImprove  
Info    : 1 swaps performed 
Info    : SwapImprove2  
Info    : 0 swaps performed 
Info    : 0 illegal tets 
Info    : Volume Optimization 
Info    : CombineImprove 
Info    : 42 elements combined 
Info    : ImproveMesh 
Info    : Total badness = 144565 
Info    : Total badness = 142024 
Info    : SplitImprove 
Info    : badmax = 426.404 
Info    : 15 splits performed 
Info    : ImproveMesh 
Info    : Total badness = 142252 
Info    : Total badness = 142124 
Info    : SwapImprove  
Info    : 638 swaps performed 
Info    : SwapImprove2  
Info    : 24 swaps performed 
Info    : ImproveMesh 
Info    : Total badness = 140502 
Info    : Total badness = 139840 
Info    : CombineImprove 
Info    : 2 elements combined 
Info    : ImproveMesh 
Info    : Total badness = 139806 
Info    : Total badness = 139784 
Info    : SplitImprove 
Info    : badmax = 245.592 
Info    : 9 splits performed 
Info    : ImproveMesh 
Info    : Total badness = 139839 
Info    : Total badness = 139825 
Info    : SwapImprove  
Info    : 270 swaps performed 
Info    : SwapImprove2  
Info    : 8 swaps performed 
Info    : ImproveMesh 
Info    : Total badness = 139361 
Info    : Total badness = 139154 
Info    : CombineImprove 
Info    : 3 elements combined 
Info    : ImproveMesh 
Info    : Total badness = 139099 
Info    : Total badness = 139092 
Info    : SplitImprove 
Info    : badmax = 195.71 
Info    : 7 splits performed 
Info    : ImproveMesh 
Info    : Total badness = 139159 
Info    : Total badness = 139148 
Info    : SwapImprove  
Info    : 150 swaps performed 
Info    : SwapImprove2  
Info    : 2 swaps performed 
Info    : ImproveMesh 
Info    : Total badness = 138918 
Info    : Total badness = 138792 
Debug   : vH = 379 / nTets = 6 / pp.size() = 6 / 1.720769 0.468119 1.453576 -> 1.720857 0.469588 1.459518 / dir = -1.000000 / l_pyr = 0.012244
Debug   : vH = 371 / nTets = 6 / pp.size() = 6 / 1.681961 0.460130 1.456101 -> 1.682047 0.461574 1.461993 / dir = -1.000000 / l_pyr = 0.012135
Debug   : vH = 364 / nTets = 8 / pp.size() = 8 / 1.632416 0.449843 1.459309 -> 1.632500 0.451255 1.465141 / dir = -1.000000 / l_pyr = 0.012001
Debug   : vH = 358 / nTets = 4 / pp.size() = 4 / 1.570619 0.436869 1.463288 -> 1.570702 0.438236 1.469044 / dir = -1.000000 / l_pyr = 0.011832
Debug   : vH = 351 / nTets = 4 / pp.size() = 4 / 1.495734 0.420928 1.468076 -> 1.495818 0.422235 1.473739 / dir = -1.000000 / l_pyr = 0.011626
Debug   : vH = 345 / nTets = 4 / pp.size() = 4 / 1.408088 0.401963 1.473628 -> 1.408173 0.403193 1.479195 / dir = -1.000000 / l_pyr = 0.011404
Debug   : vH = 336 / nTets = 4 / pp.size() = 4 / 1.309561 0.380232 1.479803 -> 1.309653 0.381366 1.485263 / dir = -1.000000 / l_pyr = 0.011156
Debug   : vH = 331 / nTets = 4 / pp.size() = 4 / 1.203696 0.356372 1.486356 -> 1.203797 0.357393 1.491708 / dir = -1.000000 / l_pyr = 0.010898
Debug   : vH = 324 / nTets = 4 / pp.size() = 4 / 1.095306 0.331375 1.492973 -> 1.095421 0.332268 1.498223 / dir = -1.000000 / l_pyr = 0.010653
Debug   : vH = 317 / nTets = 6 / pp.size() = 6 / 0.989681 0.306435 1.499328 -> 0.989813 0.307194 1.504487 / dir = -1.000000 / l_pyr = 0.010434
Debug   : vH = 310 / nTets = 4 / pp.size() = 4 / 0.891600 0.282734 1.505140 -> 0.891752 0.283360 1.510221 / dir = -1.000000 / l_pyr = 0.010243
Debug   : vH = 305 / nTets = 4 / pp.size() = 4 / 0.804524 0.261228 1.510226 -> 0.804697 0.261729 1.515239 / dir = -1.000000 / l_pyr = 0.010082
Debug   : vH = 297 / nTets = 4 / pp.size() = 4 / 0.730262 0.242526 1.514506 -> 0.730455 0.242915 1.519466 / dir = -1.000000 / l_pyr = 0.009958
Debug   : vH = 290 / nTets = 4 / pp.size() = 4 / 0.669078 0.226856 1.517989 -> 0.669289 0.227149 1.522905 / dir = -1.000000 / l_pyr = 0.009858
Debug   : vH = 284 / nTets = 4 / pp.size() = 4 / 0.620090 0.214131 1.520750 -> 0.620316 0.214346 1.525632 / dir = -1.000000 / l_pyr = 0.009785
Debug   : vH = 274 / nTets = 6 / pp.size() = 6 / 0.581761 0.204064 1.522891 -> 0.582000 0.204216 1.527752 / dir = -1.000000 / l_pyr = 0.009737
Debug   : vH = 7997 / nTets = 6 / pp.size() = 6 / 1.717586 0.479583 1.450517 -> 1.717621 0.481295 1.456395 / dir = -1.000000 / l_pyr = 0.012245
Debug   : vH = 7996 / nTets = 4 / pp.size() = 4 / 1.678766 0.471499 1.453085 -> 1.678801 0.473186 1.458916 / dir = -1.000000 / l_pyr = 0.012141
Debug   : vH = 7995 / nTets = 4 / pp.size() = 4 / 1.629207 0.461095 1.456353 -> 1.629240 0.462748 1.462124 / dir = -1.000000 / l_pyr = 0.012008
Debug   : vH = 7994 / nTets = 6 / pp.size() = 6 / 1.567387 0.447975 1.460412 -> 1.567419 0.449583 1.466113 / dir = -1.000000 / l_pyr = 0.011846
Debug   : vH = 7993 / nTets = 8 / pp.size() = 8 / 1.492471 0.431857 1.465308 -> 1.492505 0.433404 1.470926 / dir = -1.000000 / l_pyr = 0.011653
Debug   : vH = 7992 / nTets = 4 / pp.size() = 4 / 1.404786 0.412689 1.471002 -> 1.404824 0.414157 1.476526 / dir = -1.000000 / l_pyr = 0.011432
Debug   : vH = 7991 / nTets = 4 / pp.size() = 4 / 1.306213 0.390735 1.477355 -> 1.306256 0.392106 1.482780 / dir = -1.000000 / l_pyr = 0.011192
Debug   : vH = 7990 / nTets = 8 / pp.size() = 8 / 1.200297 0.366641 1.484125 -> 1.200352 0.367897 1.489449 / dir = -1.000000 / l_pyr = 0.010942
Debug   : vH = 7989 / nTets = 4 / pp.size() = 4 / 1.091858 0.341410 1.490990 -> 1.091927 0.342537 1.496218 / dir = -1.000000 / l_pyr = 0.010697
Debug   : vH = 7987 / nTets = 4 / pp.size() = 4 / 0.986191 0.316253 1.497613 -> 0.986278 0.317245 1.502753 / dir = -1.000000 / l_pyr = 0.010472
Debug   : vH = 7986 / nTets = 8 / pp.size() = 8 / 0.888082 0.292363 1.503699 -> 0.888190 0.293220 1.508764 / dir = -1.000000 / l_pyr = 0.010274
Debug   : vH = 7985 / nTets = 6 / pp.size() = 6 / 0.800989 0.270695 1.509051 -> 0.801119 0.271425 1.514051 / dir = -1.000000 / l_pyr = 0.010109
Debug   : vH = 7984 / nTets = 6 / pp.size() = 6 / 0.726722 0.251862 1.513573 -> 0.726872 0.252479 1.518520 / dir = -1.000000 / l_pyr = 0.009976
Debug   : vH = 7983 / nTets = 4 / pp.size() = 4 / 0.665544 0.236090 1.517268 -> 0.665712 0.236610 1.522174 / dir = -1.000000 / l_pyr = 0.009873
Debug   : vH = 7982 / nTets = 6 / pp.size() = 6 / 0.616568 0.223286 1.520206 -> 0.616752 0.223727 1.525079 / dir = -1.000000 / l_pyr = 0.009793
Debug   : vH = 7979 / nTets = 4 / pp.size() = 4 / 0.578254 0.213163 1.522491 -> 0.578451 0.213540 1.527339 / dir = -1.000000 / l_pyr = 0.009734
Debug   : vH = 7975 / nTets = 4 / pp.size() = 4 / 1.714368 0.490879 1.446871 -> 1.714331 0.492925 1.452662 / dir = -1.000000 / l_pyr = 0.012283
Debug   : vH = 7972 / nTets = 8 / pp.size() = 8 / 1.675538 0.482708 1.449485 -> 1.675500 0.484727 1.455231 / dir = -1.000000 / l_pyr = 0.012181
Debug   : vH = 7970 / nTets = 4 / pp.size() = 4 / 1.625960 0.472191 1.452815 -> 1.625922 0.474173 1.458506 / dir = -1.000000 / l_pyr = 0.012051
Debug   : vH = 7968 / nTets = 4 / pp.size() = 4 / 1.564114 0.458932 1.456960 -> 1.564076 0.460865 1.462584 / dir = -1.000000 / l_pyr = 0.011893
Debug   : vH = 7966 / nTets = 4 / pp.size() = 4 / 1.489162 0.442647 1.461970 -> 1.489127 0.444515 1.467515 / dir = -1.000000 / l_pyr = 0.011703
Debug   : vH = 7964 / nTets = 4 / pp.size() = 4 / 1.401433 0.423285 1.467813 -> 1.401402 0.425070 1.473270 / dir = -1.000000 / l_pyr = 0.011484
Debug   : vH = 7962 / nTets = 6 / pp.size() = 6 / 1.302806 0.401119 1.474352 -> 1.302783 0.402801 1.479717 / dir = -1.000000 / l_pyr = 0.011246
Debug   : vH = 7960 / nTets = 4 / pp.size() = 4 / 1.196834 0.376802 1.481346 -> 1.196824 0.378363 1.486618 / dir = -1.000000 / l_pyr = 0.010997
Debug   : vH = 7958 / nTets = 4 / pp.size() = 4 / 1.088340 0.351350 1.488469 -> 1.088347 0.352775 1.493652 / dir = -1.000000 / l_pyr = 0.010750
Debug   : vH = 7956 / nTets = 6 / pp.size() = 6 / 0.982623 0.325985 1.495371 -> 0.982649 0.327268 1.500472 / dir = -1.000000 / l_pyr = 0.010521
Debug   : vH = 7954 / nTets = 4 / pp.size() = 4 / 0.884475 0.301909 1.501741 -> 0.884523 0.303051 1.506772 / dir = -1.000000 / l_pyr = 0.010318
Debug   : vH = 7952 / nTets = 4 / pp.size() = 4 / 0.797355 0.280084 1.507366 -> 0.797427 0.281094 1.512338 / dir = -1.000000 / l_pyr = 0.010148
Debug   : vH = 7950 / nTets = 4 / pp.size() = 4 / 0.723074 0.261123 1.512139 -> 0.723168 0.262015 1.517062 / dir = -1.000000 / l_pyr = 0.010009
Debug   : vH = 7948 / nTets = 4 / pp.size() = 4 / 0.661892 0.245249 1.516052 -> 0.662005 0.246041 1.520938 / dir = -1.000000 / l_pyr = 0.009901
Debug   : vH = 7946 / nTets = 4 / pp.size() = 4 / 0.612918 0.232368 1.519173 -> 0.613048 0.233077 1.524028 / dir = -1.000000 / l_pyr = 0.009816
Debug   : vH = 7943 / nTets = 6 / pp.size() = 6 / 0.574612 0.222185 1.521606 -> 0.574755 0.222828 1.526437 / dir = -1.000000 / l_pyr = 0.009752
Debug   : vH = 7939 / nTets = 4 / pp.size() = 4 / 1.711151 0.501902 1.442441 -> 1.711013 0.504381 1.448054 / dir = -1.000000 / l_pyr = 0.012275
Debug   : vH = 7937 / nTets = 4 / pp.size() = 4 / 1.672307 0.493649 1.445105 -> 1.672168 0.496098 1.450678 / dir = -1.000000 / l_pyr = 0.012178
Debug   : vH = 7935 / nTets = 4 / pp.size() = 4 / 1.622709 0.483027 1.448504 -> 1.622572 0.485436 1.454027 / dir = -1.000000 / l_pyr = 0.012054
Debug   : vH = 7933 / nTets = 4 / pp.size() = 4 / 1.560832 0.469638 1.452742 -> 1.560696 0.471993 1.458206 / dir = -1.000000 / l_pyr = 0.011903
Debug   : vH = 7931 / nTets = 4 / pp.size() = 4 / 1.485840 0.453199 1.457876 -> 1.485709 0.455482 1.463271 / dir = -1.000000 / l_pyr = 0.011720
Debug   : vH = 7929 / nTets = 4 / pp.size() = 4 / 1.398061 0.433658 1.463879 -> 1.397936 0.435851 1.469197 / dir = -1.000000 / l_pyr = 0.011507
Debug   : vH = 7927 / nTets = 6 / pp.size() = 6 / 1.299374 0.411295 1.470620 -> 1.299260 0.413377 1.475857 / dir = -1.000000 / l_pyr = 0.011275
Debug   : vH = 7925 / nTets = 4 / pp.size() = 4 / 1.193337 0.386773 1.477856 -> 1.193237 0.388724 1.483013 / dir = -1.000000 / l_pyr = 0.011029
Debug   : vH = 7923 / nTets = 4 / pp.size() = 4 / 1.084778 0.361116 1.485255 -> 1.084698 0.362922 1.490335 / dir = -1.000000 / l_pyr = 0.010784
Debug   : vH = 7921 / nTets = 4 / pp.size() = 4 / 0.979000 0.335559 1.492454 -> 0.978943 0.337212 1.497465 / dir = -1.000000 / l_pyr = 0.010554
Debug   : vH = 7918 / nTets = 4 / pp.size() = 4 / 0.880800 0.311311 1.499127 -> 0.880769 0.312814 1.504079 / dir = -1.000000 / l_pyr = 0.010349
Debug   : vH = 7916 / nTets = 4 / pp.size() = 4 / 0.793643 0.289341 1.505044 -> 0.793637 0.290702 1.509947 / dir = -1.000000 / l_pyr = 0.010176
Debug   : vH = 7914 / nTets = 4 / pp.size() = 4 / 0.719336 0.270261 1.510082 -> 0.719354 0.271496 1.514944 / dir = -1.000000 / l_pyr = 0.010035
Debug   : vH = 7912 / nTets = 4 / pp.size() = 4 / 0.658138 0.254293 1.514226 -> 0.658177 0.255421 1.519057 / dir = -1.000000 / l_pyr = 0.009923
Debug   : vH = 7910 / nTets = 6 / pp.size() = 6 / 0.609157 0.241338 1.517540 -> 0.609214 0.242379 1.522346 / dir = -1.000000 / l_pyr = 0.009836
Debug   : vH = 7907 / nTets = 4 / pp.size() = 4 / 0.570849 0.231098 1.520129 -> 0.570920 0.232070 1.524915 / dir = -1.000000 / l_pyr = 0.009769
Debug   : vH = 7901 / nTets = 8 / pp.size() = 8 / 1.707994 0.512466 1.436971 -> 1.707717 0.515521 1.442304 / dir = -1.000000 / l_pyr = 0.012305
Debug   : vH = 7899 / nTets = 4 / pp.size() = 4 / 1.669133 0.504142 1.439692 -> 1.668857 0.507162 1.444992 / dir = -1.000000 / l_pyr = 0.012213
Debug   : vH = 7897 / nTets = 4 / pp.size() = 4 / 1.619511 0.493428 1.443170 -> 1.619238 0.496401 1.448429 / dir = -1.000000 / l_pyr = 0.012095
Debug   : vH = 7895 / nTets = 4 / pp.size() = 4 / 1.557599 0.479925 1.447514 -> 1.557329 0.482836 1.452724 / dir = -1.000000 / l_pyr = 0.011949
Debug   : vH = 7892 / nTets = 6 / pp.size() = 6 / 1.482561 0.463350 1.452788 -> 1.482297 0.466180 1.457942 / dir = -1.000000 / l_pyr = 0.011772
Debug   : vH = 7890 / nTets = 4 / pp.size() = 4 / 1.394723 0.443654 1.458971 -> 1.394470 0.446380 1.464064 / dir = -1.000000 / l_pyr = 0.011563
Debug   : vH = 7887 / nTets = 4 / pp.size() = 4 / 1.295967 0.421119 1.465937 -> 1.295728 0.423720 1.470965 / dir = -1.000000 / l_pyr = 0.011333
Debug   : vH = 7885 / nTets = 4 / pp.size() = 4 / 1.189854 0.396420 1.473440 -> 1.189633 0.398874 1.478406 / dir = -1.000000 / l_pyr = 0.011087
Debug   : vH = 7883 / nTets = 4 / pp.size() = 4 / 1.081217 0.370587 1.481145 -> 1.081021 0.372879 1.486051 / dir = -1.000000 / l_pyr = 0.010839
Debug   : vH = 7881 / nTets = 6 / pp.size() = 6 / 0.975365 0.344863 1.488671 -> 0.975195 0.346988 1.493525 / dir = -1.000000 / l_pyr = 0.010604
Debug   : vH = 7878 / nTets = 6 / pp.size() = 6 / 0.877099 0.320468 1.495675 -> 0.876959 0.322427 1.500486 / dir = -1.000000 / l_pyr = 0.010393
Debug   : vH = 7876 / nTets = 6 / pp.size() = 6 / 0.789890 0.298373 1.501909 -> 0.789778 0.300178 1.506684 / dir = -1.000000 / l_pyr = 0.010213
Debug   : vH = 7874 / nTets = 4 / pp.size() = 4 / 0.715543 0.279190 1.507235 -> 0.715458 0.280859 1.511982 / dir = -1.000000 / l_pyr = 0.010065
Debug   : vH = 7870 / nTets = 6 / pp.size() = 6 / 0.654316 0.263141 1.511629 -> 0.654254 0.264694 1.516354 / dir = -1.000000 / l_pyr = 0.009948
Debug   : vH = 7867 / nTets = 6 / pp.size() = 6 / 0.605316 0.250122 1.515152 -> 0.605275 0.251580 1.519859 / dir = -1.000000 / l_pyr = 0.009855
Debug   : vH = 7864 / nTets = 6 / pp.size() = 6 / 0.566996 0.239833 1.517909 -> 0.566971 0.241216 1.522601 / dir = -1.000000 / l_pyr = 0.009784
Debug   : vH = 7859 / nTets = 4 / pp.size() = 4 / 1.705006 0.522257 1.430132 -> 1.704539 0.526056 1.434959 / dir = -1.000000 / l_pyr = 0.012320
Debug   : vH = 7855 / nTets = 6 / pp.size() = 6 / 1.666124 0.513878 1.432922 -> 1.665660 0.517635 1.437728 / dir = -1.000000 / l_pyr = 0.012236
Debug   : vH = 7853 / nTets = 4 / pp.size() = 4 / 1.616472 0.503094 1.436494 -> 1.616013 0.506794 1.441275 / dir = -1.000000 / l_pyr = 0.012127
Debug   : vH = 7851 / nTets = 4 / pp.size() = 4 / 1.554517 0.489504 1.440962 -> 1.554065 0.493131 1.445715 / dir = -1.000000 / l_pyr = 0.011991
Debug   : vH = 7849 / nTets = 4 / pp.size() = 4 / 1.479422 0.472828 1.446399 -> 1.478980 0.476358 1.451120 / dir = -1.000000 / l_pyr = 0.011823
Debug   : vH = 7845 / nTets = 8 / pp.size() = 8 / 1.391515 0.453014 1.452793 -> 1.391087 0.456424 1.457479 / dir = -1.000000 / l_pyr = 0.011622
Debug   : vH = 7842 / nTets = 6 / pp.size() = 6 / 1.292676 0.430351 1.460016 -> 1.292267 0.433617 1.464668 / dir = -1.000000 / l_pyr = 0.011397
Debug   : vH = 7840 / nTets = 6 / pp.size() = 6 / 1.186470 0.405520 1.467826 -> 1.186085 0.408618 1.472446 / dir = -1.000000 / l_pyr = 0.011152
Debug   : vH = 7836 / nTets = 6 / pp.size() = 6 / 1.077739 0.379557 1.475876 -> 1.077383 0.382471 1.480469 / dir = -1.000000 / l_pyr = 0.010901
Debug   : vH = 7834 / nTets = 4 / pp.size() = 4 / 0.971793 0.353713 1.483771 -> 0.971471 0.356437 1.488340 / dir = -1.000000 / l_pyr = 0.010660
Debug   : vH = 7830 / nTets = 4 / pp.size() = 4 / 0.873443 0.329210 1.491146 -> 0.873155 0.331749 1.495698 / dir = -1.000000 / l_pyr = 0.010441
Debug   : vH = 7827 / nTets = 4 / pp.size() = 4 / 0.786162 0.307025 1.497733 -> 0.785907 0.309392 1.502272 / dir = -1.000000 / l_pyr = 0.010252
Debug   : vH = 7825 / nTets = 4 / pp.size() = 4 / 0.711759 0.287768 1.503379 -> 0.711534 0.289985 1.507908 / dir = -1.000000 / l_pyr = 0.010095
Debug   : vH = 7823 / nTets = 4 / pp.size() = 4 / 0.650488 0.271659 1.508050 -> 0.650290 0.273748 1.512572 / dir = -1.000000 / l_pyr = 0.009971
Debug   : vH = 7821 / nTets = 4 / pp.size() = 4 / 0.601455 0.258594 1.511802 -> 0.601280 0.260579 1.516318 / dir = -1.000000 / l_pyr = 0.009872
Debug   : vH = 7818 / nTets = 4 / pp.size() = 4 / 0.563113 0.248268 1.514745 -> 0.562955 0.250170 1.519256 / dir = -1.000000 / l_pyr = 0.009795
Debug   : vH = 7811 / nTets = 8 / pp.size() = 8 / 1.702385 0.530673 1.421574 -> 1.701667 0.535376 1.425500 / dir = -1.000000 / l_pyr = 0.012335
Debug   : vH = 7809 / nTets = 6 / pp.size() = 6 / 1.663475 0.522272 1.424446 -> 1.662762 0.526924 1.428375 / dir = -1.000000 / l_pyr = 0.012262
Debug   : vH = 7805 / nTets = 6 / pp.size() = 6 / 1.613782 0.511459 1.428129 -> 1.613078 0.516044 1.432063 / dir = -1.000000 / l_pyr = 0.012165
Debug   : vH = 7803 / nTets = 6 / pp.size() = 6 / 1.551772 0.497833 1.432746 -> 1.551078 0.502331 1.436687 / dir = -1.000000 / l_pyr = 0.012041
Debug   : vH = 7801 / nTets = 4 / pp.size() = 4 / 1.476605 0.481115 1.438376 -> 1.475927 0.485501 1.442327 / dir = -1.000000 / l_pyr = 0.011885
Debug   : vH = 7798 / nTets = 4 / pp.size() = 4 / 1.388609 0.461254 1.445014 -> 1.387951 0.465500 1.448979 / dir = -1.000000 / l_pyr = 0.011693
Debug   : vH = 7796 / nTets = 4 / pp.size() = 4 / 1.289666 0.438541 1.452537 -> 1.289032 0.442620 1.456521 / dir = -1.000000 / l_pyr = 0.011472
Debug   : vH = 7792 / nTets = 6 / pp.size() = 6 / 1.183344 0.413661 1.460699 -> 1.182742 0.417548 1.464705 / dir = -1.000000 / l_pyr = 0.011228
Debug   : vH = 7790 / nTets = 6 / pp.size() = 6 / 1.074492 0.387652 1.469145 -> 1.073927 0.391330 1.473176 / dir = -1.000000 / l_pyr = 0.010972
Debug   : vH = 7788 / nTets = 4 / pp.size() = 4 / 0.968428 0.361765 1.477458 -> 0.967903 0.365229 1.481515 / dir = -1.000000 / l_pyr = 0.010721
Debug   : vH = 7786 / nTets = 4 / pp.size() = 4 / 0.869969 0.337226 1.485253 -> 0.869483 0.340482 1.489336 / dir = -1.000000 / l_pyr = 0.010490
Debug   : vH = 7783 / nTets = 6 / pp.size() = 6 / 0.782593 0.315012 1.492237 -> 0.782147 0.318077 1.496345 / dir = -1.000000 / l_pyr = 0.010289
Debug   : vH = 7781 / nTets = 4 / pp.size() = 4 / 0.708111 0.295732 1.498242 -> 0.707700 0.298629 1.502371 / dir = -1.000000 / l_pyr = 0.010120
Debug   : vH = 7779 / nTets = 4 / pp.size() = 4 / 0.646777 0.279605 1.503222 -> 0.646396 0.282360 1.507368 / dir = -1.000000 / l_pyr = 0.009985
Debug   : vH = 7777 / nTets = 4 / pp.size() = 4 / 0.597696 0.266525 1.507231 -> 0.597341 0.269164 1.511391 / dir = -1.000000 / l_pyr = 0.009878
Debug   : vH = 7773 / nTets = 6 / pp.size() = 6 / 0.559317 0.256186 1.510380 -> 0.558982 0.258734 1.514549 / dir = -1.000000 / l_pyr = 0.009794
Debug   : vH = 732 / nTets = 8 / pp.size() = 8 / 1.700442 0.536800 1.411151 -> 1.699444 0.542371 1.413623 / dir = -1.000000 / l_pyr = 0.012352
Debug   : vH = 723 / nTets = 6 / pp.size() = 6 / 1.661492 0.528428 1.414114 -> 1.660501 0.533948 1.416625 / dir = -1.000000 / l_pyr = 0.012288
Debug   : vH = 718 / nTets = 6 / pp.size() = 6 / 1.611743 0.517652 1.417919 -> 1.610762 0.523104 1.420480 / dir = -1.000000 / l_pyr = 0.012207
Debug   : vH = 710 / nTets = 4 / pp.size() = 4 / 1.549660 0.504073 1.422697 -> 1.548692 0.509434 1.425319 / dir = -1.000000 / l_pyr = 0.012093
Debug   : vH = 705 / nTets = 4 / pp.size() = 4 / 1.474397 0.487411 1.428537 -> 1.473447 0.492658 1.431235 / dir = -1.000000 / l_pyr = 0.011953
Debug   : vH = 697 / nTets = 4 / pp.size() = 4 / 1.386282 0.467617 1.435442 -> 1.385355 0.472720 1.438228 / dir = -1.000000 / l_pyr = 0.011774
Debug   : vH = 687 / nTets = 4 / pp.size() = 4 / 1.287202 0.444980 1.443294 -> 1.286306 0.449906 1.446176 / dir = -1.000000 / l_pyr = 0.011555
Debug   : vH = 681 / nTets = 6 / pp.size() = 6 / 1.180729 0.420182 1.451842 -> 1.179869 0.424909 1.454830 / dir = -1.000000 / l_pyr = 0.011316
Debug   : vH = 675 / nTets = 4 / pp.size() = 4 / 1.071720 0.394263 1.460717 -> 1.070901 0.398773 1.463814 / dir = -1.000000 / l_pyr = 0.011064
Debug   : vH = 667 / nTets = 6 / pp.size() = 6 / 0.965504 0.368465 1.469487 -> 0.964730 0.372748 1.472686 / dir = -1.000000 / l_pyr = 0.010803
Debug   : vH = 662 / nTets = 4 / pp.size() = 4 / 0.866900 0.344008 1.477741 -> 0.866171 0.348070 1.481034 / dir = -1.000000 / l_pyr = 0.010561
Debug   : vH = 655 / nTets = 4 / pp.size() = 4 / 0.779397 0.321867 1.485160 -> 0.778711 0.325726 1.488537 / dir = -1.000000 / l_pyr = 0.010347
Debug   : vH = 647 / nTets = 4 / pp.size() = 4 / 0.704807 0.302649 1.491557 -> 0.704160 0.306330 1.495002 / dir = -1.000000 / l_pyr = 0.010167
Debug   : vH = 640 / nTets = 8 / pp.size() = 8 / 0.643384 0.286572 1.496874 -> 0.642770 0.290103 1.500376 / dir = -1.000000 / l_pyr = 0.010021
Debug   : vH = 633 / nTets = 6 / pp.size() = 6 / 0.594233 0.273532 1.501163 -> 0.593647 0.276942 1.504711 / dir = -1.000000 / l_pyr = 0.009911
Debug   : vH = 624 / nTets = 4 / pp.size() = 4 / 0.555800 0.263223 1.504537 -> 0.555236 0.266535 1.508117 / dir = -1.000000 / l_pyr = 0.009821
Debug   : vH = 497 / nTets = 6 / pp.size() = 6 / 1.726399 -0.446481 0.971938 -> 1.726447 -0.447016 0.967596 / dir = -1.000000 / l_pyr = 0.008749
Debug   : vH = 492 / nTets = 4 / pp.size() = 4 / 1.687820 -0.437687 0.970470 -> 1.687869 -0.438199 0.966122 / dir = -1.000000 / l_pyr = 0.008758
Debug   : vH = 484 / nTets = 6 / pp.size() = 6 / 1.638583 -0.426343 0.968634 -> 1.638635 -0.426823 0.964279 / dir = -1.000000 / l_pyr = 0.008764
Debug   : vH = 478 / nTets = 4 / pp.size() = 4 / 1.577200 -0.412005 0.966403 -> 1.577257 -0.412439 0.962047 / dir = -1.000000 / l_pyr = 0.008757
Debug   : vH = 470 / nTets = 4 / pp.size() = 4 / 1.502855 -0.394346 0.963790 -> 1.502920 -0.394717 0.959434 / dir = -1.000000 / l_pyr = 0.008745
Debug   : vH = 463 / nTets = 8 / pp.size() = 8 / 1.415882 -0.373269 0.960860 -> 1.415959 -0.373554 0.956513 / dir = -1.000000 / l_pyr = 0.008714
Debug   : vH = 455 / nTets = 4 / pp.size() = 4 / 1.318176 -0.349029 0.957739 -> 1.318270 -0.349206 0.953411 / dir = -1.000000 / l_pyr = 0.008666
Debug   : vH = 449 / nTets = 4 / pp.size() = 4 / 1.213259 -0.322313 0.954597 -> 1.213377 -0.322358 0.950299 / dir = -1.000000 / l_pyr = 0.008600
Debug   : vH = 441 / nTets = 4 / pp.size() = 4 / 1.105911 -0.294204 0.951617 -> 1.106058 -0.294099 0.947358 / dir = -1.000000 / l_pyr = 0.008527
Debug   : vH = 435 / nTets = 4 / pp.size() = 4 / 1.001368 -0.266040 0.948956 -> 1.001549 -0.265774 0.944743 / dir = -1.000000 / l_pyr = 0.008450
Debug   : vH = 430 / nTets = 4 / pp.size() = 4 / 0.904345 -0.239163 0.946712 -> 0.904564 -0.238736 0.942552 / dir = -1.000000 / l_pyr = 0.008375
Debug   : vH = 422 / nTets = 4 / pp.size() = 4 / 0.818261 -0.214688 0.944912 -> 0.818518 -0.214109 0.940804 / dir = -1.000000 / l_pyr = 0.008313
Debug   : vH = 416 / nTets = 4 / pp.size() = 4 / 0.744887 -0.193337 0.943527 -> 0.745179 -0.192621 0.939469 / dir = -1.000000 / l_pyr = 0.008263
Debug   : vH = 410 / nTets = 4 / pp.size() = 4 / 0.684457 -0.175395 0.942496 -> 0.684781 -0.174563 0.938484 / dir = -1.000000 / l_pyr = 0.008221
Debug   : vH = 401 / nTets = 4 / pp.size() = 4 / 0.636086 -0.160795 0.941744 -> 0.636438 -0.159867 0.937765 / dir = -1.000000 / l_pyr = 0.008203
Debug   : vH = 394 / nTets = 4 / pp.size() = 4 / 0.598252 -0.149222 0.941204 -> 0.598626 -0.148217 0.937255 / dir = -1.000000 / l_pyr = 0.008182
Debug   : vH = 5926 / nTets = 4 / pp.size() = 4 / 1.724212 -0.454833 0.973393 -> 1.724167 -0.455784 0.969111 / dir = -1.000000 / l_pyr = 0.008774
Debug   : vH = 5925 / nTets = 4 / pp.size() = 4 / 1.685617 -0.446050 0.971888 -> 1.685574 -0.446979 0.967596 / dir = -1.000000 / l_pyr = 0.008783
Debug   : vH = 5924 / nTets = 4 / pp.size() = 4 / 1.636358 -0.434716 0.969996 -> 1.636317 -0.435613 0.965693 / dir = -1.000000 / l_pyr = 0.008792
Debug   : vH = 5923 / nTets = 4 / pp.size() = 4 / 1.574950 -0.420384 0.967685 -> 1.574914 -0.421234 0.963369 / dir = -1.000000 / l_pyr = 0.008798
Debug   : vH = 5922 / nTets = 8 / pp.size() = 8 / 1.500579 -0.402725 0.964961 -> 1.500550 -0.403510 0.960637 / dir = -1.000000 / l_pyr = 0.008789
Debug   : vH = 5921 / nTets = 4 / pp.size() = 4 / 1.413575 -0.381639 0.961880 -> 1.413559 -0.382337 0.957555 / dir = -1.000000 / l_pyr = 0.008763
Debug   : vH = 5920 / nTets = 8 / pp.size() = 8 / 1.315842 -0.357375 0.958560 -> 1.315843 -0.357961 0.954240 / dir = -1.000000 / l_pyr = 0.008719
Debug   : vH = 5919 / nTets = 4 / pp.size() = 4 / 1.210911 -0.330617 0.955170 -> 1.210935 -0.331067 0.950866 / dir = -1.000000 / l_pyr = 0.008656
Debug   : vH = 5918 / nTets = 6 / pp.size() = 6 / 1.103559 -0.302451 0.951899 -> 1.103613 -0.302745 0.947619 / dir = -1.000000 / l_pyr = 0.008581
Debug   : vH = 5917 / nTets = 6 / pp.size() = 6 / 0.999026 -0.274214 0.948915 -> 0.999115 -0.274342 0.944669 / dir = -1.000000 / l_pyr = 0.008499
Debug   : vH = 5916 / nTets = 4 / pp.size() = 4 / 0.902029 -0.247254 0.946335 -> 0.902156 -0.247214 0.942127 / dir = -1.000000 / l_pyr = 0.008420
Debug   : vH = 5915 / nTets = 4 / pp.size() = 4 / 0.815984 -0.222694 0.944207 -> 0.816149 -0.222495 0.940039 / dir = -1.000000 / l_pyr = 0.008351
Debug   : vH = 5914 / nTets = 4 / pp.size() = 4 / 0.742664 -0.201264 0.942520 -> 0.742866 -0.200923 0.938391 / dir = -1.000000 / l_pyr = 0.008296
Debug   : vH = 5913 / nTets = 4 / pp.size() = 4 / 0.682290 -0.183251 0.941222 -> 0.682525 -0.182787 0.937128 / dir = -1.000000 / l_pyr = 0.008254
Debug   : vH = 5912 / nTets = 4 / pp.size() = 4 / 0.633974 -0.168592 0.940246 -> 0.634237 -0.168027 0.936181 / dir = -1.000000 / l_pyr = 0.008224
Debug   : vH = 5910 / nTets = 6 / pp.size() = 6 / 0.596194 -0.156972 0.939522 -> 0.596480 -0.156327 0.935482 / dir = -1.000000 / l_pyr = 0.008203
Debug   : vH = 5906 / nTets = 4 / pp.size() = 4 / 1.722022 -0.463012 0.975708 -> 1.721882 -0.464385 0.971533 / dir = -1.000000 / l_pyr = 0.008794
Debug   : vH = 5902 / nTets = 8 / pp.size() = 8 / 1.683408 -0.454247 0.974163 -> 1.683270 -0.455597 0.969975 / dir = -1.000000 / l_pyr = 0.008806
Debug   : vH = 5900 / nTets = 6 / pp.size() = 6 / 1.634126 -0.442932 0.972216 -> 1.633989 -0.444250 0.968010 / dir = -1.000000 / l_pyr = 0.008819
Debug   : vH = 5898 / nTets = 6 / pp.size() = 6 / 1.572688 -0.428619 0.969825 -> 1.572556 -0.429891 0.965599 / dir = -1.000000 / l_pyr = 0.008830
Debug   : vH = 5896 / nTets = 4 / pp.size() = 4 / 1.498282 -0.410977 0.966988 -> 1.498157 -0.412184 0.962742 / dir = -1.000000 / l_pyr = 0.008831
Debug   : vH = 5894 / nTets = 4 / pp.size() = 4 / 1.411243 -0.389901 0.963753 -> 1.411130 -0.391019 0.959494 / dir = -1.000000 / l_pyr = 0.008810
Debug   : vH = 5892 / nTets = 4 / pp.size() = 4 / 1.313475 -0.365636 0.960230 -> 1.313379 -0.366639 0.955963 / dir = -1.000000 / l_pyr = 0.008769
Debug   : vH = 5890 / nTets = 4 / pp.size() = 4 / 1.208514 -0.338861 0.956585 -> 1.208442 -0.339724 0.952318 / dir = -1.000000 / l_pyr = 0.008707
Debug   : vH = 5888 / nTets = 4 / pp.size() = 4 / 1.101145 -0.310662 0.953012 -> 1.101103 -0.311364 0.948755 / dir = -1.000000 / l_pyr = 0.008629
Debug   : vH = 5886 / nTets = 4 / pp.size() = 4 / 0.996610 -0.282380 0.949693 -> 0.996603 -0.282907 0.945455 / dir = -1.000000 / l_pyr = 0.008542
Debug   : vH = 5884 / nTets = 4 / pp.size() = 4 / 0.899626 -0.255363 0.946764 -> 0.899659 -0.255716 0.942550 / dir = -1.000000 / l_pyr = 0.008458
Debug   : vH = 5882 / nTets = 6 / pp.size() = 6 / 0.813610 -0.230743 0.944294 -> 0.813681 -0.230929 0.940108 / dir = -1.000000 / l_pyr = 0.008382
Debug   : vH = 5880 / nTets = 6 / pp.size() = 6 / 0.740329 -0.209253 0.942290 -> 0.740438 -0.209291 0.938132 / dir = -1.000000 / l_pyr = 0.008320
Debug   : vH = 5878 / nTets = 6 / pp.size() = 6 / 0.680000 -0.191186 0.940714 -> 0.680143 -0.191095 0.936581 / dir = -1.000000 / l_pyr = 0.008272
Debug   : vH = 5876 / nTets = 8 / pp.size() = 8 / 0.631730 -0.176482 0.939502 -> 0.631902 -0.176286 0.935392 / dir = -1.000000 / l_pyr = 0.008237
Debug   : vH = 5873 / nTets = 6 / pp.size() = 6 / 0.593993 -0.164825 0.938586 -> 0.594189 -0.164545 0.934495 / dir = -1.000000 / l_pyr = 0.008212
Debug   : vH = 5867 / nTets = 4 / pp.size() = 4 / 1.719872 -0.470915 0.978891 -> 1.719634 -0.472713 0.974888 / dir = -1.000000 / l_pyr = 0.008791
Debug   : vH = 5864 / nTets = 4 / pp.size() = 4 / 1.681236 -0.462175 0.977310 -> 1.680999 -0.463952 0.973288 / dir = -1.000000 / l_pyr = 0.008808
Debug   : vH = 5862 / nTets = 4 / pp.size() = 4 / 1.631925 -0.450891 0.975309 -> 1.631690 -0.452637 0.971262 / dir = -1.000000 / l_pyr = 0.008827
Debug   : vH = 5860 / nTets = 6 / pp.size() = 6 / 1.570453 -0.436612 0.972839 -> 1.570221 -0.438312 0.968764 / dir = -1.000000 / l_pyr = 0.008844
Debug   : vH = 5858 / nTets = 4 / pp.size() = 4 / 1.496005 -0.419004 0.969889 -> 1.495780 -0.420642 0.965781 / dir = -1.000000 / l_pyr = 0.008857
Debug   : vH = 5855 / nTets = 6 / pp.size() = 6 / 1.408921 -0.397959 0.966499 -> 1.408706 -0.399508 0.962362 / dir = -1.000000 / l_pyr = 0.008846
Debug   : vH = 5851 / nTets = 4 / pp.size() = 4 / 1.311106 -0.373717 0.962769 -> 1.310909 -0.375150 0.958608 / dir = -1.000000 / l_pyr = 0.008810
Debug   : vH = 5849 / nTets = 6 / pp.size() = 6 / 1.206104 -0.346955 0.958863 -> 1.205930 -0.348244 0.954685 / dir = -1.000000 / l_pyr = 0.008751
Debug   : vH = 5845 / nTets = 6 / pp.size() = 6 / 1.098704 -0.318753 0.954979 -> 1.098560 -0.319877 0.950793 / dir = -1.000000 / l_pyr = 0.008673
Debug   : vH = 5842 / nTets = 8 / pp.size() = 8 / 0.994151 -0.290454 0.951314 -> 0.994044 -0.291397 0.947128 / dir = -1.000000 / l_pyr = 0.008585
Debug   : vH = 5840 / nTets = 4 / pp.size() = 4 / 0.897167 -0.263410 0.948022 -> 0.897099 -0.264171 0.943844 / dir = -1.000000 / l_pyr = 0.008496
Debug   : vH = 5838 / nTets = 4 / pp.size() = 4 / 0.811164 -0.238755 0.945195 -> 0.811137 -0.239342 0.941029 / dir = -1.000000 / l_pyr = 0.008415
Debug   : vH = 5836 / nTets = 6 / pp.size() = 6 / 0.737908 -0.217229 0.942860 -> 0.737920 -0.217659 0.938709 / dir = -1.000000 / l_pyr = 0.008347
Debug   : vH = 5834 / nTets = 6 / pp.size() = 6 / 0.677611 -0.199128 0.940991 -> 0.677658 -0.199423 0.936854 / dir = -1.000000 / l_pyr = 0.008294
Debug   : vH = 5832 / nTets = 4 / pp.size() = 4 / 0.629377 -0.184394 0.939532 -> 0.629454 -0.184578 0.935409 / dir = -1.000000 / l_pyr = 0.008255
Debug   : vH = 5829 / nTets = 4 / pp.size() = 4 / 0.591674 -0.172712 0.938415 -> 0.591777 -0.172808 0.934304 / dir = -1.000000 / l_pyr = 0.008226
Debug   : vH = 5825 / nTets = 4 / pp.size() = 4 / 1.717787 -0.478436 0.982954 -> 1.717450 -0.480665 0.979166 / dir = -1.000000 / l_pyr = 0.008816
Debug   : vH = 5822 / nTets = 4 / pp.size() = 4 / 1.679126 -0.469732 0.981340 -> 1.678788 -0.471940 0.977527 / dir = -1.000000 / l_pyr = 0.008838
Debug   : vH = 5820 / nTets = 4 / pp.size() = 4 / 1.629783 -0.458490 0.979288 -> 1.629446 -0.460669 0.975445 / dir = -1.000000 / l_pyr = 0.008862
Debug   : vH = 5817 / nTets = 4 / pp.size() = 4 / 1.568271 -0.444259 0.976743 -> 1.567936 -0.446396 0.972862 / dir = -1.000000 / l_pyr = 0.008885
Debug   : vH = 5815 / nTets = 6 / pp.size() = 6 / 1.493773 -0.426705 0.973684 -> 1.493444 -0.428782 0.969759 / dir = -1.000000 / l_pyr = 0.008905
Debug   : vH = 5813 / nTets = 4 / pp.size() = 4 / 1.406635 -0.405715 0.970140 -> 1.406315 -0.407707 0.966170 / dir = -1.000000 / l_pyr = 0.008907
Debug   : vH = 5811 / nTets = 4 / pp.size() = 4 / 1.308763 -0.381525 0.966204 -> 1.308459 -0.383401 0.962194 / dir = -1.000000 / l_pyr = 0.008875
Debug   : vH = 5808 / nTets = 4 / pp.size() = 4 / 1.203706 -0.354805 0.962034 -> 1.203425 -0.356536 0.957989 / dir = -1.000000 / l_pyr = 0.008818
Debug   : vH = 5806 / nTets = 6 / pp.size() = 6 / 1.096259 -0.326634 0.957833 -> 1.096008 -0.328196 0.953761 / dir = -1.000000 / l_pyr = 0.008738
Debug   : vH = 5804 / nTets = 4 / pp.size() = 4 / 0.991673 -0.298352 0.953812 -> 0.991459 -0.299728 0.949720 / dir = -1.000000 / l_pyr = 0.008644
Debug   : vH = 5801 / nTets = 4 / pp.size() = 4 / 0.894671 -0.271312 0.950143 -> 0.894497 -0.272499 0.946041 / dir = -1.000000 / l_pyr = 0.008549
Debug   : vH = 5799 / nTets = 4 / pp.size() = 4 / 0.808665 -0.246653 0.946945 -> 0.808534 -0.247659 0.942838 / dir = -1.000000 / l_pyr = 0.008460
Debug   : vH = 5796 / nTets = 4 / pp.size() = 4 / 0.735419 -0.225116 0.944263 -> 0.735328 -0.225958 0.940157 / dir = -1.000000 / l_pyr = 0.008384
Debug   : vH = 5793 / nTets = 4 / pp.size() = 4 / 0.675141 -0.207003 0.942087 -> 0.675086 -0.207704 0.937984 / dir = -1.000000 / l_pyr = 0.008325
Debug   : vH = 5791 / nTets = 8 / pp.size() = 8 / 0.626930 -0.192256 0.940368 -> 0.626906 -0.192841 0.936270 / dir = -1.000000 / l_pyr = 0.008280
Debug   : vH = 5787 / nTets = 4 / pp.size() = 4 / 0.589251 -0.180564 0.939039 -> 0.589254 -0.181054 0.934945 / dir = -1.000000 / l_pyr = 0.008246
Debug   : vH = 5781 / nTets = 8 / pp.size() = 8 / 1.715798 -0.485487 0.987873 -> 1.715366 -0.488116 0.984349 / dir = -1.000000 / l_pyr = 0.008835
Debug   : vH = 5778 / nTets = 8 / pp.size() = 8 / 1.677109 -0.476825 0.986229 -> 1.676675 -0.479437 0.982677 / dir = -1.000000 / l_pyr = 0.008860
Debug   : vH = 5776 / nTets = 4 / pp.size() = 4 / 1.627730 -0.465636 0.984132 -> 1.627296 -0.468222 0.980544 / dir = -1.000000 / l_pyr = 0.008888
Debug   : vH = 5774 / nTets = 6 / pp.size() = 6 / 1.566172 -0.451469 0.981518 -> 1.565739 -0.454017 0.977885 / dir = -1.000000 / l_pyr = 0.008917
Debug   : vH = 5771 / nTets = 4 / pp.size() = 4 / 1.491619 -0.433986 0.978357 -> 1.491189 -0.436479 0.974670 / dir = -1.000000 / l_pyr = 0.008942
Debug   : vH = 5769 / nTets = 6 / pp.size() = 6 / 1.404417 -0.413074 0.974667 -> 1.403995 -0.415487 0.970920 / dir = -1.000000 / l_pyr = 0.008954
Debug   : vH = 5766 / nTets = 6 / pp.size() = 6 / 1.306478 -0.388962 0.970528 -> 1.306070 -0.391262 0.966726 / dir = -1.000000 / l_pyr = 0.008925
Debug   : vH = 5763 / nTets = 6 / pp.size() = 6 / 1.201352 -0.362316 0.966095 -> 1.200966 -0.364473 0.962240 / dir = -1.000000 / l_pyr = 0.008868
Debug   : vH = 5761 / nTets = 4 / pp.size() = 4 / 1.093844 -0.334210 0.961575 -> 1.093487 -0.336196 0.957672 / dir = -1.000000 / l_pyr = 0.008787
Debug   : vH = 5759 / nTets = 4 / pp.size() = 4 / 0.989208 -0.305980 0.957191 -> 0.988888 -0.307779 0.953249 / dir = -1.000000 / l_pyr = 0.008689
Debug   : vH = 5756 / nTets = 4 / pp.size() = 4 / 0.892170 -0.278981 0.953137 -> 0.891891 -0.280586 0.949164 / dir = -1.000000 / l_pyr = 0.008588
Debug   : vH = 5754 / nTets = 8 / pp.size() = 8 / 0.806144 -0.254349 0.949555 -> 0.805908 -0.255768 0.945560 / dir = -1.000000 / l_pyr = 0.008493
Debug   : vH = 5752 / nTets = 4 / pp.size() = 4 / 0.732890 -0.232830 0.946514 -> 0.732695 -0.234081 0.942503 / dir = -1.000000 / l_pyr = 0.008412
Debug   : vH = 5750 / nTets = 4 / pp.size() = 4 / 0.672616 -0.214729 0.944019 -> 0.672458 -0.215833 0.939997 / dir = -1.000000 / l_pyr = 0.008347
Debug   : vH = 5748 / nTets = 4 / pp.size() = 4 / 0.624414 -0.199990 0.942029 -> 0.624289 -0.200973 0.938001 / dir = -1.000000 / l_pyr = 0.008297
Debug   : vH = 5745 / nTets = 8 / pp.size() = 8 / 0.586748 -0.188303 0.940478 -> 0.586650 -0.189188 0.936445 / dir = -1.000000 / l_pyr = 0.008260
Debug   : vH = 5739 / nTets = 4 / pp.size() = 4 / 1.713947 -0.491964 0.993578 -> 1.713426 -0.494955 0.990378 / dir = -1.000000 / l_pyr = 0.008822
Debug   : vH = 5737 / nTets = 4 / pp.size() = 4 / 1.675227 -0.483351 0.991911 -> 1.674704 -0.486328 0.988681 / dir = -1.000000 / l_pyr = 0.008849
Debug   : vH = 5733 / nTets = 6 / pp.size() = 6 / 1.625809 -0.472223 0.989777 -> 1.625285 -0.475179 0.986506 / dir = -1.000000 / l_pyr = 0.008880
Debug   : vH = 5731 / nTets = 4 / pp.size() = 4 / 1.564201 -0.458131 0.987103 -> 1.563676 -0.461053 0.983781 / dir = -1.000000 / l_pyr = 0.008911
Debug   : vH = 5729 / nTets = 4 / pp.size() = 4 / 1.489587 -0.440736 0.983849 -> 1.489063 -0.443609 0.980465 / dir = -1.000000 / l_pyr = 0.008940
Debug   : vH = 5726 / nTets = 6 / pp.size() = 6 / 1.402315 -0.419920 0.980021 -> 1.401796 -0.422721 0.976565 / dir = -1.000000 / l_pyr = 0.008956
Debug   : vH = 5723 / nTets = 4 / pp.size() = 4 / 1.304298 -0.395912 0.975688 -> 1.303791 -0.398604 0.972163 / dir = -1.000000 / l_pyr = 0.008929
Debug   : vH = 5721 / nTets = 6 / pp.size() = 6 / 1.199092 -0.369371 0.970999 -> 1.198606 -0.371923 0.967403 / dir = -1.000000 / l_pyr = 0.008872
Debug   : vH = 5719 / nTets = 4 / pp.size() = 4 / 1.091507 -0.341365 0.966162 -> 1.091050 -0.343749 0.962499 / dir = -1.000000 / l_pyr = 0.008789
Debug   : vH = 5716 / nTets = 6 / pp.size() = 6 / 0.986804 -0.313225 0.961414 -> 0.986382 -0.315421 0.957690 / dir = -1.000000 / l_pyr = 0.008689
Debug   : vH = 5714 / nTets = 4 / pp.size() = 4 / 0.889713 -0.286303 0.956971 -> 0.889331 -0.288305 0.953194 / dir = -1.000000 / l_pyr = 0.008584
Debug   : vH = 5712 / nTets = 4 / pp.size() = 4 / 0.803647 -0.261735 0.952999 -> 0.803309 -0.263549 0.949179 / dir = -1.000000 / l_pyr = 0.008486
Debug   : vH = 5709 / nTets = 4 / pp.size() = 4 / 0.730368 -0.240267 0.949592 -> 0.730071 -0.241910 0.945737 / dir = -1.000000 / l_pyr = 0.008401
Debug   : vH = 5706 / nTets = 6 / pp.size() = 6 / 0.670080 -0.222206 0.946769 -> 0.669821 -0.223700 0.942887 / dir = -1.000000 / l_pyr = 0.008334
Debug   : vH = 5704 / nTets = 4 / pp.size() = 4 / 0.621872 -0.207499 0.944501 -> 0.621647 -0.208869 0.940599 / dir = -1.000000 / l_pyr = 0.008283
Debug   : vH = 5701 / nTets = 4 / pp.size() = 4 / 0.584207 -0.195835 0.942720 -> 0.584009 -0.197106 0.938804 / dir = -1.000000 / l_pyr = 0.008245
Debug   : vH = 5697 / nTets = 4 / pp.size() = 4 / 1.712267 -0.497762 1.000016 -> 1.711660 -0.501101 0.997189 / dir = -1.000000 / l_pyr = 0.008833
Debug   : vH = 5695 / nTets = 4 / pp.size() = 4 / 1.673516 -0.489203 0.998334 -> 1.672905 -0.492532 0.995474 / dir = -1.000000 / l_pyr = 0.008861
Debug   : vH = 5693 / nTets = 4 / pp.size() = 4 / 1.624058 -0.478143 0.996170 -> 1.623444 -0.481454 0.993267 / dir = -1.000000 / l_pyr = 0.008893
Debug   : vH = 5690 / nTets = 6 / pp.size() = 6 / 1.562397 -0.464134 0.993445 -> 1.561781 -0.467417 0.990486 / dir = -1.000000 / l_pyr = 0.008926
Debug   : vH = 5687 / nTets = 6 / pp.size() = 6 / 1.487717 -0.446839 0.990109 -> 1.487100 -0.450080 0.987081 / dir = -1.000000 / l_pyr = 0.008956
Debug   : vH = 5684 / nTets = 4 / pp.size() = 4 / 1.400368 -0.426139 0.986155 -> 1.399754 -0.429314 0.983045 / dir = -1.000000 / l_pyr = 0.008972
Debug   : vH = 5682 / nTets = 6 / pp.size() = 6 / 1.302264 -0.402259 0.981639 -> 1.301660 -0.405330 0.978445 / dir = -1.000000 / l_pyr = 0.008944
Debug   : vH = 5680 / nTets = 4 / pp.size() = 4 / 1.196966 -0.375853 0.976703 -> 1.196381 -0.378788 0.973420 / dir = -1.000000 / l_pyr = 0.008884
Debug   : vH = 5676 / nTets = 6 / pp.size() = 6 / 1.089291 -0.347982 0.971556 -> 1.088732 -0.350752 0.968185 / dir = -1.000000 / l_pyr = 0.008798
Debug   : vH = 5674 / nTets = 6 / pp.size() = 6 / 0.984502 -0.319971 0.966448 -> 0.983979 -0.322556 0.962993 / dir = -1.000000 / l_pyr = 0.008694
Debug   : vH = 5672 / nTets = 4 / pp.size() = 4 / 0.887338 -0.293168 0.961616 -> 0.886854 -0.295560 0.958084 / dir = -1.000000 / l_pyr = 0.008586
Debug   : vH = 5669 / nTets = 4 / pp.size() = 4 / 0.801213 -0.268705 0.957252 -> 0.800772 -0.270908 0.953653 / dir = -1.000000 / l_pyr = 0.008485
Debug   : vH = 5667 / nTets = 4 / pp.size() = 4 / 0.727888 -0.247326 0.953473 -> 0.727489 -0.249357 0.949819 / dir = -1.000000 / l_pyr = 0.008400
Debug   : vH = 5665 / nTets = 4 / pp.size() = 4 / 0.667567 -0.229339 0.950319 -> 0.667208 -0.231219 0.946619 / dir = -1.000000 / l_pyr = 0.008332
Debug   : vH = 5661 / nTets = 4 / pp.size() = 4 / 0.619338 -0.214690 0.947767 -> 0.619012 -0.216446 0.944032 / dir = -1.000000 / l_pyr = 0.008281
Debug   : vH = 5657 / nTets = 8 / pp.size() = 8 / 0.581659 -0.203073 0.945754 -> 0.581360 -0.204727 0.941991 / dir = -1.000000 / l_pyr = 0.008243
Debug   : vH = 5652 / nTets = 4 / pp.size() = 4 / 1.710793 -0.502786 1.007133 -> 1.710105 -0.506433 1.004731 / dir = -1.000000 / l_pyr = 0.008841
Debug   : vH = 5648 / nTets = 4 / pp.size() = 4 / 1.672010 -0.494283 1.005442 -> 1.671318 -0.497924 1.003005 / dir = -1.000000 / l_pyr = 0.008870
Debug   : vH = 5646 / nTets = 6 / pp.size() = 6 / 1.622509 -0.483295 1.003258 -> 1.621813 -0.486924 1.000776 / dir = -1.000000 / l_pyr = 0.008903
Debug   : vH = 5644 / nTets = 4 / pp.size() = 4 / 1.560794 -0.469378 1.000494 -> 1.560093 -0.472985 0.997951 / dir = -1.000000 / l_pyr = 0.008937
Debug   : vH = 5642 / nTets = 4 / pp.size() = 4 / 1.486045 -0.452195 0.997089 -> 1.485340 -0.455767 0.994471 / dir = -1.000000 / l_pyr = 0.008968
Debug   : vH = 5640 / nTets = 4 / pp.size() = 4 / 1.398614 -0.431627 0.993021 -> 1.397910 -0.435141 0.990313 / dir = -1.000000 / l_pyr = 0.008985
Debug   : vH = 5637 / nTets = 4 / pp.size() = 4 / 1.300416 -0.407897 0.988336 -> 1.299720 -0.411316 0.985529 / dir = -1.000000 / l_pyr = 0.008955
Debug   : vH = 5634 / nTets = 6 / pp.size() = 6 / 1.195015 -0.381657 0.983165 -> 1.194335 -0.384947 0.980251 / dir = -1.000000 / l_pyr = 0.008894
Debug   : vH = 5632 / nTets = 6 / pp.size() = 6 / 1.087234 -0.353959 0.977718 -> 1.086578 -0.357091 0.974694 / dir = -1.000000 / l_pyr = 0.008805
Debug   : vH = 5630 / nTets = 4 / pp.size() = 4 / 0.982343 -0.326122 0.972258 -> 0.981721 -0.329073 0.969124 / dir = -1.000000 / l_pyr = 0.008699
Debug   : vH = 5628 / nTets = 4 / pp.size() = 4 / 0.885085 -0.299484 0.967042 -> 0.884503 -0.302246 0.963804 / dir = -1.000000 / l_pyr = 0.008590
Debug   : vH = 5625 / nTets = 6 / pp.size() = 6 / 0.798880 -0.275171 0.962289 -> 0.798339 -0.277747 0.958958 / dir = -1.000000 / l_pyr = 0.008489
Debug   : vH = 5623 / nTets = 4 / pp.size() = 4 / 0.725488 -0.253924 0.958140 -> 0.724989 -0.256329 0.954730 / dir = -1.000000 / l_pyr = 0.008405
Debug   : vH = 5620 / nTets = 6 / pp.size() = 6 / 0.665115 -0.236048 0.954653 -> 0.664655 -0.238304 0.951177 / dir = -1.000000 / l_pyr = 0.008339
Debug   : vH = 5618 / nTets = 4 / pp.size() = 4 / 0.616846 -0.221490 0.951817 -> 0.616419 -0.223621 0.948288 / dir = -1.000000 / l_pyr = 0.008289
Debug   : vH = 5614 / nTets = 6 / pp.size() = 6 / 0.579136 -0.209944 0.949569 -> 0.578738 -0.211975 0.945998 / dir = -1.000000 / l_pyr = 0.008254
Debug   : vH = 5609 / nTets = 4 / pp.size() = 4 / 1.709551 -0.506968 1.014821 -> 1.708798 -0.510858 1.012863 / dir = -1.000000 / l_pyr = 0.008839
Debug   : vH = 5607 / nTets = 8 / pp.size() = 8 / 1.670736 -0.498523 1.013128 -> 1.669977 -0.502410 1.011135 / dir = -1.000000 / l_pyr = 0.008867
Debug   : vH = 5604 / nTets = 4 / pp.size() = 4 / 1.621195 -0.487610 1.010933 -> 1.620429 -0.491490 1.008894 / dir = -1.000000 / l_pyr = 0.008899
Debug   : vH = 5602 / nTets = 8 / pp.size() = 8 / 1.559425 -0.473789 1.008141 -> 1.558653 -0.477653 1.006039 / dir = -1.000000 / l_pyr = 0.008931
Debug   : vH = 5600 / nTets = 4 / pp.size() = 4 / 1.484605 -0.456726 1.004679 -> 1.483829 -0.460561 1.002499 / dir = -1.000000 / l_pyr = 0.008959
Debug   : vH = 5598 / nTets = 4 / pp.size() = 4 / 1.397090 -0.436304 1.000514 -> 1.396312 -0.440088 0.998237 / dir = -1.000000 / l_pyr = 0.008968
Debug   : vH = 5595 / nTets = 6 / pp.size() = 6 / 1.298792 -0.412746 0.995675 -> 1.298019 -0.416443 0.993289 / dir = -1.000000 / l_pyr = 0.008934
Debug   : vH = 5592 / nTets = 4 / pp.size() = 4 / 1.193280 -0.386700 0.990285 -> 1.192521 -0.390277 0.987777 / dir = -1.000000 / l_pyr = 0.008867
Debug   : vH = 5590 / nTets = 4 / pp.size() = 4 / 1.085381 -0.359213 0.984555 -> 1.084645 -0.362640 0.981917 / dir = -1.000000 / l_pyr = 0.008774
Debug   : vH = 5587 / nTets = 6 / pp.size() = 6 / 0.980373 -0.331591 0.978757 -> 0.979668 -0.334846 0.975987 / dir = -1.000000 / l_pyr = 0.008665
Debug   : vH = 5584 / nTets = 4 / pp.size() = 4 / 0.883004 -0.305165 0.973170 -> 0.882336 -0.308239 0.970271 / dir = -1.000000 / l_pyr = 0.008554
Debug   : vH = 5582 / nTets = 4 / pp.size() = 4 / 0.796697 -0.281050 0.968037 -> 0.796070 -0.283945 0.965022 / dir = -1.000000 / l_pyr = 0.008454
Debug   : vH = 5580 / nTets = 4 / pp.size() = 4 / 0.723218 -0.259978 0.963526 -> 0.722631 -0.262709 0.960410 / dir = -1.000000 / l_pyr = 0.008371
Debug   : vH = 5578 / nTets = 4 / pp.size() = 4 / 0.662773 -0.242252 0.959713 -> 0.662224 -0.244840 0.956511 / dir = -1.000000 / l_pyr = 0.008308
Debug   : vH = 5575 / nTets = 4 / pp.size() = 4 / 0.614446 -0.227818 0.956598 -> 0.613929 -0.230286 0.953326 / dir = -1.000000 / l_pyr = 0.008261
Debug   : vH = 5572 / nTets = 6 / pp.size() = 6 / 0.576691 -0.216372 0.954119 -> 0.576202 -0.218743 0.950792 / dir = -1.000000 / l_pyr = 0.008228
Debug   : vH = 5567 / nTets = 4 / pp.size() = 4 / 1.708559 -0.510270 1.022958 -> 1.707750 -0.514351 1.021466 / dir = -1.000000 / l_pyr = 0.008839
Debug   : vH = 5564 / nTets = 4 / pp.size() = 4 / 1.669714 -0.501882 1.021270 -> 1.668899 -0.505962 1.019743 / dir = -1.000000 / l_pyr = 0.008865
Debug   : vH = 5561 / nTets = 6 / pp.size() = 6 / 1.620132 -0.491044 1.019071 -> 1.619310 -0.495121 1.017498 / dir = -1.000000 / l_pyr = 0.008893
Debug   : vH = 5559 / nTets = 4 / pp.size() = 4 / 1.558309 -0.477321 1.016259 -> 1.557478 -0.481387 1.014624 / dir = -1.000000 / l_pyr = 0.008921
Debug   : vH = 5557 / nTets = 4 / pp.size() = 4 / 1.483420 -0.460383 1.012754 -> 1.482582 -0.464427 1.011037 / dir = -1.000000 / l_pyr = 0.008945
Debug   : vH = 5555 / nTets = 4 / pp.size() = 4 / 1.395819 -0.440118 1.008504 -> 1.394978 -0.444115 1.006687 / dir = -1.000000 / l_pyr = 0.008942
Debug   : vH = 5552 / nTets = 4 / pp.size() = 4 / 1.297418 -0.416749 1.003527 -> 1.296581 -0.420668 1.001593 / dir = -1.000000 / l_pyr = 0.008901
Debug   : vH = 5550 / nTets = 6 / pp.size() = 6 / 1.191789 -0.390922 0.997938 -> 1.190962 -0.394732 0.995867 / dir = -1.000000 / l_pyr = 0.008829
Debug   : vH = 5547 / nTets = 6 / pp.size() = 6 / 1.083763 -0.363678 0.991945 -> 1.082957 -0.367349 0.989725 / dir = -1.000000 / l_pyr = 0.008731
Debug   : vH = 5545 / nTets = 4 / pp.size() = 4 / 0.978625 -0.336312 0.985830 -> 0.977846 -0.339824 0.983455 / dir = -1.000000 / l_pyr = 0.008620
Debug   : vH = 5543 / nTets = 6 / pp.size() = 6 / 0.881128 -0.310142 0.979891 -> 0.880384 -0.313484 0.977366 / dir = -1.000000 / l_pyr = 0.008510
Debug   : vH = 5540 / nTets = 6 / pp.size() = 6 / 0.794702 -0.286268 0.974399 -> 0.793997 -0.289444 0.971734 / dir = -1.000000 / l_pyr = 0.008412
Debug   : vH = 5538 / nTets = 4 / pp.size() = 4 / 0.721117 -0.265415 0.969545 -> 0.720449 -0.268437 0.966755 / dir = -1.000000 / l_pyr = 0.008333
Debug   : vH = 5534 / nTets = 4 / pp.size() = 4 / 0.660582 -0.247878 0.965421 -> 0.659949 -0.250766 0.962526 / dir = -1.000000 / l_pyr = 0.008275
Debug   : vH = 5532 / nTets = 6 / pp.size() = 6 / 0.612180 -0.233601 0.962039 -> 0.611578 -0.236376 0.959058 / dir = -1.000000 / l_pyr = 0.008234
Debug   : vH = 5529 / nTets = 4 / pp.size() = 4 / 0.574365 -0.222280 0.959340 -> 0.573790 -0.224965 0.956291 / dir = -1.000000 / l_pyr = 0.008206
Debug   : vH = 5524 / nTets = 4 / pp.size() = 4 / 1.707844 -0.512632 1.031428 -> 1.706992 -0.516841 1.030445 / dir = -1.000000 / l_pyr = 0.008812
Debug   : vH = 5521 / nTets = 6 / pp.size() = 6 / 1.668971 -0.504298 1.029749 -> 1.668111 -0.508510 1.028732 / dir = -1.000000 / l_pyr = 0.008836
Debug   : vH = 5519 / nTets = 6 / pp.size() = 6 / 1.619351 -0.493534 1.027553 -> 1.618483 -0.497747 1.026491 / dir = -1.000000 / l_pyr = 0.008861
Debug   : vH = 5516 / nTets = 4 / pp.size() = 4 / 1.557476 -0.479910 1.024731 -> 1.556599 -0.484117 1.023607 / dir = -1.000000 / l_pyr = 0.008885
Debug   : vH = 5514 / nTets = 6 / pp.size() = 6 / 1.482519 -0.463101 1.021192 -> 1.481633 -0.467293 1.019986 / dir = -1.000000 / l_pyr = 0.008903
Debug   : vH = 5509 / nTets = 8 / pp.size() = 8 / 1.394834 -0.443000 1.016873 -> 1.393942 -0.447152 1.015562 / dir = -1.000000 / l_pyr = 0.008889
Debug   : vH = 5507 / nTets = 6 / pp.size() = 6 / 1.296329 -0.419836 1.011778 -> 1.295438 -0.423920 1.010340 / dir = -1.000000 / l_pyr = 0.008842
Debug   : vH = 5505 / nTets = 4 / pp.size() = 4 / 1.190577 -0.394252 1.006012 -> 1.189694 -0.398240 1.004422 / dir = -1.000000 / l_pyr = 0.008766
Debug   : vH = 5502 / nTets = 4 / pp.size() = 4 / 1.082417 -0.367284 0.999781 -> 1.081550 -0.371149 0.998024 / dir = -1.000000 / l_pyr = 0.008667
Debug   : vH = 5500 / nTets = 6 / pp.size() = 6 / 0.977136 -0.340214 0.993378 -> 0.976294 -0.343936 0.991444 / dir = -1.000000 / l_pyr = 0.008557
Debug   : vH = 5498 / nTets = 4 / pp.size() = 4 / 0.879497 -0.314343 0.987118 -> 0.878685 -0.317914 0.985009 / dir = -1.000000 / l_pyr = 0.008451
Debug   : vH = 5496 / nTets = 4 / pp.size() = 4 / 0.792935 -0.290758 0.981296 -> 0.792158 -0.294179 0.979022 / dir = -1.000000 / l_pyr = 0.008360
Debug   : vH = 5494 / nTets = 4 / pp.size() = 4 / 0.719226 -0.270167 0.976124 -> 0.718483 -0.273449 0.973704 / dir = -1.000000 / l_pyr = 0.008290
Debug   : vH = 5491 / nTets = 4 / pp.size() = 4 / 0.658582 -0.252858 0.971714 -> 0.657872 -0.256019 0.969168 / dir = -1.000000 / l_pyr = 0.008241
Debug   : vH = 5489 / nTets = 4 / pp.size() = 4 / 0.610089 -0.238771 0.968086 -> 0.609407 -0.241831 0.965437 / dir = -1.000000 / l_pyr = 0.008208
Debug   : vH = 5486 / nTets = 4 / pp.size() = 4 / 0.572200 -0.227604 0.965183 -> 0.571542 -0.230582 0.962452 / dir = -1.000000 / l_pyr = 0.008187
Debug   : vH = 5482 / nTets = 4 / pp.size() = 4 / 1.707426 -0.514000 1.040124 -> 1.706538 -0.518298 1.039663 / dir = -1.000000 / l_pyr = 0.008825
Debug   : vH = 5479 / nTets = 6 / pp.size() = 6 / 1.668527 -0.505719 1.038458 -> 1.667632 -0.510021 1.037964 / dir = -1.000000 / l_pyr = 0.008845
Debug   : vH = 5477 / nTets = 8 / pp.size() = 8 / 1.618872 -0.495027 1.036270 -> 1.617968 -0.499333 1.035732 / dir = -1.000000 / l_pyr = 0.008865
Debug   : vH = 5474 / nTets = 4 / pp.size() = 4 / 1.556949 -0.481501 1.033446 -> 1.556034 -0.485806 1.032845 / dir = -1.000000 / l_pyr = 0.008883
Debug   : vH = 5471 / nTets = 6 / pp.size() = 6 / 1.481927 -0.464824 1.029885 -> 1.481002 -0.469117 1.029201 / dir = -1.000000 / l_pyr = 0.008889
Debug   : vH = 5469 / nTets = 4 / pp.size() = 4 / 1.394158 -0.444897 1.025511 -> 1.393227 -0.449155 1.024718 / dir = -1.000000 / l_pyr = 0.008861
Debug   : vH = 5467 / nTets = 4 / pp.size() = 4 / 1.295549 -0.421953 1.020317 -> 1.294616 -0.426153 1.019387 / dir = -1.000000 / l_pyr = 0.008805
Debug   : vH = 5465 / nTets = 4 / pp.size() = 4 / 1.189673 -0.396637 1.014398 -> 1.188745 -0.400754 1.013303 / dir = -1.000000 / l_pyr = 0.008720
Debug   : vH = 5463 / nTets = 4 / pp.size() = 4 / 1.081371 -0.369977 1.007960 -> 1.080456 -0.373987 1.006680 / dir = -1.000000 / l_pyr = 0.008615
Debug   : vH = 5461 / nTets = 4 / pp.size() = 4 / 0.975938 -0.343243 1.001302 -> 0.975044 -0.347127 0.999824 / dir = -1.000000 / l_pyr = 0.008503
Debug   : vH = 5459 / nTets = 4 / pp.size() = 4 / 0.878144 -0.317718 0.994758 -> 0.877277 -0.321469 0.993081 / dir = -1.000000 / l_pyr = 0.008399
Debug   : vH = 5457 / nTets = 4 / pp.size() = 4 / 0.791432 -0.294467 0.988642 -> 0.790595 -0.298086 0.986778 / dir = -1.000000 / l_pyr = 0.008313
Debug   : vH = 5454 / nTets = 6 / pp.size() = 6 / 0.717583 -0.274181 0.983187 -> 0.716776 -0.277679 0.981156 / dir = -1.000000 / l_pyr = 0.008249
Debug   : vH = 5452 / nTets = 6 / pp.size() = 6 / 0.656815 -0.257139 0.978521 -> 0.656038 -0.260531 0.976347 / dir = -1.000000 / l_pyr = 0.008207
Debug   : vH = 5449 / nTets = 8 / pp.size() = 8 / 0.608217 -0.243274 0.974673 -> 0.607465 -0.246578 0.972381 / dir = -1.000000 / l_pyr = 0.008181
Debug   : vH = 5446 / nTets = 4 / pp.size() = 4 / 0.570241 -0.232288 0.971588 -> 0.569510 -0.235520 0.969202 / dir = -1.000000 / l_pyr = 0.008167
Debug   : vH = 5440 / nTets = 4 / pp.size() = 4 / 1.707302 -0.514388 1.048919 -> 1.706398 -0.518691 1.048955 / dir = -1.000000 / l_pyr = 0.008794
Debug   : vH = 5438 / nTets = 4 / pp.size() = 4 / 1.668380 -0.506156 1.047269 -> 1.667467 -0.510466 1.047274 / dir = -1.000000 / l_pyr = 0.008811
Debug   : vH = 5436 / nTets = 4 / pp.size() = 4 / 1.618693 -0.495535 1.045094 -> 1.617771 -0.499852 1.045055 / dir = -1.000000 / l_pyr = 0.008828
Debug   : vH = 5434 / nTets = 4 / pp.size() = 4 / 1.556724 -0.482109 1.042275 -> 1.555791 -0.486429 1.042174 / dir = -1.000000 / l_pyr = 0.008842
Debug   : vH = 5432 / nTets = 4 / pp.size() = 4 / 1.481640 -0.465567 1.038702 -> 1.480696 -0.469879 1.038516 / dir = -1.000000 / l_pyr = 0.008838
Debug   : vH = 5430 / nTets = 4 / pp.size() = 4 / 1.393790 -0.445820 1.034288 -> 1.392837 -0.450108 1.033989 / dir = -1.000000 / l_pyr = 0.008804
Debug   : vH = 5427 / nTets = 6 / pp.size() = 6 / 1.295077 -0.423111 1.029016 -> 1.294121 -0.427353 1.028572 / dir = -1.000000 / l_pyr = 0.008743
Debug   : vH = 5423 / nTets = 6 / pp.size() = 6 / 1.189075 -0.398085 1.022972 -> 1.188120 -0.402260 1.022352 / dir = -1.000000 / l_pyr = 0.008655
Debug   : vH = 5421 / nTets = 6 / pp.size() = 6 / 1.080629 -0.371764 1.016359 -> 1.079683 -0.375850 1.015539 / dir = -1.000000 / l_pyr = 0.008549
Debug   : vH = 5418 / nTets = 6 / pp.size() = 6 / 0.975038 -0.345401 1.009485 -> 0.974108 -0.349384 1.008448 / dir = -1.000000 / l_pyr = 0.008438
Debug   : vH = 5415 / nTets = 6 / pp.size() = 6 / 0.877079 -0.320261 1.002697 -> 0.876172 -0.324133 1.001444 / dir = -1.000000 / l_pyr = 0.008338
Debug   : vH = 5412 / nTets = 6 / pp.size() = 6 / 0.790205 -0.297384 0.996328 -> 0.789324 -0.301145 0.994869 / dir = -1.000000 / l_pyr = 0.008259
Debug   : vH = 5410 / nTets = 4 / pp.size() = 4 / 0.716204 -0.277442 0.990630 -> 0.715349 -0.281102 0.988986 / dir = -1.000000 / l_pyr = 0.008203
Debug   : vH = 5408 / nTets = 6 / pp.size() = 6 / 0.655301 -0.260701 0.985743 -> 0.654471 -0.264272 0.983942 / dir = -1.000000 / l_pyr = 0.008169
Debug   : vH = 5406 / nTets = 4 / pp.size() = 4 / 0.606585 -0.247088 0.981705 -> 0.605777 -0.250584 0.979774 / dir = -1.000000 / l_pyr = 0.008150
Debug   : vH = 5402 / nTets = 6 / pp.size() = 6 / 0.568512 -0.236306 0.978463 -> 0.567723 -0.239742 0.976428 / dir = -1.000000 / l_pyr = 0.008142
Debug   : vH = 5397 / nTets = 6 / pp.size() = 6 / 1.707459 -0.513840 1.057690 -> 1.706547 -0.518112 1.058201 / dir = -1.000000 / l_pyr = 0.008796
Debug   : vH = 5394 / nTets = 6 / pp.size() = 6 / 1.668517 -0.505656 1.056058 -> 1.667596 -0.509937 1.056540 / dir = -1.000000 / l_pyr = 0.008809
Debug   : vH = 5391 / nTets = 4 / pp.size() = 4 / 1.618801 -0.495105 1.053901 -> 1.617870 -0.499395 1.054340 / dir = -1.000000 / l_pyr = 0.008823
Debug   : vH = 5389 / nTets = 6 / pp.size() = 6 / 1.556790 -0.481777 1.051093 -> 1.555847 -0.486074 1.051470 / dir = -1.000000 / l_pyr = 0.008831
Debug   : vH = 5386 / nTets = 4 / pp.size() = 4 / 1.481647 -0.465372 1.047519 -> 1.480693 -0.469665 1.047810 / dir = -1.000000 / l_pyr = 0.008814
Debug   : vH = 5384 / nTets = 6 / pp.size() = 6 / 1.393719 -0.445814 1.043081 -> 1.392755 -0.450090 1.043256 / dir = -1.000000 / l_pyr = 0.008773
Debug   : vH = 5382 / nTets = 4 / pp.size() = 4 / 1.294905 -0.423351 1.037753 -> 1.293934 -0.427594 1.037777 / dir = -1.000000 / l_pyr = 0.008705
Debug   : vH = 5378 / nTets = 4 / pp.size() = 4 / 1.188777 -0.398633 1.031614 -> 1.187806 -0.402825 1.031452 / dir = -1.000000 / l_pyr = 0.008612
Debug   : vH = 5376 / nTets = 4 / pp.size() = 4 / 1.080185 -0.372675 1.024864 -> 1.079218 -0.376798 1.024489 / dir = -1.000000 / l_pyr = 0.008503
Debug   : vH = 5374 / nTets = 4 / pp.size() = 4 / 0.974431 -0.346715 1.017816 -> 0.973477 -0.350756 1.017211 / dir = -1.000000 / l_pyr = 0.008392
Debug   : vH = 5372 / nTets = 4 / pp.size() = 4 / 0.876303 -0.321993 1.010830 -> 0.875366 -0.325946 1.009994 / dir = -1.000000 / l_pyr = 0.008296
Debug   : vH = 5370 / nTets = 4 / pp.size() = 4 / 0.789260 -0.299523 1.004255 -> 0.788343 -0.303389 1.003199 / dir = -1.000000 / l_pyr = 0.008222
Debug   : vH = 5368 / nTets = 4 / pp.size() = 4 / 0.715098 -0.279956 0.998357 -> 0.714204 -0.283741 0.997103 / dir = -1.000000 / l_pyr = 0.008172
Debug   : vH = 5365 / nTets = 4 / pp.size() = 4 / 0.654051 -0.263543 0.993289 -> 0.653177 -0.267258 0.991867 / dir = -1.000000 / l_pyr = 0.008145
Debug   : vH = 5363 / nTets = 4 / pp.size() = 4 / 0.605211 -0.250206 0.989095 -> 0.604356 -0.253861 0.987533 / dir = -1.000000 / l_pyr = 0.008132
Debug   : vH = 5360 / nTets = 4 / pp.size() = 4 / 0.567034 -0.239646 0.985723 -> 0.566194 -0.243253 0.984050 / dir = -1.000000 / l_pyr = 0.008129
Debug   : vH = 262 / nTets = 4 / pp.size() = 4 / 1.707884 -0.512384 1.066343 -> 1.706976 -0.516570 1.067323 / dir = -1.000000 / l_pyr = 0.008788
Debug   : vH = 254 / nTets = 6 / pp.size() = 6 / 1.668926 -0.504247 1.064732 -> 1.668009 -0.508444 1.065683 / dir = -1.000000 / l_pyr = 0.008799
Debug   : vH = 248 / nTets = 4 / pp.size() = 4 / 1.619184 -0.493763 1.062595 -> 1.618257 -0.497971 1.063506 / dir = -1.000000 / l_pyr = 0.008808
Debug   : vH = 241 / nTets = 4 / pp.size() = 4 / 1.557135 -0.480534 1.059806 -> 1.556195 -0.484751 1.060655 / dir = -1.000000 / l_pyr = 0.008808
Debug   : vH = 235 / nTets = 4 / pp.size() = 4 / 1.481939 -0.464269 1.056238 -> 1.480988 -0.468484 1.057000 / dir = -1.000000 / l_pyr = 0.008775
Debug   : vH = 227 / nTets = 6 / pp.size() = 6 / 1.393935 -0.444904 1.051790 -> 1.392973 -0.449112 1.052433 / dir = -1.000000 / l_pyr = 0.008730
Debug   : vH = 221 / nTets = 4 / pp.size() = 4 / 1.295024 -0.422697 1.046429 -> 1.294053 -0.426885 1.046916 / dir = -1.000000 / l_pyr = 0.008652
Debug   : vH = 216 / nTets = 6 / pp.size() = 6 / 1.188773 -0.398301 1.040225 -> 1.187797 -0.402458 1.040520 / dir = -1.000000 / l_pyr = 0.008559
Debug   : vH = 207 / nTets = 6 / pp.size() = 6 / 1.080034 -0.372726 1.033377 -> 1.079060 -0.376834 1.033451 / dir = -1.000000 / l_pyr = 0.008445
Debug   : vH = 199 / nTets = 6 / pp.size() = 6 / 0.974119 -0.347192 1.026200 -> 0.973151 -0.351242 1.026034 / dir = -1.000000 / l_pyr = 0.008336
Debug   : vH = 193 / nTets = 4 / pp.size() = 4 / 0.875822 -0.322913 1.019066 -> 0.874866 -0.326900 1.018658 / dir = -1.000000 / l_pyr = 0.008241
Debug   : vH = 183 / nTets = 4 / pp.size() = 4 / 0.788610 -0.300877 1.012335 -> 0.787670 -0.304803 1.011696 / dir = -1.000000 / l_pyr = 0.008175
Debug   : vH = 176 / nTets = 6 / pp.size() = 6 / 0.714287 -0.281710 1.006286 -> 0.713362 -0.285579 1.005441 / dir = -1.000000 / l_pyr = 0.008134
Debug   : vH = 170 / nTets = 6 / pp.size() = 6 / 0.653092 -0.265647 1.001082 -> 0.652183 -0.269467 1.000059 / dir = -1.000000 / l_pyr = 0.008115
Debug   : vH = 161 / nTets = 6 / pp.size() = 6 / 0.604126 -0.252603 0.996768 -> 0.603231 -0.256379 0.995600 / dir = -1.000000 / l_pyr = 0.008105
Debug   : vH = 154 / nTets = 6 / pp.size() = 6 / 0.565839 -0.242280 0.993298 -> 0.564957 -0.246021 0.992014 / dir = -1.000000 / l_pyr = 0.008105
Debug   : vH = 734 / nTets = 6 / pp.size() = 6 / 1.699482 0.539728 1.399325 -> 1.698262 0.545753 1.399894 / dir = -1.000000 / l_pyr = 0.012347
Debug   : vH = 726 / nTets = 6 / pp.size() = 6 / 1.660476 0.531444 1.402368 -> 1.659260 0.537432 1.402991 / dir = -1.000000 / l_pyr = 0.012285
Debug   : vH = 720 / nTets = 4 / pp.size() = 4 / 1.610649 0.520780 1.406281 -> 1.609439 0.526718 1.406975 / dir = -1.000000 / l_pyr = 0.012198
Debug   : vH = 712 / nTets = 4 / pp.size() = 4 / 1.548470 0.507343 1.411205 -> 1.547268 0.513215 1.411989 / dir = -1.000000 / l_pyr = 0.012089
Debug   : vH = 706 / nTets = 6 / pp.size() = 6 / 1.473086 0.490855 1.417236 -> 1.471896 0.496641 1.418131 / dir = -1.000000 / l_pyr = 0.011950
Debug   : vH = 699 / nTets = 4 / pp.size() = 4 / 1.384818 0.471265 1.424386 -> 1.383645 0.476940 1.425415 / dir = -1.000000 / l_pyr = 0.011772
Debug   : vH = 689 / nTets = 8 / pp.size() = 8 / 1.285564 0.448858 1.432544 -> 1.284412 0.454397 1.433731 / dir = -1.000000 / l_pyr = 0.011561
Debug   : vH = 683 / nTets = 6 / pp.size() = 6 / 1.178900 0.424312 1.441458 -> 1.177777 0.429689 1.442819 / dir = -1.000000 / l_pyr = 0.011317
Debug   : vH = 677 / nTets = 4 / pp.size() = 4 / 1.069693 0.398655 1.450746 -> 1.068605 0.403850 1.452295 / dir = -1.000000 / l_pyr = 0.011058
Debug   : vH = 670 / nTets = 4 / pp.size() = 4 / 0.963285 0.373116 1.459957 -> 0.962236 0.378122 1.461701 / dir = -1.000000 / l_pyr = 0.010808
Debug   : vH = 664 / nTets = 6 / pp.size() = 6 / 0.864500 0.348899 1.468658 -> 0.863493 0.353712 1.470590 / dir = -1.000000 / l_pyr = 0.010567
Debug   : vH = 657 / nTets = 6 / pp.size() = 6 / 0.776833 0.326973 1.476505 -> 0.775867 0.331601 1.478615 / dir = -1.000000 / l_pyr = 0.010355
Debug   : vH = 649 / nTets = 8 / pp.size() = 8 / 0.702104 0.307939 1.483289 -> 0.701179 0.312400 1.485558 / dir = -1.000000 / l_pyr = 0.010179
Debug   : vH = 643 / nTets = 4 / pp.size() = 4 / 0.640569 0.292012 1.488940 -> 0.639680 0.296327 1.491345 / dir = -1.000000 / l_pyr = 0.010038
Debug   : vH = 635 / nTets = 6 / pp.size() = 6 / 0.591329 0.279093 1.493506 -> 0.590471 0.283283 1.496022 / dir = -1.000000 / l_pyr = 0.009924
Debug   : vH = 627 / nTets = 4 / pp.size() = 4 / 0.552831 0.268877 1.497103 -> 0.551999 0.272966 1.499708 / dir = -1.000000 / l_pyr = 0.009837
Debug   : vH = 7768 / nTets = 10 / pp.size() = 10 / 1.699606 0.539186 1.387086 -> 1.698295 0.545108 1.385897 / dir = -1.000000 / l_pyr = 0.012360
Debug   : vH = 7767 / nTets = 6 / pp.size() = 6 / 1.660531 0.531042 1.390178 -> 1.659222 0.536941 1.389068 / dir = -1.000000 / l_pyr = 0.012287
Debug   : vH = 7766 / nTets = 10 / pp.size() = 10 / 1.610612 0.520559 1.394163 -> 1.609307 0.526427 1.393153 / dir = -1.000000 / l_pyr = 0.012190
Debug   : vH = 7765 / nTets = 6 / pp.size() = 6 / 1.548318 0.507350 1.399187 -> 1.547019 0.513174 1.398305 / dir = -1.000000 / l_pyr = 0.012065
Debug   : vH = 7764 / nTets = 6 / pp.size() = 6 / 1.472793 0.491140 1.405351 -> 1.471501 0.496907 1.404629 / dir = -1.000000 / l_pyr = 0.011908
Debug   : vH = 7763 / nTets = 4 / pp.size() = 4 / 1.384351 0.471880 1.412681 -> 1.383071 0.477571 1.412150 / dir = -1.000000 / l_pyr = 0.011714
Debug   : vH = 7762 / nTets = 4 / pp.size() = 4 / 1.284892 0.449851 1.421073 -> 1.283630 0.455446 1.420765 / dir = -1.000000 / l_pyr = 0.011489
Debug   : vH = 7761 / nTets = 6 / pp.size() = 6 / 1.178007 0.425718 1.430273 -> 1.176767 0.431198 1.430215 / dir = -1.000000 / l_pyr = 0.011238
Debug   : vH = 7759 / nTets = 4 / pp.size() = 4 / 1.068571 0.400494 1.439896 -> 1.067357 0.405844 1.440106 / dir = -1.000000 / l_pyr = 0.010981
Debug   : vH = 7758 / nTets = 6 / pp.size() = 6 / 0.961936 0.375383 1.449471 -> 0.960754 0.380593 1.449955 / dir = -1.000000 / l_pyr = 0.010728
Debug   : vH = 7757 / nTets = 4 / pp.size() = 4 / 0.862938 0.351572 1.458545 -> 0.861791 0.356639 1.459296 / dir = -1.000000 / l_pyr = 0.010498
Debug   : vH = 7756 / nTets = 6 / pp.size() = 6 / 0.775080 0.330011 1.466757 -> 0.773968 0.334938 1.467756 / dir = -1.000000 / l_pyr = 0.010299
Debug   : vH = 7755 / nTets = 4 / pp.size() = 4 / 0.700190 0.311291 1.473872 -> 0.699112 0.316090 1.475092 / dir = -1.000000 / l_pyr = 0.010135
Debug   : vH = 7754 / nTets = 4 / pp.size() = 4 / 0.638525 0.295626 1.479811 -> 0.637478 0.300311 1.481220 / dir = -1.000000 / l_pyr = 0.010006
Debug   : vH = 7753 / nTets = 4 / pp.size() = 4 / 0.589182 0.282916 1.484618 -> 0.588162 0.287504 1.486183 / dir = -1.000000 / l_pyr = 0.009906
Debug   : vH = 7751 / nTets = 4 / pp.size() = 4 / 0.550606 0.272865 1.488410 -> 0.549608 0.277373 1.490098 / dir = -1.000000 / l_pyr = 0.009832
Debug   : vH = 7745 / nTets = 4 / pp.size() = 4 / 1.700637 0.535756 1.375324 -> 1.699343 0.541255 1.372872 / dir = -1.000000 / l_pyr = 0.012317
Debug   : vH = 7743 / nTets = 6 / pp.size() = 6 / 1.661491 0.527788 1.378429 -> 1.660197 0.533282 1.376068 / dir = -1.000000 / l_pyr = 0.012235
Debug   : vH = 7741 / nTets = 4 / pp.size() = 4 / 1.611478 0.517534 1.382437 -> 1.610184 0.523017 1.380195 / dir = -1.000000 / l_pyr = 0.012127
Debug   : vH = 7739 / nTets = 6 / pp.size() = 6 / 1.549062 0.504613 1.387500 -> 1.547769 0.510080 1.385409 / dir = -1.000000 / l_pyr = 0.011989
Debug   : vH = 7737 / nTets = 4 / pp.size() = 4 / 1.473383 0.488757 1.393727 -> 1.472092 0.494200 1.391823 / dir = -1.000000 / l_pyr = 0.011819
Debug   : vH = 7735 / nTets = 4 / pp.size() = 4 / 1.384754 0.469919 1.401153 -> 1.383470 0.475327 1.399474 / dir = -1.000000 / l_pyr = 0.011613
Debug   : vH = 7733 / nTets = 6 / pp.size() = 6 / 1.285081 0.448375 1.409680 -> 1.283805 0.453735 1.408265 / dir = -1.000000 / l_pyr = 0.011377
Debug   : vH = 7731 / nTets = 4 / pp.size() = 4 / 1.177958 0.424777 1.419062 -> 1.176696 0.430075 1.417943 / dir = -1.000000 / l_pyr = 0.011120
Debug   : vH = 7729 / nTets = 4 / pp.size() = 4 / 1.068273 0.400115 1.428908 -> 1.067028 0.405340 1.428105 / dir = -1.000000 / l_pyr = 0.010861
Debug   : vH = 7727 / nTets = 4 / pp.size() = 4 / 0.961392 0.375567 1.438739 -> 0.960169 0.380707 1.438259 / dir = -1.000000 / l_pyr = 0.010611
Debug   : vH = 7725 / nTets = 4 / pp.size() = 4 / 0.862163 0.352291 1.448087 -> 0.860966 0.357342 1.447923 / dir = -1.000000 / l_pyr = 0.010389
Debug   : vH = 7723 / nTets = 4 / pp.size() = 4 / 0.774099 0.331214 1.456568 -> 0.772929 0.336177 1.456700 / dir = -1.000000 / l_pyr = 0.010200
Debug   : vH = 7721 / nTets = 6 / pp.size() = 6 / 0.699035 0.312915 1.463936 -> 0.697891 0.317792 1.464330 / dir = -1.000000 / l_pyr = 0.010049
Debug   : vH = 7719 / nTets = 4 / pp.size() = 4 / 0.637226 0.297601 1.470099 -> 0.636107 0.302399 1.470717 / dir = -1.000000 / l_pyr = 0.009932
Debug   : vH = 7717 / nTets = 4 / pp.size() = 4 / 0.587769 0.285173 1.475094 -> 0.586671 0.289903 1.475898 / dir = -1.000000 / l_pyr = 0.009844
Debug   : vH = 7713 / nTets = 6 / pp.size() = 6 / 0.549104 0.275343 1.479039 -> 0.548024 0.280017 1.479990 / dir = -1.000000 / l_pyr = 0.009780
Debug   : vH = 7709 / nTets = 4 / pp.size() = 4 / 1.702285 0.530321 1.364394 -> 1.701044 0.535388 1.361115 / dir = -1.000000 / l_pyr = 0.012324
Debug   : vH = 7707 / nTets = 4 / pp.size() = 4 / 1.663070 0.522549 1.367478 -> 1.661826 0.527622 1.364295 / dir = -1.000000 / l_pyr = 0.012234
Debug   : vH = 7704 / nTets = 4 / pp.size() = 4 / 1.612963 0.512547 1.371465 -> 1.611716 0.517626 1.368409 / dir = -1.000000 / l_pyr = 0.012116
Debug   : vH = 7701 / nTets = 4 / pp.size() = 4 / 1.550424 0.499945 1.376512 -> 1.549174 0.505030 1.373617 / dir = -1.000000 / l_pyr = 0.011968
Debug   : vH = 7698 / nTets = 6 / pp.size() = 6 / 1.474590 0.484483 1.382734 -> 1.473339 0.489571 1.380038 / dir = -1.000000 / l_pyr = 0.011786
Debug   : vH = 7695 / nTets = 6 / pp.size() = 6 / 1.385775 0.466117 1.390174 -> 1.384523 0.471203 1.387720 / dir = -1.000000 / l_pyr = 0.011568
Debug   : vH = 7693 / nTets = 4 / pp.size() = 4 / 1.285885 0.445119 1.398745 -> 1.284636 0.450195 1.396573 / dir = -1.000000 / l_pyr = 0.011322
Debug   : vH = 7690 / nTets = 6 / pp.size() = 6 / 1.178521 0.422127 1.408208 -> 1.177278 0.427184 1.406353 / dir = -1.000000 / l_pyr = 0.011057
Debug   : vH = 7687 / nTets = 6 / pp.size() = 6 / 1.068584 0.398104 1.418172 -> 1.067350 0.403135 1.416658 / dir = -1.000000 / l_pyr = 0.010793
Debug   : vH = 7684 / nTets = 6 / pp.size() = 6 / 0.961452 0.374198 1.428154 -> 0.960232 0.379192 1.426989 / dir = -1.000000 / l_pyr = 0.010542
Debug   : vH = 7681 / nTets = 6 / pp.size() = 6 / 0.861987 0.351537 1.437675 -> 0.860784 0.356488 1.436853 / dir = -1.000000 / l_pyr = 0.010322
Debug   : vH = 7679 / nTets = 4 / pp.size() = 4 / 0.773713 0.331022 1.446339 -> 0.772529 0.335926 1.445837 / dir = -1.000000 / l_pyr = 0.010139
Debug   : vH = 7677 / nTets = 4 / pp.size() = 4 / 0.698469 0.313212 1.453882 -> 0.697305 0.318068 1.453667 / dir = -1.000000 / l_pyr = 0.009995
Debug   : vH = 7675 / nTets = 4 / pp.size() = 4 / 0.636513 0.298306 1.460203 -> 0.635367 0.303115 1.460234 / dir = -1.000000 / l_pyr = 0.009886
Debug   : vH = 7672 / nTets = 6 / pp.size() = 6 / 0.586937 0.286210 1.465336 -> 0.585809 0.290975 1.465570 / dir = -1.000000 / l_pyr = 0.009806
Debug   : vH = 7669 / nTets = 6 / pp.size() = 6 / 0.548182 0.276641 1.469392 -> 0.547068 0.281370 1.469788 / dir = -1.000000 / l_pyr = 0.009749
Debug   : vH = 7663 / nTets = 6 / pp.size() = 6 / 1.704320 0.523573 1.354277 -> 1.703143 0.528254 1.350463 / dir = -1.000000 / l_pyr = 0.012304
Debug   : vH = 7660 / nTets = 6 / pp.size() = 6 / 1.665037 0.516000 1.357313 -> 1.663856 0.520698 1.353596 / dir = -1.000000 / l_pyr = 0.012211
Debug   : vH = 7658 / nTets = 4 / pp.size() = 4 / 1.614840 0.506258 1.361246 -> 1.613654 0.510975 1.357656 / dir = -1.000000 / l_pyr = 0.012090
Debug   : vH = 7655 / nTets = 6 / pp.size() = 6 / 1.552182 0.493986 1.366234 -> 1.550990 0.498725 1.362807 / dir = -1.000000 / l_pyr = 0.011938
Debug   : vH = 7653 / nTets = 4 / pp.size() = 4 / 1.476199 0.478933 1.372398 -> 1.475002 0.483696 1.369173 / dir = -1.000000 / l_pyr = 0.011751
Debug   : vH = 7651 / nTets = 4 / pp.size() = 4 / 1.387202 0.461059 1.379788 -> 1.386000 0.465846 1.376808 / dir = -1.000000 / l_pyr = 0.011530
Debug   : vH = 7649 / nTets = 4 / pp.size() = 4 / 1.287101 0.440633 1.388329 -> 1.285895 0.445441 1.385637 / dir = -1.000000 / l_pyr = 0.011281
Debug   : vH = 7647 / nTets = 4 / pp.size() = 4 / 1.179503 0.418279 1.397790 -> 1.178296 0.423103 1.395422 / dir = -1.000000 / l_pyr = 0.011015
Debug   : vH = 7645 / nTets = 4 / pp.size() = 4 / 1.069318 0.394934 1.407784 -> 1.068114 0.399770 1.405767 / dir = -1.000000 / l_pyr = 0.010752
Debug   : vH = 7643 / nTets = 4 / pp.size() = 4 / 0.961941 0.371715 1.417830 -> 0.960743 0.376552 1.416173 / dir = -1.000000 / l_pyr = 0.010504
Debug   : vH = 7641 / nTets = 4 / pp.size() = 4 / 0.862243 0.349714 1.427443 -> 0.861056 0.354547 1.426140 / dir = -1.000000 / l_pyr = 0.010289
Debug   : vH = 7638 / nTets = 6 / pp.size() = 6 / 0.773762 0.329804 1.436211 -> 0.772587 0.334625 1.435243 / dir = -1.000000 / l_pyr = 0.010113
Debug   : vH = 7636 / nTets = 4 / pp.size() = 4 / 0.698342 0.312523 1.443864 -> 0.697180 0.317329 1.443195 / dir = -1.000000 / l_pyr = 0.009977
Debug   : vH = 7634 / nTets = 4 / pp.size() = 4 / 0.636240 0.298063 1.450289 -> 0.635093 0.302848 1.449878 / dir = -1.000000 / l_pyr = 0.009876
Debug   : vH = 7632 / nTets = 4 / pp.size() = 4 / 0.586550 0.286329 1.455513 -> 0.585415 0.291093 1.455316 / dir = -1.000000 / l_pyr = 0.009802
Debug   : vH = 7628 / nTets = 6 / pp.size() = 6 / 0.547705 0.277046 1.459645 -> 0.546581 0.281790 1.459619 / dir = -1.000000 / l_pyr = 0.009752
Debug   : vH = 7622 / nTets = 8 / pp.size() = 8 / 1.706594 0.515950 1.344860 -> 1.705480 0.520321 1.340681 / dir = -1.000000 / l_pyr = 0.012298
Debug   : vH = 7619 / nTets = 6 / pp.size() = 6 / 1.667247 0.508577 1.347831 -> 1.666128 0.512970 1.343748 / dir = -1.000000 / l_pyr = 0.012201
Debug   : vH = 7617 / nTets = 4 / pp.size() = 4 / 1.616964 0.499093 1.351686 -> 1.615838 0.503514 1.347730 / dir = -1.000000 / l_pyr = 0.012076
Debug   : vH = 7615 / nTets = 4 / pp.size() = 4 / 1.554194 0.487152 1.356585 -> 1.553060 0.491605 1.352791 / dir = -1.000000 / l_pyr = 0.011918
Debug   : vH = 7613 / nTets = 4 / pp.size() = 4 / 1.478069 0.472509 1.362652 -> 1.476927 0.476999 1.359060 / dir = -1.000000 / l_pyr = 0.011725
Debug   : vH = 7611 / nTets = 4 / pp.size() = 4 / 1.388898 0.455132 1.369946 -> 1.387748 0.459662 1.366600 / dir = -1.000000 / l_pyr = 0.011497
Debug   : vH = 7608 / nTets = 6 / pp.size() = 6 / 1.288596 0.435286 1.378401 -> 1.287439 0.439858 1.375344 / dir = -1.000000 / l_pyr = 0.011241
Debug   : vH = 7606 / nTets = 4 / pp.size() = 4 / 1.180772 0.413582 1.387797 -> 1.179610 0.418194 1.385066 / dir = -1.000000 / l_pyr = 0.010970
Debug   : vH = 7604 / nTets = 4 / pp.size() = 4 / 1.070351 0.390932 1.397756 -> 1.069186 0.395582 1.395377 / dir = -1.000000 / l_pyr = 0.010703
Debug   : vH = 7602 / nTets = 4 / pp.size() = 4 / 0.962738 0.368419 1.407797 -> 0.961574 0.373099 1.405782 / dir = -1.000000 / l_pyr = 0.010453
Debug   : vH = 7600 / nTets = 4 / pp.size() = 4 / 0.862817 0.347102 1.417435 -> 0.861659 0.351805 1.415778 / dir = -1.000000 / l_pyr = 0.010239
Debug   : vH = 7598 / nTets = 4 / pp.size() = 4 / 0.774137 0.327821 1.426248 -> 0.772987 0.332540 1.424930 / dir = -1.000000 / l_pyr = 0.010066
Debug   : vH = 7595 / nTets = 6 / pp.size() = 6 / 0.698548 0.311094 1.433956 -> 0.697407 0.315820 1.432943 / dir = -1.000000 / l_pyr = 0.009933
Debug   : vH = 7593 / nTets = 4 / pp.size() = 4 / 0.636308 0.297100 1.440439 -> 0.635177 0.301827 1.439689 / dir = -1.000000 / l_pyr = 0.009837
Debug   : vH = 7591 / nTets = 4 / pp.size() = 4 / 0.586508 0.285746 1.445717 -> 0.585386 0.290469 1.445186 / dir = -1.000000 / l_pyr = 0.009768
Debug   : vH = 7588 / nTets = 4 / pp.size() = 4 / 0.547578 0.276764 1.449896 -> 0.546464 0.281481 1.449541 / dir = -1.000000 / l_pyr = 0.009721
Debug   : vH = 7579 / nTets = 6 / pp.size() = 6 / 1.709009 0.507722 1.336009 -> 1.707953 0.511846 1.331579 / dir = -1.000000 / l_pyr = 0.012287
Debug   : vH = 7577 / nTets = 8 / pp.size() = 8 / 1.669603 0.500545 1.338903 -> 1.668540 0.504695 1.334570 / dir = -1.000000 / l_pyr = 0.012187
Debug   : vH = 7575 / nTets = 6 / pp.size() = 6 / 1.619238 0.491317 1.342666 -> 1.618168 0.495500 1.338457 / dir = -1.000000 / l_pyr = 0.012059
Debug   : vH = 7573 / nTets = 4 / pp.size() = 4 / 1.556362 0.479703 1.347455 -> 1.555283 0.483925 1.343407 / dir = -1.000000 / l_pyr = 0.011896
Debug   : vH = 7570 / nTets = 6 / pp.size() = 6 / 1.480101 0.465468 1.353401 -> 1.479012 0.469736 1.349553 / dir = -1.000000 / l_pyr = 0.011698
Debug   : vH = 7567 / nTets = 6 / pp.size() = 6 / 1.390766 0.448586 1.360568 -> 1.389667 0.452906 1.356963 / dir = -1.000000 / l_pyr = 0.011466
Debug   : vH = 7565 / nTets = 4 / pp.size() = 4 / 1.290272 0.429320 1.368900 -> 1.289163 0.433697 1.365582 / dir = -1.000000 / l_pyr = 0.011206
Debug   : vH = 7561 / nTets = 6 / pp.size() = 6 / 1.182234 0.408269 1.378188 -> 1.181117 0.412703 1.375193 / dir = -1.000000 / l_pyr = 0.010933
Debug   : vH = 7559 / nTets = 6 / pp.size() = 6 / 1.071588 0.386319 1.388062 -> 1.070465 0.390810 1.385416 / dir = -1.000000 / l_pyr = 0.010664
Debug   : vH = 7556 / nTets = 6 / pp.size() = 6 / 0.963751 0.364520 1.398049 -> 0.962625 0.369063 1.395765 / dir = -1.000000 / l_pyr = 0.010415
Debug   : vH = 7553 / nTets = 6 / pp.size() = 6 / 0.863620 0.343895 1.407660 -> 0.862495 0.348485 1.405735 / dir = -1.000000 / l_pyr = 0.010204
Debug   : vH = 7551 / nTets = 4 / pp.size() = 4 / 0.774752 0.325255 1.416470 -> 0.773631 0.329881 1.414884 / dir = -1.000000 / l_pyr = 0.010035
Debug   : vH = 7549 / nTets = 4 / pp.size() = 4 / 0.699005 0.309092 1.424191 -> 0.697889 0.313746 1.422911 / dir = -1.000000 / l_pyr = 0.009908
Debug   : vH = 7546 / nTets = 6 / pp.size() = 6 / 0.636635 0.295575 1.430695 -> 0.635526 0.300248 1.429680 / dir = -1.000000 / l_pyr = 0.009817
Debug   : vH = 7544 / nTets = 4 / pp.size() = 4 / 0.586733 0.284611 1.435998 -> 0.585631 0.289295 1.435202 / dir = -1.000000 / l_pyr = 0.009753
Debug   : vH = 7541 / nTets = 4 / pp.size() = 4 / 0.547725 0.275938 1.440199 -> 0.546628 0.280627 1.439581 / dir = -1.000000 / l_pyr = 0.009710
Debug   : vH = 611 / nTets = 4 / pp.size() = 4 / 1.711508 0.499068 1.327606 -> 1.710503 0.503000 1.323001 / dir = -1.000000 / l_pyr = 0.012275
Debug   : vH = 606 / nTets = 4 / pp.size() = 4 / 1.672044 0.492085 1.330420 -> 1.671033 0.496044 1.325911 / dir = -1.000000 / l_pyr = 0.012170
Debug   : vH = 598 / nTets = 6 / pp.size() = 6 / 1.621603 0.483109 1.334081 -> 1.620584 0.487103 1.329694 / dir = -1.000000 / l_pyr = 0.012041
Debug   : vH = 591 / nTets = 6 / pp.size() = 6 / 1.558626 0.471816 1.338751 -> 1.557597 0.475852 1.334522 / dir = -1.000000 / l_pyr = 0.011871
Debug   : vH = 585 / nTets = 4 / pp.size() = 4 / 1.482234 0.457985 1.344562 -> 1.481196 0.462068 1.340535 / dir = -1.000000 / l_pyr = 0.011656
Debug   : vH = 579 / nTets = 4 / pp.size() = 4 / 1.392742 0.441594 1.351585 -> 1.391693 0.445734 1.347798 / dir = -1.000000 / l_pyr = 0.011416
Debug   : vH = 573 / nTets = 4 / pp.size() = 4 / 1.292064 0.422904 1.359770 -> 1.291004 0.427107 1.356267 / dir = -1.000000 / l_pyr = 0.011147
Debug   : vH = 564 / nTets = 4 / pp.size() = 4 / 1.183823 0.402500 1.368919 -> 1.182752 0.406774 1.365731 / dir = -1.000000 / l_pyr = 0.010877
Debug   : vH = 558 / nTets = 4 / pp.size() = 4 / 1.072961 0.381246 1.378674 -> 1.071883 0.385587 1.375833 / dir = -1.000000 / l_pyr = 0.010597
Debug   : vH = 552 / nTets = 4 / pp.size() = 4 / 0.964912 0.360161 1.388569 -> 0.963829 0.364570 1.386085 / dir = -1.000000 / l_pyr = 0.010350
Debug   : vH = 544 / nTets = 4 / pp.size() = 4 / 0.864585 0.340230 1.398115 -> 0.863499 0.344701 1.395984 / dir = -1.000000 / l_pyr = 0.010141
Debug   : vH = 538 / nTets = 4 / pp.size() = 4 / 0.775545 0.322230 1.406884 -> 0.774459 0.326757 1.405086 / dir = -1.000000 / l_pyr = 0.009981
Debug   : vH = 533 / nTets = 4 / pp.size() = 4 / 0.699650 0.306633 1.414583 -> 0.698567 0.311203 1.413086 / dir = -1.000000 / l_pyr = 0.009859
Debug   : vH = 527 / nTets = 4 / pp.size() = 4 / 0.637162 0.293595 1.421077 -> 0.636083 0.298199 1.419841 / dir = -1.000000 / l_pyr = 0.009775
Debug   : vH = 519 / nTets = 6 / pp.size() = 6 / 0.587169 0.283023 1.426375 -> 0.586093 0.287653 1.425357 / dir = -1.000000 / l_pyr = 0.009722
Debug   : vH = 511 / nTets = 4 / pp.size() = 4 / 0.548090 0.274661 1.430578 -> 0.547018 0.279304 1.429735 / dir = -1.000000 / l_pyr = 0.009678
Debug   : vH = 614 / nTets = 6 / pp.size() = 6 / 1.713629 0.491663 1.320973 -> 1.712996 0.494133 1.317882 / dir = -1.000000 / l_pyr = 0.008014
Debug   : vH = 608 / nTets = 4 / pp.size() = 4 / 1.674135 0.484815 1.323698 -> 1.673491 0.487339 1.320649 / dir = -1.000000 / l_pyr = 0.008021
Debug   : vH = 600 / nTets = 4 / pp.size() = 4 / 1.623659 0.476014 1.327244 -> 1.623000 0.478606 1.324253 / dir = -1.000000 / l_pyr = 0.008026
Debug   : vH = 593 / nTets = 4 / pp.size() = 4 / 1.560632 0.464949 1.331773 -> 1.559954 0.467630 1.328856 / dir = -1.000000 / l_pyr = 0.008038
Debug   : vH = 587 / nTets = 4 / pp.size() = 4 / 1.484171 0.451412 1.337423 -> 1.483472 0.454194 1.334609 / dir = -1.000000 / l_pyr = 0.008037
Debug   : vH = 580 / nTets = 4 / pp.size() = 4 / 1.394592 0.435386 1.344262 -> 1.393870 0.438283 1.341582 / dir = -1.000000 / l_pyr = 0.008023
Debug   : vH = 574 / nTets = 6 / pp.size() = 6 / 1.293809 0.417134 1.352249 -> 1.293064 0.420156 1.349734 / dir = -1.000000 / l_pyr = 0.008003
Debug   : vH = 566 / nTets = 6 / pp.size() = 6 / 1.185445 0.397232 1.361193 -> 1.184675 0.400383 1.358876 / dir = -1.000000 / l_pyr = 0.007973
Debug   : vH = 560 / nTets = 6 / pp.size() = 6 / 1.074445 0.376531 1.370754 -> 1.073654 0.379810 1.368656 / dir = -1.000000 / l_pyr = 0.007942
Debug   : vH = 554 / nTets = 4 / pp.size() = 4 / 0.966251 0.356025 1.380475 -> 0.965441 0.359419 1.378611 / dir = -1.000000 / l_pyr = 0.007912
Debug   : vH = 546 / nTets = 4 / pp.size() = 4 / 0.865782 0.336666 1.389870 -> 0.864957 0.340165 1.388237 / dir = -1.000000 / l_pyr = 0.007896
Debug   : vH = 540 / nTets = 6 / pp.size() = 6 / 0.776605 0.319202 1.398515 -> 0.775768 0.322785 1.397101 / dir = -1.000000 / l_pyr = 0.007882
Debug   : vH = 534 / nTets = 4 / pp.size() = 4 / 0.700582 0.304083 1.406117 -> 0.699737 0.307734 1.404897 / dir = -1.000000 / l_pyr = 0.007881
Debug   : vH = 528 / nTets = 4 / pp.size() = 4 / 0.637984 0.291455 1.412539 -> 0.637135 0.295155 1.411484 / dir = -1.000000 / l_pyr = 0.007881
Debug   : vH = 521 / nTets = 4 / pp.size() = 4 / 0.587900 0.281218 1.417780 -> 0.587046 0.284957 1.416859 / dir = -1.000000 / l_pyr = 0.007887
Debug   : vH = 512 / nTets = 4 / pp.size() = 4 / 0.548746 0.273124 1.421940 -> 0.547887 0.276894 1.421125 / dir = -1.000000 / l_pyr = 0.007903
Debug   : vH = 7539 / nTets = 4 / pp.size() = 4 / 1.715504 0.485084 1.315780 -> 1.714822 0.487679 1.312066 / dir = -1.000000 / l_pyr = 0.009165
Debug   : vH = 7538 / nTets = 4 / pp.size() = 4 / 1.676009 0.478315 1.318409 -> 1.675316 0.480963 1.314742 / dir = -1.000000 / l_pyr = 0.009153
Debug   : vH = 7537 / nTets = 4 / pp.size() = 4 / 1.625532 0.469622 1.321832 -> 1.624824 0.472336 1.318229 / dir = -1.000000 / l_pyr = 0.009131
Debug   : vH = 7536 / nTets = 4 / pp.size() = 4 / 1.562502 0.458704 1.326207 -> 1.561777 0.461501 1.322690 / dir = -1.000000 / l_pyr = 0.009103
Debug   : vH = 7535 / nTets = 6 / pp.size() = 6 / 1.486031 0.445363 1.331671 -> 1.485286 0.448258 1.328268 / dir = -1.000000 / l_pyr = 0.009059
Debug   : vH = 7534 / nTets = 6 / pp.size() = 6 / 1.396435 0.429590 1.338293 -> 1.395667 0.432599 1.335036 / dir = -1.000000 / l_pyr = 0.009002
Debug   : vH = 7533 / nTets = 4 / pp.size() = 4 / 1.295624 0.411653 1.346038 -> 1.294831 0.414789 1.342959 / dir = -1.000000 / l_pyr = 0.008931
Debug   : vH = 7532 / nTets = 6 / pp.size() = 6 / 1.187216 0.392128 1.354723 -> 1.186398 0.395398 1.351854 / dir = -1.000000 / l_pyr = 0.008853
Debug   : vH = 7531 / nTets = 4 / pp.size() = 4 / 1.076156 0.371856 1.364020 -> 1.075315 0.375262 1.361385 / dir = -1.000000 / l_pyr = 0.008776
Debug   : vH = 7530 / nTets = 6 / pp.size() = 6 / 0.967885 0.351809 1.373487 -> 0.967022 0.355345 1.371096 / dir = -1.000000 / l_pyr = 0.008711
Debug   : vH = 7529 / nTets = 4 / pp.size() = 4 / 0.867325 0.332915 1.382649 -> 0.866445 0.336569 1.380497 / dir = -1.000000 / l_pyr = 0.008662
Debug   : vH = 7528 / nTets = 4 / pp.size() = 4 / 0.778046 0.315894 1.391089 -> 0.777151 0.319652 1.389161 / dir = -1.000000 / l_pyr = 0.008635
Debug   : vH = 7527 / nTets = 4 / pp.size() = 4 / 0.701918 0.301176 1.398520 -> 0.701011 0.305021 1.396790 / dir = -1.000000 / l_pyr = 0.008627
Debug   : vH = 7526 / nTets = 4 / pp.size() = 4 / 0.639223 0.288893 1.404801 -> 0.638306 0.292808 1.403239 / dir = -1.000000 / l_pyr = 0.008627
Debug   : vH = 7525 / nTets = 4 / pp.size() = 4 / 0.589049 0.278942 1.409930 -> 0.588124 0.282909 1.408506 / dir = -1.000000 / l_pyr = 0.008630
Debug   : vH = 7523 / nTets = 6 / pp.size() = 6 / 0.549816 0.271077 1.414003 -> 0.548885 0.275084 1.412687 / dir = -1.000000 / l_pyr = 0.008639
Debug   : vH = 7518 / nTets = 6 / pp.size() = 6 / 1.717738 0.477131 1.310574 -> 1.717042 0.479595 1.306065 / dir = -1.000000 / l_pyr = 0.010371
Debug   : vH = 7516 / nTets = 4 / pp.size() = 4 / 1.678242 0.470453 1.313117 -> 1.677537 0.472961 1.308662 / dir = -1.000000 / l_pyr = 0.010321
Debug   : vH = 7514 / nTets = 6 / pp.size() = 6 / 1.627764 0.461883 1.316428 -> 1.627045 0.464447 1.312046 / dir = -1.000000 / l_pyr = 0.010255
Debug   : vH = 7511 / nTets = 4 / pp.size() = 4 / 1.564730 0.451130 1.320663 -> 1.563996 0.453765 1.316376 / dir = -1.000000 / l_pyr = 0.010171
Debug   : vH = 7509 / nTets = 6 / pp.size() = 6 / 1.488253 0.438003 1.325954 -> 1.487501 0.440726 1.321789 / dir = -1.000000 / l_pyr = 0.010065
Debug   : vH = 7507 / nTets = 4 / pp.size() = 4 / 1.398645 0.422505 1.332369 -> 1.397870 0.425335 1.328357 / dir = -1.000000 / l_pyr = 0.009941
Debug   : vH = 7505 / nTets = 4 / pp.size() = 4 / 1.297812 0.404906 1.339874 -> 1.297013 0.407862 1.336047 / dir = -1.000000 / l_pyr = 0.009803
Debug   : vH = 7503 / nTets = 4 / pp.size() = 4 / 1.189372 0.385779 1.348295 -> 1.188546 0.388877 1.344679 / dir = -1.000000 / l_pyr = 0.009665
Debug   : vH = 7501 / nTets = 6 / pp.size() = 6 / 1.078267 0.365954 1.357311 -> 1.077415 0.369203 1.353925 / dir = -1.000000 / l_pyr = 0.009539
Debug   : vH = 7499 / nTets = 4 / pp.size() = 4 / 0.969938 0.346381 1.366494 -> 0.969059 0.349786 1.363345 / dir = -1.000000 / l_pyr = 0.009441
Debug   : vH = 7497 / nTets = 4 / pp.size() = 4 / 0.869311 0.327961 1.375379 -> 0.868406 0.331518 1.372463 / dir = -1.000000 / l_pyr = 0.009375
Debug   : vH = 7494 / nTets = 4 / pp.size() = 4 / 0.779958 0.311390 1.383565 -> 0.779030 0.315087 1.380863 / dir = -1.000000 / l_pyr = 0.009343
Debug   : vH = 7491 / nTets = 6 / pp.size() = 6 / 0.703754 0.297077 1.390771 -> 0.702806 0.300896 1.388258 / dir = -1.000000 / l_pyr = 0.009338
Debug   : vH = 7489 / nTets = 4 / pp.size() = 4 / 0.640986 0.285142 1.396861 -> 0.640021 0.289060 1.394512 / dir = -1.000000 / l_pyr = 0.009338
Debug   : vH = 7487 / nTets = 6 / pp.size() = 6 / 0.590746 0.275479 1.401834 -> 0.589767 0.279477 1.399617 / dir = -1.000000 / l_pyr = 0.009349
Debug   : vH = 7483 / nTets = 6 / pp.size() = 6 / 0.551456 0.267844 1.405783 -> 0.550465 0.271906 1.403670 / dir = -1.000000 / l_pyr = 0.009369
Debug   : vH = 7477 / nTets = 6 / pp.size() = 6 / 1.720374 0.467548 1.305624 -> 1.719665 0.469869 1.300237 / dir = -1.000000 / l_pyr = 0.011816
Debug   : vH = 7474 / nTets = 4 / pp.size() = 4 / 1.680878 0.460976 1.308082 -> 1.680159 0.463347 1.302759 / dir = -1.000000 / l_pyr = 0.011743
Debug   : vH = 7472 / nTets = 4 / pp.size() = 4 / 1.630399 0.452549 1.311284 -> 1.629666 0.454985 1.306045 / dir = -1.000000 / l_pyr = 0.011647
Debug   : vH = 7470 / nTets = 4 / pp.size() = 4 / 1.567363 0.441983 1.315378 -> 1.566613 0.444504 1.310250 / dir = -1.000000 / l_pyr = 0.011526
Debug   : vH = 7467 / nTets = 4 / pp.size() = 4 / 1.490881 0.429099 1.320490 -> 1.490111 0.431727 1.315503 / dir = -1.000000 / l_pyr = 0.011378
Debug   : vH = 7465 / nTets = 6 / pp.size() = 6 / 1.401265 0.413907 1.326686 -> 1.400469 0.416664 1.321875 / dir = -1.000000 / l_pyr = 0.011205
Debug   : vH = 7463 / nTets = 6 / pp.size() = 6 / 1.300417 0.396680 1.333932 -> 1.299594 0.399591 1.329330 / dir = -1.000000 / l_pyr = 0.011014
Debug   : vH = 7461 / nTets = 4 / pp.size() = 4 / 1.191954 0.377987 1.342056 -> 1.191100 0.381070 1.337693 / dir = -1.000000 / l_pyr = 0.010820
Debug   : vH = 7459 / nTets = 4 / pp.size() = 4 / 1.080817 0.358643 1.350748 -> 1.079932 0.361909 1.346644 / dir = -1.000000 / l_pyr = 0.010639
Debug   : vH = 7456 / nTets = 6 / pp.size() = 6 / 0.972447 0.339574 1.359593 -> 0.971531 0.343027 1.355755 / dir = -1.000000 / l_pyr = 0.010488
Debug   : vH = 7454 / nTets = 8 / pp.size() = 8 / 0.871772 0.321656 1.368148 -> 0.870828 0.325286 1.364565 / dir = -1.000000 / l_pyr = 0.010374
Debug   : vH = 7452 / nTets = 6 / pp.size() = 6 / 0.782367 0.305557 1.376023 -> 0.781397 0.309349 1.372676 / dir = -1.000000 / l_pyr = 0.010300
Debug   : vH = 7450 / nTets = 4 / pp.size() = 4 / 0.706112 0.291666 1.382951 -> 0.705120 0.295598 1.379810 / dir = -1.000000 / l_pyr = 0.010259
Debug   : vH = 7448 / nTets = 4 / pp.size() = 4 / 0.643295 0.280093 1.388804 -> 0.642284 0.284141 1.385836 / dir = -1.000000 / l_pyr = 0.010241
Debug   : vH = 7445 / nTets = 6 / pp.size() = 6 / 0.593012 0.270730 1.393582 -> 0.591984 0.274871 1.390754 / dir = -1.000000 / l_pyr = 0.010237
Debug   : vH = 7442 / nTets = 4 / pp.size() = 4 / 0.553685 0.263335 1.397375 -> 0.552644 0.267547 1.394659 / dir = -1.000000 / l_pyr = 0.010237
Debug   : vH = 7439 / nTets = 4 / pp.size() = 4 / 1.723395 0.456312 1.300657 -> 1.722637 0.458781 1.294460 / dir = -1.000000 / l_pyr = 0.013427
Debug   : vH = 7437 / nTets = 4 / pp.size() = 4 / 1.683899 0.449863 1.303022 -> 1.683129 0.452387 1.296897 / dir = -1.000000 / l_pyr = 0.013337
Debug   : vH = 7435 / nTets = 4 / pp.size() = 4 / 1.633418 0.441600 1.306100 -> 1.632634 0.444195 1.300073 / dir = -1.000000 / l_pyr = 0.013217
Debug   : vH = 7433 / nTets = 4 / pp.size() = 4 / 1.570379 0.431252 1.310034 -> 1.569578 0.433938 1.304135 / dir = -1.000000 / l_pyr = 0.013063
Debug   : vH = 7431 / nTets = 4 / pp.size() = 4 / 1.493893 0.418649 1.314946 -> 1.493070 0.421449 1.309209 / dir = -1.000000 / l_pyr = 0.012872
Debug   : vH = 7429 / nTets = 4 / pp.size() = 4 / 1.404266 0.403809 1.320896 -> 1.403419 0.406745 1.315361 / dir = -1.000000 / l_pyr = 0.012644
Debug   : vH = 7427 / nTets = 4 / pp.size() = 4 / 1.303403 0.387009 1.327849 -> 1.302529 0.390105 1.322555 / dir = -1.000000 / l_pyr = 0.012390
Debug   : vH = 7425 / nTets = 4 / pp.size() = 4 / 1.194916 0.368811 1.335642 -> 1.194013 0.372084 1.330619 / dir = -1.000000 / l_pyr = 0.012125
Debug   : vH = 7423 / nTets = 4 / pp.size() = 4 / 1.083749 0.350011 1.343974 -> 1.082816 0.353471 1.339243 / dir = -1.000000 / l_pyr = 0.011871
Debug   : vH = 7420 / nTets = 4 / pp.size() = 4 / 0.975340 0.331510 1.352451 -> 0.974378 0.335159 1.348014 / dir = -1.000000 / l_pyr = 0.011650
Debug   : vH = 7418 / nTets = 4 / pp.size() = 4 / 0.874622 0.314151 1.360645 -> 0.873633 0.317980 1.356490 / dir = -1.000000 / l_pyr = 0.011473
Debug   : vH = 7415 / nTets = 6 / pp.size() = 6 / 0.785173 0.298574 1.368185 -> 0.784160 0.302567 1.364287 / dir = -1.000000 / l_pyr = 0.011343
Debug   : vH = 7413 / nTets = 4 / pp.size() = 4 / 0.708876 0.285148 1.374818 -> 0.707841 0.289282 1.371141 / dir = -1.000000 / l_pyr = 0.011256
Debug   : vH = 7411 / nTets = 4 / pp.size() = 4 / 0.646020 0.273972 1.380419 -> 0.644967 0.278223 1.376929 / dir = -1.000000 / l_pyr = 0.011201
Debug   : vH = 7409 / nTets = 4 / pp.size() = 4 / 0.595704 0.264935 1.384991 -> 0.594635 0.269280 1.381651 / dir = -1.000000 / l_pyr = 0.011168
Debug   : vH = 7405 / nTets = 6 / pp.size() = 6 / 0.556349 0.257800 1.388620 -> 0.555267 0.262220 1.385398 / dir = -1.000000 / l_pyr = 0.011150
Debug   : vH = 7398 / nTets = 6 / pp.size() = 6 / 1.726769 0.443409 1.295349 -> 1.725958 0.446060 1.288270 / dir = -1.000000 / l_pyr = 0.015206
Debug   : vH = 7396 / nTets = 4 / pp.size() = 4 / 1.687270 0.437103 1.297613 -> 1.686449 0.439812 1.290621 / dir = -1.000000 / l_pyr = 0.015087
Debug   : vH = 7392 / nTets = 6 / pp.size() = 6 / 1.636786 0.429033 1.300560 -> 1.635951 0.431815 1.293683 / dir = -1.000000 / l_pyr = 0.014932
Debug   : vH = 7390 / nTets = 4 / pp.size() = 4 / 1.573743 0.418937 1.304326 -> 1.572891 0.421815 1.297599 / dir = -1.000000 / l_pyr = 0.014733
Debug   : vH = 7387 / nTets = 6 / pp.size() = 6 / 1.497248 0.406659 1.309026 -> 1.496376 0.409655 1.302489 / dir = -1.000000 / l_pyr = 0.014486
Debug   : vH = 7385 / nTets = 4 / pp.size() = 4 / 1.407609 0.392226 1.314718 -> 1.406714 0.395364 1.308415 / dir = -1.000000 / l_pyr = 0.014194
Debug   : vH = 7383 / nTets = 4 / pp.size() = 4 / 1.306727 0.375917 1.321368 -> 1.305806 0.379219 1.315341 / dir = -1.000000 / l_pyr = 0.013868
Debug   : vH = 7380 / nTets = 6 / pp.size() = 6 / 1.198215 0.358283 1.328819 -> 1.197266 0.361768 1.323101 / dir = -1.000000 / l_pyr = 0.013526
Debug   : vH = 7378 / nTets = 4 / pp.size() = 4 / 1.087014 0.340100 1.336784 -> 1.086037 0.343777 1.331394 / dir = -1.000000 / l_pyr = 0.013194
Debug   : vH = 7375 / nTets = 4 / pp.size() = 4 / 0.978567 0.322237 1.344884 -> 0.977563 0.326107 1.339825 / dir = -1.000000 / l_pyr = 0.012897
Debug   : vH = 7373 / nTets = 4 / pp.size() = 4 / 0.877809 0.305501 1.352713 -> 0.876779 0.309555 1.347967 / dir = -1.000000 / l_pyr = 0.012651
Debug   : vH = 7371 / nTets = 4 / pp.size() = 4 / 0.788320 0.290503 1.359916 -> 0.787267 0.294721 1.355453 / dir = -1.000000 / l_pyr = 0.012461
Debug   : vH = 7369 / nTets = 4 / pp.size() = 4 / 0.711986 0.277589 1.366251 -> 0.710913 0.281950 1.362032 / dir = -1.000000 / l_pyr = 0.012323
Debug   : vH = 7366 / nTets = 4 / pp.size() = 4 / 0.649099 0.266847 1.371602 -> 0.648009 0.271326 1.367586 / dir = -1.000000 / l_pyr = 0.012227
Debug   : vH = 7364 / nTets = 4 / pp.size() = 4 / 0.598756 0.258166 1.375968 -> 0.597651 0.262740 1.372116 / dir = -1.000000 / l_pyr = 0.012161
Debug   : vH = 7360 / nTets = 6 / pp.size() = 6 / 0.559380 0.251316 1.379434 -> 0.558263 0.255964 1.375711 / dir = -1.000000 / l_pyr = 0.012117
Debug   : vH = 7355 / nTets = 6 / pp.size() = 6 / 1.730486 0.428690 1.289646 -> 1.729626 0.431545 1.281618 / dir = -1.000000 / l_pyr = 0.017127
Debug   : vH = 7353 / nTets = 4 / pp.size() = 4 / 1.690983 0.422556 1.291805 -> 1.690112 0.425471 1.283882 / dir = -1.000000 / l_pyr = 0.016975
Debug   : vH = 7351 / nTets = 4 / pp.size() = 4 / 1.640492 0.414713 1.294615 -> 1.639608 0.417705 1.286829 / dir = -1.000000 / l_pyr = 0.016775
Debug   : vH = 7348 / nTets = 6 / pp.size() = 6 / 1.577440 0.404916 1.298206 -> 1.576540 0.408007 1.290598 / dir = -1.000000 / l_pyr = 0.016522
Debug   : vH = 7346 / nTets = 4 / pp.size() = 4 / 1.500933 0.393020 1.302686 -> 1.500014 0.396233 1.295302 / dir = -1.000000 / l_pyr = 0.016210
Debug   : vH = 7343 / nTets = 6 / pp.size() = 6 / 1.411276 0.379060 1.308112 -> 1.410336 0.382420 1.301001 / dir = -1.000000 / l_pyr = 0.015841
Debug   : vH = 7341 / nTets = 4 / pp.size() = 4 / 1.310371 0.363317 1.314450 -> 1.309407 0.366846 1.307658 / dir = -1.000000 / l_pyr = 0.015429
Debug   : vH = 7339 / nTets = 4 / pp.size() = 4 / 1.201828 0.346329 1.321550 -> 1.200839 0.350045 1.315112 / dir = -1.000000 / l_pyr = 0.014997
Debug   : vH = 7337 / nTets = 4 / pp.size() = 4 / 1.090592 0.328846 1.329139 -> 1.089577 0.332757 1.323075 / dir = -1.000000 / l_pyr = 0.014574
Debug   : vH = 7335 / nTets = 6 / pp.size() = 6 / 0.982105 0.311703 1.336858 -> 0.981065 0.315808 1.331165 / dir = -1.000000 / l_pyr = 0.014191
Debug   : vH = 7333 / nTets = 4 / pp.size() = 4 / 0.881305 0.295666 1.344318 -> 0.880243 0.299956 1.338975 / dir = -1.000000 / l_pyr = 0.013867
Debug   : vH = 7331 / nTets = 4 / pp.size() = 4 / 0.791778 0.281313 1.351183 -> 0.790695 0.285768 1.346155 / dir = -1.000000 / l_pyr = 0.013609
Debug   : vH = 7328 / nTets = 6 / pp.size() = 6 / 0.715410 0.268967 1.357220 -> 0.714309 0.273564 1.352463 / dir = -1.000000 / l_pyr = 0.013414
Debug   : vH = 7326 / nTets = 8 / pp.size() = 8 / 0.652495 0.258705 1.362320 -> 0.651379 0.263420 1.357786 / dir = -1.000000 / l_pyr = 0.013272
Debug   : vH = 7323 / nTets = 6 / pp.size() = 6 / 0.602130 0.250417 1.366483 -> 0.601000 0.255227 1.362129 / dir = -1.000000 / l_pyr = 0.013171
Debug   : vH = 7320 / nTets = 4 / pp.size() = 4 / 0.562737 0.243880 1.369788 -> 0.561597 0.248763 1.365574 / dir = -1.000000 / l_pyr = 0.013100
Debug   : vH = 7315 / nTets = 4 / pp.size() = 4 / 1.734535 0.412019 1.283512 -> 1.733629 0.415095 1.274473 / dir = -1.000000 / l_pyr = 0.019182
Debug   : vH = 7312 / nTets = 10 / pp.size() = 10 / 1.695022 0.406091 1.285562 -> 1.694108 0.409229 1.276649 / dir = -1.000000 / l_pyr = 0.018987
Debug   : vH = 7309 / nTets = 4 / pp.size() = 4 / 1.644520 0.398520 1.288230 -> 1.643594 0.401739 1.279483 / dir = -1.000000 / l_pyr = 0.018733
Debug   : vH = 7307 / nTets = 4 / pp.size() = 4 / 1.581453 0.389077 1.291639 -> 1.580513 0.392398 1.283104 / dir = -1.000000 / l_pyr = 0.018414
Debug   : vH = 7305 / nTets = 4 / pp.size() = 4 / 1.504927 0.377630 1.295893 -> 1.503969 0.381077 1.287622 / dir = -1.000000 / l_pyr = 0.018022
Debug   : vH = 7303 / nTets = 4 / pp.size() = 4 / 1.415245 0.364224 1.301044 -> 1.414268 0.367822 1.293093 / dir = -1.000000 / l_pyr = 0.017563
Debug   : vH = 7300 / nTets = 6 / pp.size() = 6 / 1.314309 0.349136 1.307063 -> 1.313311 0.352907 1.299481 / dir = -1.000000 / l_pyr = 0.017052
Debug   : vH = 7298 / nTets = 4 / pp.size() = 4 / 1.205729 0.332890 1.313805 -> 1.204709 0.336851 1.306630 / dir = -1.000000 / l_pyr = 0.016517
Debug   : vH = 7295 / nTets = 6 / pp.size() = 6 / 1.094451 0.316206 1.321014 -> 1.093408 0.320365 1.314264 / dir = -1.000000 / l_pyr = 0.015993
Debug   : vH = 7292 / nTets = 6 / pp.size() = 6 / 0.985919 0.299876 1.328347 -> 0.984855 0.304231 1.322017 / dir = -1.000000 / l_pyr = 0.015514
Debug   : vH = 7290 / nTets = 6 / pp.size() = 6 / 0.885076 0.284625 1.335437 -> 0.883992 0.289164 1.329500 / dir = -1.000000 / l_pyr = 0.015104
Debug   : vH = 7288 / nTets = 4 / pp.size() = 4 / 0.795509 0.270992 1.341964 -> 0.794407 0.275697 1.336378 / dir = -1.000000 / l_pyr = 0.014773
Debug   : vH = 7286 / nTets = 4 / pp.size() = 4 / 0.719108 0.259277 1.347707 -> 0.717990 0.264124 1.342420 / dir = -1.000000 / l_pyr = 0.014518
Debug   : vH = 7284 / nTets = 4 / pp.size() = 4 / 0.656167 0.249548 1.352559 -> 0.655035 0.254511 1.347519 / dir = -1.000000 / l_pyr = 0.014327
Debug   : vH = 7282 / nTets = 4 / pp.size() = 4 / 0.605782 0.241693 1.356520 -> 0.604638 0.246751 1.351678 / dir = -1.000000 / l_pyr = 0.014188
Debug   : vH = 7278 / nTets = 6 / pp.size() = 6 / 0.566375 0.235501 1.359666 -> 0.565221 0.240631 1.354979 / dir = -1.000000 / l_pyr = 0.014088
Debug   : vH = 7271 / nTets = 4 / pp.size() = 4 / 1.738890 0.393251 1.276909 -> 1.737947 0.396572 1.266790 / dir = -1.000000 / l_pyr = 0.021384
Debug   : vH = 7269 / nTets = 4 / pp.size() = 4 / 1.699364 0.387572 1.278847 -> 1.698413 0.390958 1.268880 / dir = -1.000000 / l_pyr = 0.021138
Debug   : vH = 7267 / nTets = 4 / pp.size() = 4 / 1.648844 0.380328 1.281368 -> 1.647883 0.383797 1.271600 / dir = -1.000000 / l_pyr = 0.020821
Debug   : vH = 7264 / nTets = 4 / pp.size() = 4 / 1.585755 0.371306 1.284590 -> 1.584781 0.374880 1.275074 / dir = -1.000000 / l_pyr = 0.020423
Debug   : vH = 7261 / nTets = 6 / pp.size() = 6 / 1.509202 0.360389 1.288611 -> 1.508213 0.364093 1.279408 / dir = -1.000000 / l_pyr = 0.019940
Debug   : vH = 7259 / nTets = 4 / pp.size() = 4 / 1.419486 0.347630 1.293482 -> 1.418481 0.351488 1.284652 / dir = -1.000000 / l_pyr = 0.019377
Debug   : vH = 7257 / nTets = 4 / pp.size() = 4 / 1.318510 0.333302 1.299174 -> 1.317486 0.337336 1.290772 / dir = -1.000000 / l_pyr = 0.018753
Debug   : vH = 7255 / nTets = 4 / pp.size() = 4 / 1.209884 0.317909 1.305553 -> 1.208842 0.322136 1.297618 / dir = -1.000000 / l_pyr = 0.018103
Debug   : vH = 7253 / nTets = 4 / pp.size() = 4 / 1.098556 0.302133 1.312377 -> 1.097495 0.306561 1.304925 / dir = -1.000000 / l_pyr = 0.017467
Debug   : vH = 7250 / nTets = 4 / pp.size() = 4 / 0.989974 0.286723 1.319323 -> 0.988895 0.291348 1.312344 / dir = -1.000000 / l_pyr = 0.016884
Debug   : vH = 7248 / nTets = 4 / pp.size() = 4 / 0.889083 0.272354 1.326042 -> 0.887987 0.277164 1.319503 / dir = -1.000000 / l_pyr = 0.016383
Debug   : vH = 7245 / nTets = 6 / pp.size() = 6 / 0.799474 0.259526 1.332232 -> 0.798363 0.264502 1.326083 / dir = -1.000000 / l_pyr = 0.015975
Debug   : vH = 7243 / nTets = 4 / pp.size() = 4 / 0.723039 0.248513 1.337681 -> 0.721914 0.253630 1.331864 / dir = -1.000000 / l_pyr = 0.015657
Debug   : vH = 7241 / nTets = 4 / pp.size() = 4 / 0.660071 0.239373 1.342287 -> 0.658935 0.244607 1.336744 / dir = -1.000000 / l_pyr = 0.015416
Debug   : vH = 7239 / nTets = 4 / pp.size() = 4 / 0.609667 0.231998 1.346050 -> 0.608520 0.237325 1.340725 / dir = -1.000000 / l_pyr = 0.015238
Debug   : vH = 7235 / nTets = 4 / pp.size() = 4 / 0.570246 0.226185 1.349038 -> 0.569091 0.231584 1.343884 / dir = -1.000000 / l_pyr = 0.015108
Debug   : vH = 7230 / nTets = 8 / pp.size() = 8 / 1.743510 0.372262 1.269804 -> 1.742540 0.375844 1.258562 / dir = -1.000000 / l_pyr = 0.023677
Debug   : vH = 7227 / nTets = 4 / pp.size() = 4 / 1.703964 0.366881 1.271626 -> 1.702987 0.370530 1.260566 / dir = -1.000000 / l_pyr = 0.023373
Debug   : vH = 7225 / nTets = 4 / pp.size() = 4 / 1.653419 0.360026 1.273996 -> 1.652434 0.363761 1.263173 / dir = -1.000000 / l_pyr = 0.022983
Debug   : vH = 7223 / nTets = 4 / pp.size() = 4 / 1.590300 0.351503 1.277027 -> 1.589305 0.355346 1.266502 / dir = -1.000000 / l_pyr = 0.022497
Debug   : vH = 7221 / nTets = 4 / pp.size() = 4 / 1.513710 0.341209 1.280810 -> 1.512702 0.345185 1.270651 / dir = -1.000000 / l_pyr = 0.021911
Debug   : vH = 7219 / nTets = 4 / pp.size() = 4 / 1.423952 0.329204 1.285394 -> 1.422930 0.333337 1.275669 / dir = -1.000000 / l_pyr = 0.021232
Debug   : vH = 7217 / nTets = 4 / pp.size() = 4 / 1.322926 0.315754 1.290754 -> 1.321889 0.320066 1.281521 / dir = -1.000000 / l_pyr = 0.020485
Debug   : vH = 7214 / nTets = 6 / pp.size() = 6 / 1.214245 0.301337 1.296766 -> 1.213194 0.305844 1.288065 / dir = -1.000000 / l_pyr = 0.019710
Debug   : vH = 7211 / nTets = 6 / pp.size() = 6 / 1.102860 0.286594 1.303201 -> 1.101794 0.291303 1.295047 / dir = -1.000000 / l_pyr = 0.018953
Debug   : vH = 7209 / nTets = 4 / pp.size() = 4 / 0.994221 0.272220 1.309758 -> 0.993141 0.277128 1.302136 / dir = -1.000000 / l_pyr = 0.018259
Debug   : vH = 7207 / nTets = 6 / pp.size() = 6 / 0.893278 0.258839 1.316106 -> 0.892184 0.263931 1.308975 / dir = -1.000000 / l_pyr = 0.017661
Debug   : vH = 7203 / nTets = 6 / pp.size() = 6 / 0.803624 0.246907 1.321959 -> 0.802517 0.252164 1.315262 / dir = -1.000000 / l_pyr = 0.017171
Debug   : vH = 7201 / nTets = 6 / pp.size() = 6 / 0.727152 0.236672 1.327116 -> 0.726035 0.242070 1.320786 / dir = -1.000000 / l_pyr = 0.016787
Debug   : vH = 7198 / nTets = 6 / pp.size() = 6 / 0.664158 0.228183 1.331479 -> 0.663030 0.233696 1.325450 / dir = -1.000000 / l_pyr = 0.016495
Debug   : vH = 7196 / nTets = 4 / pp.size() = 4 / 0.613733 0.221335 1.335044 -> 0.612598 0.226941 1.329255 / dir = -1.000000 / l_pyr = 0.016276
Debug   : vH = 7192 / nTets = 6 / pp.size() = 6 / 0.574299 0.215939 1.337878 -> 0.573156 0.221617 1.332276 / dir = -1.000000 / l_pyr = 0.016116
Debug   : vH = 7187 / nTets = 4 / pp.size() = 4 / 1.748327 0.348951 1.262168 -> 1.747344 0.352814 1.249762 / dir = -1.000000 / l_pyr = 0.026061
Debug   : vH = 7184 / nTets = 8 / pp.size() = 8 / 1.708756 0.343925 1.263870 -> 1.707768 0.347856 1.251681 / dir = -1.000000 / l_pyr = 0.025691
Debug   : vH = 7181 / nTets = 6 / pp.size() = 6 / 1.658180 0.337532 1.266087 -> 1.657185 0.341550 1.254177 / dir = -1.000000 / l_pyr = 0.025218
Debug   : vH = 7179 / nTets = 4 / pp.size() = 4 / 1.595023 0.329596 1.268921 -> 1.594020 0.333725 1.257361 / dir = -1.000000 / l_pyr = 0.024633
Debug   : vH = 7176 / nTets = 6 / pp.size() = 6 / 1.518387 0.320030 1.272461 -> 1.517375 0.324293 1.261327 / dir = -1.000000 / l_pyr = 0.023931
Debug   : vH = 7173 / nTets = 6 / pp.size() = 6 / 1.428576 0.308899 1.276755 -> 1.427553 0.313322 1.266121 / dir = -1.000000 / l_pyr = 0.023124
Debug   : vH = 7171 / nTets = 4 / pp.size() = 4 / 1.327490 0.296457 1.281780 -> 1.326457 0.301061 1.271709 / dir = -1.000000 / l_pyr = 0.022242
Debug   : vH = 7169 / nTets = 4 / pp.size() = 4 / 1.218746 0.283151 1.287420 -> 1.217702 0.287952 1.277954 / dir = -1.000000 / l_pyr = 0.021330
Debug   : vH = 7167 / nTets = 4 / pp.size() = 4 / 1.107296 0.269575 1.293466 -> 1.106241 0.274578 1.284615 / dir = -1.000000 / l_pyr = 0.020443
Debug   : vH = 7164 / nTets = 6 / pp.size() = 6 / 0.998595 0.256364 1.299633 -> 0.997529 0.261565 1.291377 / dir = -1.000000 / l_pyr = 0.019631
Debug   : vH = 7162 / nTets = 4 / pp.size() = 4 / 0.897595 0.244083 1.305612 -> 0.896519 0.249468 1.297902 / dir = -1.000000 / l_pyr = 0.018931
Debug   : vH = 7160 / nTets = 4 / pp.size() = 4 / 0.807893 0.233144 1.311130 -> 0.806807 0.238693 1.303900 / dir = -1.000000 / l_pyr = 0.018357
Debug   : vH = 7158 / nTets = 4 / pp.size() = 4 / 0.731383 0.223768 1.315998 -> 0.730289 0.229456 1.309172 / dir = -1.000000 / l_pyr = 0.017904
Debug   : vH = 7156 / nTets = 4 / pp.size() = 4 / 0.668360 0.215995 1.320120 -> 0.667258 0.221797 1.313624 / dir = -1.000000 / l_pyr = 0.017557
Debug   : vH = 7154 / nTets = 4 / pp.size() = 4 / 0.617916 0.209726 1.323491 -> 0.616807 0.215619 1.317259 / dir = -1.000000 / l_pyr = 0.017298
Debug   : vH = 7151 / nTets = 4 / pp.size() = 4 / 0.578468 0.204786 1.326173 -> 0.577353 0.210750 1.320144 / dir = -1.000000 / l_pyr = 0.017106
Debug   : vH = 7147 / nTets = 4 / pp.size() = 4 / 1.753265 0.323247 1.253974 -> 1.752287 0.327404 1.240388 / dir = -1.000000 / l_pyr = 0.028482
Debug   : vH = 7144 / nTets = 4 / pp.size() = 4 / 1.713663 0.318638 1.255554 -> 1.712682 0.322865 1.242222 / dir = -1.000000 / l_pyr = 0.028041
Debug   : vH = 7142 / nTets = 4 / pp.size() = 4 / 1.663049 0.312785 1.257613 -> 1.662063 0.317102 1.244605 / dir = -1.000000 / l_pyr = 0.027482
Debug   : vH = 7139 / nTets = 6 / pp.size() = 6 / 1.599846 0.305533 1.260248 -> 1.598854 0.309962 1.247645 / dir = -1.000000 / l_pyr = 0.026792
Debug   : vH = 7137 / nTets = 4 / pp.size() = 4 / 1.523157 0.296808 1.263542 -> 1.522159 0.301374 1.251428 / dir = -1.000000 / l_pyr = 0.025970
Debug   : vH = 7135 / nTets = 4 / pp.size() = 4 / 1.433285 0.286680 1.267541 -> 1.432280 0.291407 1.255998 / dir = -1.000000 / l_pyr = 0.025028
Debug   : vH = 7132 / nTets = 6 / pp.size() = 6 / 1.332132 0.275387 1.272227 -> 1.331120 0.280297 1.261322 / dir = -1.000000 / l_pyr = 0.024005
Debug   : vH = 7130 / nTets = 4 / pp.size() = 4 / 1.223318 0.263339 1.277495 -> 1.222298 0.268446 1.267269 / dir = -1.000000 / l_pyr = 0.022951
Debug   : vH = 7128 / nTets = 4 / pp.size() = 4 / 1.111798 0.251072 1.283150 -> 1.110771 0.256382 1.273612 / dir = -1.000000 / l_pyr = 0.021931
Debug   : vH = 7126 / nTets = 4 / pp.size() = 4 / 1.003030 0.239158 1.288929 -> 1.001996 0.244665 1.280050 / dir = -1.000000 / l_pyr = 0.020999
Debug   : vH = 7124 / nTets = 4 / pp.size() = 4 / 0.901970 0.228097 1.294540 -> 0.900929 0.233787 1.286264 / dir = -1.000000 / l_pyr = 0.020195
Debug   : vH = 7122 / nTets = 4 / pp.size() = 4 / 0.812218 0.218253 1.299727 -> 0.811170 0.224105 1.291978 / dir = -1.000000 / l_pyr = 0.019533
Debug   : vH = 7119 / nTets = 6 / pp.size() = 6 / 0.735670 0.209820 1.304309 -> 0.734615 0.215809 1.297004 / dir = -1.000000 / l_pyr = 0.019010
Debug   : vH = 7117 / nTets = 4 / pp.size() = 4 / 0.672617 0.202829 1.308194 -> 0.671557 0.208931 1.301250 / dir = -1.000000 / l_pyr = 0.018608
Debug   : vH = 7113 / nTets = 6 / pp.size() = 6 / 0.622152 0.197193 1.311375 -> 0.621087 0.203383 1.304718 / dir = -1.000000 / l_pyr = 0.018306
Debug   : vH = 7110 / nTets = 6 / pp.size() = 6 / 0.582690 0.192751 1.313906 -> 0.581619 0.199011 1.307472 / dir = -1.000000 / l_pyr = 0.018081
Debug   : vH = 7104 / nTets = 10 / pp.size() = 10 / 1.758221 0.295125 1.245203 -> 1.757270 0.299588 1.230443 / dir = -1.000000 / l_pyr = 0.030899
Debug   : vH = 7102 / nTets = 8 / pp.size() = 8 / 1.718585 0.290997 1.246658 -> 1.717632 0.295532 1.232185 / dir = -1.000000 / l_pyr = 0.030394
Debug   : vH = 7099 / nTets = 8 / pp.size() = 8 / 1.667930 0.285762 1.248555 -> 1.666974 0.290390 1.234449 / dir = -1.000000 / l_pyr = 0.029754
Debug   : vH = 7097 / nTets = 4 / pp.size() = 4 / 1.604678 0.279289 1.250985 -> 1.603717 0.284034 1.237334 / dir = -1.000000 / l_pyr = 0.028968
Debug   : vH = 7094 / nTets = 6 / pp.size() = 6 / 1.527931 0.271519 1.254027 -> 1.526967 0.276406 1.240925 / dir = -1.000000 / l_pyr = 0.028034
Debug   : vH = 7092 / nTets = 4 / pp.size() = 4 / 1.437994 0.262524 1.257725 -> 1.437025 0.267577 1.245262 / dir = -1.000000 / l_pyr = 0.026967
Debug   : vH = 7090 / nTets = 4 / pp.size() = 4 / 1.336772 0.252521 1.262067 -> 1.335798 0.257761 1.250314 / dir = -1.000000 / l_pyr = 0.025809
Debug   : vH = 7088 / nTets = 6 / pp.size() = 6 / 1.227885 0.241879 1.266958 -> 1.226908 0.247319 1.255959 / dir = -1.000000 / l_pyr = 0.024618
Debug   : vH = 7085 / nTets = 6 / pp.size() = 6 / 1.116294 0.231069 1.272220 -> 1.115312 0.236713 1.261983 / dir = -1.000000 / l_pyr = 0.023462
Debug   : vH = 7083 / nTets = 4 / pp.size() = 4 / 1.007458 0.220590 1.277610 -> 1.006473 0.226431 1.268103 / dir = -1.000000 / l_pyr = 0.022403
Debug   : vH = 7080 / nTets = 6 / pp.size() = 6 / 0.906338 0.210876 1.282857 -> 0.905349 0.216897 1.274016 / dir = -1.000000 / l_pyr = 0.021484
Debug   : vH = 7078 / nTets = 4 / pp.size() = 4 / 0.816536 0.202238 1.287718 -> 0.815543 0.208416 1.279459 / dir = -1.000000 / l_pyr = 0.020723
Debug   : vH = 7076 / nTets = 4 / pp.size() = 4 / 0.739947 0.194841 1.292020 -> 0.738950 0.201151 1.284251 / dir = -1.000000 / l_pyr = 0.020118
Debug   : vH = 7073 / nTets = 6 / pp.size() = 6 / 0.676865 0.188709 1.295675 -> 0.675864 0.195126 1.288304 / dir = -1.000000 / l_pyr = 0.019649
Debug   : vH = 7070 / nTets = 6 / pp.size() = 6 / 0.626378 0.183764 1.298672 -> 0.625373 0.190265 1.291616 / dir = -1.000000 / l_pyr = 0.019294
Debug   : vH = 7067 / nTets = 6 / pp.size() = 6 / 0.586900 0.179865 1.301060 -> 0.585892 0.186432 1.294249 / dir = -1.000000 / l_pyr = 0.019029
Debug   : vH = 7063 / nTets = 4 / pp.size() = 4 / 1.763075 0.264594 1.235837 -> 1.762176 0.269377 1.219918 / dir = -1.000000 / l_pyr = 0.033293
Debug   : vH = 7059 / nTets = 4 / pp.size() = 4 / 1.723406 0.261005 1.237161 -> 1.722505 0.265864 1.221561 / dir = -1.000000 / l_pyr = 0.032727
Debug   : vH = 7056 / nTets = 4 / pp.size() = 4 / 1.672710 0.256463 1.238889 -> 1.671807 0.261420 1.223697 / dir = -1.000000 / l_pyr = 0.032011
Debug   : vH = 7053 / nTets = 8 / pp.size() = 8 / 1.609408 0.250863 1.241106 -> 1.608503 0.255941 1.226421 / dir = -1.000000 / l_pyr = 0.031130
Debug   : vH = 7051 / nTets = 4 / pp.size() = 4 / 1.532605 0.244160 1.243886 -> 1.531698 0.249385 1.229811 / dir = -1.000000 / l_pyr = 0.030082
Debug   : vH = 7048 / nTets = 8 / pp.size() = 8 / 1.442606 0.236426 1.247275 -> 1.441696 0.241822 1.233909 / dir = -1.000000 / l_pyr = 0.028885
Debug   : vH = 7046 / nTets = 4 / pp.size() = 4 / 1.341316 0.227858 1.251264 -> 1.340405 0.233445 1.238687 / dir = -1.000000 / l_pyr = 0.027584
Debug   : vH = 7043 / nTets = 4 / pp.size() = 4 / 1.232360 0.218773 1.255772 -> 1.231448 0.224561 1.244030 / dir = -1.000000 / l_pyr = 0.026246
Debug   : vH = 7041 / nTets = 4 / pp.size() = 4 / 1.120701 0.209574 1.260639 -> 1.119787 0.215566 1.249737 / dir = -1.000000 / l_pyr = 0.024946
Debug   : vH = 7039 / nTets = 4 / pp.size() = 4 / 1.011801 0.200680 1.265642 -> 1.010887 0.206865 1.255545 / dir = -1.000000 / l_pyr = 0.023752
Debug   : vH = 7037 / nTets = 4 / pp.size() = 4 / 0.910623 0.192450 1.270529 -> 0.909708 0.198810 1.261166 / dir = -1.000000 / l_pyr = 0.022712
Debug   : vH = 7033 / nTets = 6 / pp.size() = 6 / 0.820772 0.185137 1.275073 -> 0.819855 0.191649 1.266350 / dir = -1.000000 / l_pyr = 0.021849
Debug   : vH = 7031 / nTets = 8 / pp.size() = 8 / 0.744144 0.178877 1.279108 -> 0.743226 0.185514 1.270921 / dir = -1.000000 / l_pyr = 0.021158
Debug   : vH = 7029 / nTets = 4 / pp.size() = 4 / 0.681030 0.173687 1.282544 -> 0.680110 0.180424 1.274793 / dir = -1.000000 / l_pyr = 0.020621
Debug   : vH = 7027 / nTets = 4 / pp.size() = 4 / 0.630520 0.169498 1.285368 -> 0.629598 0.176314 1.277962 / dir = -1.000000 / l_pyr = 0.020213
Debug   : vH = 7023 / nTets = 6 / pp.size() = 6 / 0.591025 0.166194 1.287622 -> 0.590101 0.173070 1.280485 / dir = -1.000000 / l_pyr = 0.019907
Debug   : vH = 7018 / nTets = 4 / pp.size() = 4 / 1.767696 0.231743 1.225862 -> 1.766896 0.236737 1.209246 / dir = -1.000000 / l_pyr = 0.034736
Debug   : vH = 7015 / nTets = 4 / pp.size() = 4 / 1.727996 0.228748 1.227047 -> 1.727176 0.233938 1.210400 / dir = -1.000000 / l_pyr = 0.034913
Debug   : vH = 7012 / nTets = 6 / pp.size() = 6 / 1.677262 0.224971 1.228597 -> 1.676441 0.230264 1.212396 / dir = -1.000000 / l_pyr = 0.034126
Debug   : vH = 7010 / nTets = 4 / pp.size() = 4 / 1.613916 0.220332 1.230591 -> 1.613094 0.225752 1.214944 / dir = -1.000000 / l_pyr = 0.033159
Debug   : vH = 7007 / nTets = 8 / pp.size() = 8 / 1.537063 0.214805 1.233098 -> 1.536240 0.220378 1.218119 / dir = -1.000000 / l_pyr = 0.032006
Debug   : vH = 7005 / nTets = 4 / pp.size() = 4 / 1.447007 0.208461 1.236166 -> 1.446185 0.214212 1.221963 / dir = -1.000000 / l_pyr = 0.030689
Debug   : vH = 7001 / nTets = 6 / pp.size() = 6 / 1.345658 0.201472 1.239793 -> 1.344836 0.207418 1.226454 / dir = -1.000000 / l_pyr = 0.029255
Debug   : vH = 6999 / nTets = 6 / pp.size() = 6 / 1.236642 0.194100 1.243912 -> 1.235821 0.200250 1.231487 / dir = -1.000000 / l_pyr = 0.027775
Debug   : vH = 6996 / nTets = 6 / pp.size() = 6 / 1.124923 0.186671 1.248382 -> 1.124103 0.193024 1.236878 / dir = -1.000000 / l_pyr = 0.026333
Debug   : vH = 6993 / nTets = 6 / pp.size() = 6 / 1.015967 0.179516 1.253002 -> 1.015149 0.186058 1.242378 / dir = -1.000000 / l_pyr = 0.025006
Debug   : vH = 6991 / nTets = 4 / pp.size() = 4 / 0.914738 0.172910 1.257538 -> 0.913922 0.179622 1.247716 / dir = -1.000000 / l_pyr = 0.023849
Debug   : vH = 6989 / nTets = 4 / pp.size() = 4 / 0.824843 0.167047 1.261776 -> 0.824027 0.173903 1.252651 / dir = -1.000000 / l_pyr = 0.022886
Debug   : vH = 6987 / nTets = 4 / pp.size() = 4 / 0.748178 0.162028 1.265555 -> 0.747362 0.169003 1.257014 / dir = -1.000000 / l_pyr = 0.022114
Debug   : vH = 6984 / nTets = 6 / pp.size() = 6 / 0.685035 0.157864 1.268784 -> 0.684219 0.164933 1.260718 / dir = -1.000000 / l_pyr = 0.021514
Debug   : vH = 6981 / nTets = 6 / pp.size() = 6 / 0.634502 0.154498 1.271447 -> 0.633685 0.161641 1.263755 / dir = -1.000000 / l_pyr = 0.021056
Debug   : vH = 6978 / nTets = 4 / pp.size() = 4 / 0.594990 0.151840 1.273577 -> 0.594172 0.159038 1.266176 / dir = -1.000000 / l_pyr = 0.020713
Debug   : vH = 6973 / nTets = 4 / pp.size() = 4 / 1.771934 0.196788 1.215272 -> 1.771280 0.201821 1.198671 / dir = -1.000000 / l_pyr = 0.034720
Debug   : vH = 6971 / nTets = 10 / pp.size() = 10 / 1.732207 0.194446 1.216312 -> 1.731500 0.199966 1.198767 / dir = -1.000000 / l_pyr = 0.036814
Debug   : vH = 6969 / nTets = 4 / pp.size() = 4 / 1.681441 0.191509 1.217676 -> 1.680735 0.197135 1.200623 / dir = -1.000000 / l_pyr = 0.035943
Debug   : vH = 6965 / nTets = 6 / pp.size() = 6 / 1.618058 0.187925 1.219438 -> 1.617352 0.193681 1.202994 / dir = -1.000000 / l_pyr = 0.034872
Debug   : vH = 6963 / nTets = 4 / pp.size() = 4 / 1.541164 0.183686 1.221664 -> 1.540459 0.189598 1.205954 / dir = -1.000000 / l_pyr = 0.033600
Debug   : vH = 6960 / nTets = 4 / pp.size() = 4 / 1.451064 0.178864 1.224403 -> 1.450361 0.184954 1.209543 / dir = -1.000000 / l_pyr = 0.032150
Debug   : vH = 6958 / nTets = 4 / pp.size() = 4 / 1.349669 0.173600 1.227663 -> 1.348969 0.179883 1.213743 / dir = -1.000000 / l_pyr = 0.030577
Debug   : vH = 6956 / nTets = 4 / pp.size() = 4 / 1.240608 0.168094 1.231390 -> 1.239910 0.174579 1.218462 / dir = -1.000000 / l_pyr = 0.028962
Debug   : vH = 6954 / nTets = 4 / pp.size() = 4 / 1.128844 0.162588 1.235466 -> 1.128149 0.169272 1.223530 / dir = -1.000000 / l_pyr = 0.027396
Debug   : vH = 6952 / nTets = 4 / pp.size() = 4 / 1.019846 0.157316 1.239708 -> 1.019154 0.164185 1.228716 / dir = -1.000000 / l_pyr = 0.025961
Debug   : vH = 6949 / nTets = 6 / pp.size() = 6 / 0.918579 0.152463 1.243903 -> 0.917889 0.159497 1.233766 / dir = -1.000000 / l_pyr = 0.024715
Debug   : vH = 6947 / nTets = 4 / pp.size() = 4 / 0.828649 0.148161 1.247844 -> 0.827961 0.155335 1.238449 / dir = -1.000000 / l_pyr = 0.023682
Debug   : vH = 6944 / nTets = 4 / pp.size() = 4 / 0.751956 0.144474 1.251377 -> 0.751269 0.151764 1.242601 / dir = -1.000000 / l_pyr = 0.022857
Debug   : vH = 6942 / nTets = 4 / pp.size() = 4 / 0.688790 0.141409 1.254408 -> 0.688103 0.148789 1.246136 / dir = -1.000000 / l_pyr = 0.022215
Debug   : vH = 6940 / nTets = 4 / pp.size() = 4 / 0.638238 0.138924 1.256916 -> 0.637550 0.146375 1.249040 / dir = -1.000000 / l_pyr = 0.021728
Debug   : vH = 6935 / nTets = 8 / pp.size() = 8 / 0.598711 0.136956 1.258928 -> 0.598022 0.144461 1.251360 / dir = -1.000000 / l_pyr = 0.021362
Debug   : vH = 6929 / nTets = 4 / pp.size() = 4 / 1.775635 0.160043 1.204055 -> 1.775137 0.165163 1.187483 / dir = -1.000000 / l_pyr = 0.034705
Debug   : vH = 6926 / nTets = 4 / pp.size() = 4 / 1.735887 0.158423 1.204947 -> 1.735326 0.164280 1.186685 / dir = -1.000000 / l_pyr = 0.038373
Debug   : vH = 6922 / nTets = 4 / pp.size() = 4 / 1.685098 0.156410 1.206123 -> 1.684538 0.162373 1.188401 / dir = -1.000000 / l_pyr = 0.037413
Debug   : vH = 6920 / nTets = 6 / pp.size() = 6 / 1.621690 0.153983 1.207650 -> 1.621131 0.160076 1.190594 / dir = -1.000000 / l_pyr = 0.036241
Debug   : vH = 6917 / nTets = 6 / pp.size() = 6 / 1.544769 0.151151 1.209593 -> 1.544212 0.157398 1.193331 / dir = -1.000000 / l_pyr = 0.034858
Debug   : vH = 6915 / nTets = 8 / pp.size() = 8 / 1.454642 0.147983 1.212003 -> 1.454088 0.154405 1.196656 / dir = -1.000000 / l_pyr = 0.033293
Debug   : vH = 6912 / nTets = 6 / pp.size() = 6 / 1.353222 0.144582 1.214898 -> 1.352670 0.151196 1.200556 / dir = -1.000000 / l_pyr = 0.031606
Debug   : vH = 6910 / nTets = 4 / pp.size() = 4 / 1.244136 0.141082 1.218239 -> 1.243588 0.147894 1.204950 / dir = -1.000000 / l_pyr = 0.029886
Debug   : vH = 6908 / nTets = 4 / pp.size() = 4 / 1.132351 0.137632 1.221926 -> 1.131807 0.144638 1.209687 / dir = -1.000000 / l_pyr = 0.028227
Debug   : vH = 6906 / nTets = 4 / pp.size() = 4 / 1.023334 0.134362 1.225800 -> 1.022793 0.141548 1.214553 / dir = -1.000000 / l_pyr = 0.026714
Debug   : vH = 6904 / nTets = 4 / pp.size() = 4 / 0.922049 0.131367 1.229659 -> 0.921510 0.138713 1.219310 / dir = -1.000000 / l_pyr = 0.025406
Debug   : vH = 6902 / nTets = 4 / pp.size() = 4 / 0.832104 0.128711 1.233312 -> 0.831566 0.136194 1.223740 / dir = -1.000000 / l_pyr = 0.024324
Debug   : vH = 6899 / nTets = 4 / pp.size() = 4 / 0.755397 0.126427 1.236604 -> 0.754860 0.134022 1.227680 / dir = -1.000000 / l_pyr = 0.023462
Debug   : vH = 6896 / nTets = 6 / pp.size() = 6 / 0.692218 0.124516 1.239443 -> 0.691681 0.132200 1.231044 / dir = -1.000000 / l_pyr = 0.022793
Debug   : vH = 6894 / nTets = 8 / pp.size() = 8 / 0.641655 0.122956 1.241801 -> 0.641118 0.130709 1.233815 / dir = -1.000000 / l_pyr = 0.022285
Debug   : vH = 6891 / nTets = 4 / pp.size() = 4 / 0.602118 0.121711 1.243697 -> 0.601581 0.129517 1.236033 / dir = -1.000000 / l_pyr = 0.021905
Debug   : vH = 6886 / nTets = 8 / pp.size() = 8 / 1.778670 0.121888 1.192195 -> 1.778338 0.127137 1.175665 / dir = -1.000000 / l_pyr = 0.034693
Debug   : vH = 6882 / nTets = 4 / pp.size() = 4 / 1.738912 0.121058 1.192941 -> 1.738526 0.127250 1.174157 / dir = -1.000000 / l_pyr = 0.039564
Debug   : vH = 6879 / nTets = 8 / pp.size() = 8 / 1.688111 0.120052 1.193930 -> 1.687727 0.126348 1.175729 / dir = -1.000000 / l_pyr = 0.038526
Debug   : vH = 6876 / nTets = 4 / pp.size() = 4 / 1.624694 0.118880 1.195226 -> 1.624310 0.125302 1.177739 / dir = -1.000000 / l_pyr = 0.037266
Debug   : vH = 6874 / nTets = 4 / pp.size() = 4 / 1.547766 0.117564 1.196891 -> 1.547384 0.124136 1.180252 / dir = -1.000000 / l_pyr = 0.035788
Debug   : vH = 6872 / nTets = 4 / pp.size() = 4 / 1.457637 0.116165 1.198979 -> 1.457257 0.122907 1.183309 / dir = -1.000000 / l_pyr = 0.034128
Debug   : vH = 6870 / nTets = 6 / pp.size() = 6 / 1.356219 0.114745 1.201517 -> 1.355841 0.121672 1.186903 / dir = -1.000000 / l_pyr = 0.032354
Debug   : vH = 6867 / nTets = 6 / pp.size() = 6 / 1.247140 0.113362 1.204480 -> 1.246765 0.120481 1.190966 / dir = -1.000000 / l_pyr = 0.030559
Debug   : vH = 6864 / nTets = 6 / pp.size() = 6 / 1.135365 0.112068 1.207789 -> 1.134992 0.119375 1.195364 / dir = -1.000000 / l_pyr = 0.028839
Debug   : vH = 6861 / nTets = 6 / pp.size() = 6 / 1.026360 0.110889 1.211302 -> 1.025989 0.118370 1.199904 / dir = -1.000000 / l_pyr = 0.027278
Debug   : vH = 6859 / nTets = 4 / pp.size() = 4 / 0.925085 0.109827 1.214836 -> 0.924715 0.117464 1.204365 / dir = -1.000000 / l_pyr = 0.025932
Debug   : vH = 6856 / nTets = 4 / pp.size() = 4 / 0.835147 0.108882 1.218207 -> 0.834778 0.116650 1.208537 / dir = -1.000000 / l_pyr = 0.024819
Debug   : vH = 6854 / nTets = 4 / pp.size() = 4 / 0.758444 0.108053 1.221266 -> 0.758076 0.115929 1.212264 / dir = -1.000000 / l_pyr = 0.023933
Debug   : vH = 6852 / nTets = 4 / pp.size() = 4 / 0.695267 0.107340 1.223918 -> 0.694899 0.115301 1.215458 / dir = -1.000000 / l_pyr = 0.023246
Debug   : vH = 6850 / nTets = 4 / pp.size() = 4 / 0.644703 0.106739 1.226128 -> 0.644335 0.114766 1.218096 / dir = -1.000000 / l_pyr = 0.022723
Debug   : vH = 6846 / nTets = 6 / pp.size() = 6 / 0.605165 0.106244 1.227913 -> 0.604797 0.114322 1.220212 / dir = -1.000000 / l_pyr = 0.022332
Debug   : vH = 6841 / nTets = 4 / pp.size() = 4 / 1.780933 0.082740 1.179700 -> 1.780776 0.088148 1.163224 / dir = -1.000000 / l_pyr = 0.034682
Debug   : vH = 6838 / nTets = 4 / pp.size() = 4 / 1.741177 0.082751 1.180301 -> 1.740991 0.089265 1.161182 / dir = -1.000000 / l_pyr = 0.040399
Debug   : vH = 6836 / nTets = 4 / pp.size() = 4 / 1.690384 0.082815 1.181109 -> 1.690199 0.089430 1.162597 / dir = -1.000000 / l_pyr = 0.039318
Debug   : vH = 6832 / nTets = 4 / pp.size() = 4 / 1.626980 0.082969 1.182179 -> 1.626794 0.089707 1.164410 / dir = -1.000000 / l_pyr = 0.038010
Debug   : vH = 6830 / nTets = 4 / pp.size() = 4 / 1.550073 0.083250 1.183572 -> 1.549887 0.090134 1.166682 / dir = -1.000000 / l_pyr = 0.036481
Debug   : vH = 6826 / nTets = 4 / pp.size() = 4 / 1.459973 0.083703 1.185347 -> 1.459787 0.090753 1.169457 / dir = -1.000000 / l_pyr = 0.034770
Debug   : vH = 6823 / nTets = 6 / pp.size() = 6 / 1.358592 0.084347 1.187538 -> 1.358406 0.091576 1.172737 / dir = -1.000000 / l_pyr = 0.032946
Debug   : vH = 6821 / nTets = 4 / pp.size() = 4 / 1.249558 0.085162 1.190137 -> 1.249373 0.092575 1.176467 / dir = -1.000000 / l_pyr = 0.031102
Debug   : vH = 6819 / nTets = 4 / pp.size() = 4 / 1.137831 0.086098 1.193080 -> 1.137647 0.093690 1.180531 / dir = -1.000000 / l_pyr = 0.029336
Debug   : vH = 6817 / nTets = 4 / pp.size() = 4 / 1.028872 0.087075 1.196247 -> 1.028688 0.094833 1.184755 / dir = -1.000000 / l_pyr = 0.027733
Debug   : vH = 6814 / nTets = 6 / pp.size() = 6 / 0.927639 0.088004 1.199469 -> 0.927455 0.095908 1.188930 / dir = -1.000000 / l_pyr = 0.026349
Debug   : vH = 6812 / nTets = 4 / pp.size() = 4 / 0.837736 0.088820 1.202571 -> 0.837552 0.096847 1.192858 / dir = -1.000000 / l_pyr = 0.025204
Debug   : vH = 6810 / nTets = 4 / pp.size() = 4 / 0.761060 0.089490 1.205407 -> 0.760877 0.097617 1.196384 / dir = -1.000000 / l_pyr = 0.024291
Debug   : vH = 6805 / nTets = 6 / pp.size() = 6 / 0.697902 0.090011 1.207881 -> 0.697718 0.098216 1.199416 / dir = -1.000000 / l_pyr = 0.023582
Debug   : vH = 6803 / nTets = 6 / pp.size() = 6 / 0.647350 0.090398 1.209954 -> 0.647166 0.098664 1.201930 / dir = -1.000000 / l_pyr = 0.023042
Debug   : vH = 6799 / nTets = 6 / pp.size() = 6 / 0.607818 0.090677 1.211633 -> 0.607635 0.098988 1.203952 / dir = -1.000000 / l_pyr = 0.022638
Debug   : vH = 6793 / nTets = 4 / pp.size() = 4 / 1.782348 0.043016 1.166609 -> 1.782376 0.048596 1.150196 / dir = -1.000000 / l_pyr = 0.034672
Debug   : vH = 6791 / nTets = 10 / pp.size() = 10 / 1.742614 0.043898 1.167070 -> 1.742646 0.050696 1.147797 / dir = -1.000000 / l_pyr = 0.040873
Debug   : vH = 6788 / nTets = 4 / pp.size() = 4 / 1.691850 0.045067 1.167699 -> 1.691881 0.051963 1.149047 / dir = -1.000000 / l_pyr = 0.039771
Debug   : vH = 6786 / nTets = 8 / pp.size() = 8 / 1.628486 0.046588 1.168548 -> 1.628515 0.053605 1.150656 / dir = -1.000000 / l_pyr = 0.038439
Debug   : vH = 6783 / nTets = 6 / pp.size() = 6 / 1.551632 0.048510 1.169678 -> 1.551659 0.055668 1.152682 / dir = -1.000000 / l_pyr = 0.036882
Debug   : vH = 6781 / nTets = 4 / pp.size() = 4 / 1.461599 0.050866 1.171149 -> 1.461623 0.058183 1.155174 / dir = -1.000000 / l_pyr = 0.035142
Debug   : vH = 6779 / nTets = 4 / pp.size() = 4 / 1.360297 0.053626 1.173006 -> 1.360319 0.061114 1.158142 / dir = -1.000000 / l_pyr = 0.033287
Debug   : vH = 6777 / nTets = 4 / pp.size() = 4 / 1.251350 0.056690 1.175254 -> 1.251370 0.064353 1.161544 / dir = -1.000000 / l_pyr = 0.031412
Debug   : vH = 6775 / nTets = 4 / pp.size() = 4 / 1.139715 0.059907 1.177850 -> 1.139732 0.067738 1.165283 / dir = -1.000000 / l_pyr = 0.029615
Debug   : vH = 6773 / nTets = 4 / pp.size() = 4 / 1.030843 0.063091 1.180689 -> 1.030858 0.071076 1.169200 / dir = -1.000000 / l_pyr = 0.027983
Debug   : vH = 6771 / nTets = 4 / pp.size() = 4 / 0.929687 0.066058 1.183618 -> 0.929701 0.074178 1.173103 / dir = -1.000000 / l_pyr = 0.026571
Debug   : vH = 6769 / nTets = 4 / pp.size() = 4 / 0.839848 0.068677 1.186471 -> 0.839861 0.076909 1.176798 / dir = -1.000000 / l_pyr = 0.025403
Debug   : vH = 6767 / nTets = 4 / pp.size() = 4 / 0.763223 0.070884 1.189102 -> 0.763236 0.079206 1.180134 / dir = -1.000000 / l_pyr = 0.024469
Debug   : vH = 6764 / nTets = 4 / pp.size() = 4 / 0.700101 0.072669 1.191414 -> 0.700114 0.081062 1.183017 / dir = -1.000000 / l_pyr = 0.023744
Debug   : vH = 6762 / nTets = 6 / pp.size() = 6 / 0.649575 0.074070 1.193361 -> 0.649588 0.082517 1.185417 / dir = -1.000000 / l_pyr = 0.023191
Debug   : vH = 6759 / nTets = 4 / pp.size() = 4 / 0.610061 0.075144 1.194945 -> 0.610074 0.083631 1.187351 / dir = -1.000000 / l_pyr = 0.022777
Debug   : vH = 6754 / nTets = 4 / pp.size() = 4 / 1.782882 0.003178 1.153010 -> 1.783102 0.008941 1.136667 / dir = -1.000000 / l_pyr = 0.034663
Debug   : vH = 6751 / nTets = 8 / pp.size() = 8 / 1.743187 0.004939 1.153332 -> 1.743450 0.011960 1.134137 / dir = -1.000000 / l_pyr = 0.040881
Debug   : vH = 6749 / nTets = 4 / pp.size() = 4 / 1.692477 0.007224 1.153786 -> 1.692736 0.014342 1.135212 / dir = -1.000000 / l_pyr = 0.039786
Debug   : vH = 6746 / nTets = 4 / pp.size() = 4 / 1.629183 0.010126 1.154420 -> 1.629438 0.017361 1.136604 / dir = -1.000000 / l_pyr = 0.038462
Debug   : vH = 6743 / nTets = 6 / pp.size() = 6 / 1.552417 0.013705 1.155293 -> 1.552667 0.021078 1.138374 / dir = -1.000000 / l_pyr = 0.036915
Debug   : vH = 6740 / nTets = 4 / pp.size() = 4 / 1.462490 0.017981 1.156470 -> 1.462735 0.025508 1.140571 / dir = -1.000000 / l_pyr = 0.035184
Debug   : vH = 6737 / nTets = 6 / pp.size() = 6 / 1.361311 0.022875 1.158005 -> 1.361549 0.030567 1.143218 / dir = -1.000000 / l_pyr = 0.033339
Debug   : vH = 6732 / nTets = 6 / pp.size() = 6 / 1.252498 0.028210 1.159919 -> 1.252730 0.036069 1.146289 / dir = -1.000000 / l_pyr = 0.031471
Debug   : vH = 6729 / nTets = 8 / pp.size() = 8 / 1.140998 0.033731 1.162185 -> 1.141225 0.041750 1.149701 / dir = -1.000000 / l_pyr = 0.029678
Debug   : vH = 6726 / nTets = 8 / pp.size() = 8 / 1.032255 0.039145 1.164717 -> 1.032478 0.047309 1.153318 / dir = -1.000000 / l_pyr = 0.028046
Debug   : vH = 6724 / nTets = 4 / pp.size() = 4 / 0.931214 0.044174 1.167373 -> 0.931434 0.052464 1.156955 / dir = -1.000000 / l_pyr = 0.026632
Debug   : vH = 6720 / nTets = 6 / pp.size() = 6 / 0.841472 0.048621 1.169995 -> 0.841690 0.057014 1.160428 / dir = -1.000000 / l_pyr = 0.025458
Debug   : vH = 6718 / nTets = 4 / pp.size() = 4 / 0.764924 0.052385 1.172439 -> 0.765140 0.060861 1.163585 / dir = -1.000000 / l_pyr = 0.024519
Debug   : vH = 6715 / nTets = 6 / pp.size() = 6 / 0.701860 0.055456 1.174603 -> 0.702076 0.063996 1.166327 / dir = -1.000000 / l_pyr = 0.023788
Debug   : vH = 6713 / nTets = 4 / pp.size() = 4 / 0.651375 0.057889 1.176438 -> 0.651592 0.066476 1.168620 / dir = -1.000000 / l_pyr = 0.023230
Debug   : vH = 6709 / nTets = 8 / pp.size() = 8 / 0.611890 0.059771 1.177936 -> 0.612106 0.068395 1.170475 / dir = -1.000000 / l_pyr = 0.022812
Debug   : vH = 6705 / nTets = 4 / pp.size() = 4 / 1.782532 -0.036277 1.139016 -> 1.782950 -0.030318 1.122751 / dir = -1.000000 / l_pyr = 0.034654
Debug   : vH = 6701 / nTets = 4 / pp.size() = 4 / 1.742896 -0.033646 1.139202 -> 1.743390 -0.026468 1.120303 / dir = -1.000000 / l_pyr = 0.040444
Debug   : vH = 6697 / nTets = 10 / pp.size() = 10 / 1.692264 -0.030257 1.139484 -> 1.692752 -0.022984 1.121195 / dir = -1.000000 / l_pyr = 0.039376
Debug   : vH = 6695 / nTets = 4 / pp.size() = 4 / 1.629068 -0.025989 1.139907 -> 1.629550 -0.018601 1.122364 / dir = -1.000000 / l_pyr = 0.038084
Debug   : vH = 6691 / nTets = 4 / pp.size() = 4 / 1.552425 -0.020769 1.140529 -> 1.552899 -0.013247 1.123868 / dir = -1.000000 / l_pyr = 0.036573
Debug   : vH = 6689 / nTets = 4 / pp.size() = 4 / 1.462645 -0.014592 1.141422 -> 1.463109 -0.006921 1.125766 / dir = -1.000000 / l_pyr = 0.034881
Debug   : vH = 6687 / nTets = 6 / pp.size() = 6 / 1.361631 -0.007581 1.142647 -> 1.362086 0.000248 1.128088 / dir = -1.000000 / l_pyr = 0.033074
Debug   : vH = 6685 / nTets = 6 / pp.size() = 6 / 1.252996 0.000008 1.144240 -> 1.253442 0.007996 1.130825 / dir = -1.000000 / l_pyr = 0.031240
Debug   : vH = 6683 / nTets = 4 / pp.size() = 4 / 1.141676 0.007821 1.146194 -> 1.142114 0.015959 1.133914 / dir = -1.000000 / l_pyr = 0.029476
Debug   : vH = 6681 / nTets = 4 / pp.size() = 4 / 1.033105 0.015458 1.148436 -> 1.033536 0.023732 1.137234 / dir = -1.000000 / l_pyr = 0.027866
Debug   : vH = 6679 / nTets = 4 / pp.size() = 4 / 0.932218 0.022548 1.150839 -> 0.932644 0.030937 1.140614 / dir = -1.000000 / l_pyr = 0.026467
Debug   : vH = 6677 / nTets = 4 / pp.size() = 4 / 0.842606 0.028824 1.153248 -> 0.843029 0.037308 1.143873 / dir = -1.000000 / l_pyr = 0.025303
Debug   : vH = 6675 / nTets = 4 / pp.size() = 4 / 0.766162 0.034152 1.155521 -> 0.766583 0.042711 1.146859 / dir = -1.000000 / l_pyr = 0.024369
Debug   : vH = 6672 / nTets = 4 / pp.size() = 4 / 0.703178 0.038515 1.157551 -> 0.703598 0.047131 1.149470 / dir = -1.000000 / l_pyr = 0.023641
Debug   : vH = 6670 / nTets = 8 / pp.size() = 8 / 0.652751 0.041987 1.159284 -> 0.653172 0.050646 1.151663 / dir = -1.000000 / l_pyr = 0.023085
Debug   : vH = 6667 / nTets = 4 / pp.size() = 4 / 0.613307 0.044685 1.160707 -> 0.613729 0.053375 1.153444 / dir = -1.000000 / l_pyr = 0.022667
Debug   : vH = 6662 / nTets = 4 / pp.size() = 4 / 1.781349 -0.074884 1.124745 -> 1.781968 -0.068716 1.108569 / dir = -1.000000 / l_pyr = 0.034645
Debug   : vH = 6658 / nTets = 4 / pp.size() = 4 / 1.741789 -0.071408 1.124797 -> 1.742505 -0.064140 1.106399 / dir = -1.000000 / l_pyr = 0.039589
Debug   : vH = 6656 / nTets = 4 / pp.size() = 4 / 1.691255 -0.066946 1.124911 -> 1.691964 -0.059586 1.107101 / dir = -1.000000 / l_pyr = 0.038569
Debug   : vH = 6654 / nTets = 4 / pp.size() = 4 / 1.628185 -0.061351 1.125129 -> 1.628885 -0.053877 1.108039 / dir = -1.000000 / l_pyr = 0.037333
Debug   : vH = 6652 / nTets = 4 / pp.size() = 4 / 1.551695 -0.054535 1.125509 -> 1.552385 -0.046931 1.109271 / dir = -1.000000 / l_pyr = 0.035887
Debug   : vH = 6650 / nTets = 4 / pp.size() = 4 / 1.462096 -0.046505 1.126126 -> 1.462774 -0.038757 1.110862 / dir = -1.000000 / l_pyr = 0.034263
Debug   : vH = 6646 / nTets = 4 / pp.size() = 4 / 1.361287 -0.037428 1.127053 -> 1.361953 -0.029528 1.112855 / dir = -1.000000 / l_pyr = 0.032524
Debug   : vH = 6644 / nTets = 4 / pp.size() = 4 / 1.252872 -0.027633 1.128341 -> 1.253525 -0.019582 1.115257 / dir = -1.000000 / l_pyr = 0.030754
Debug   : vH = 6641 / nTets = 6 / pp.size() = 6 / 1.141774 -0.017572 1.129999 -> 1.142416 -0.009378 1.118026 / dir = -1.000000 / l_pyr = 0.029046
Debug   : vH = 6639 / nTets = 4 / pp.size() = 4 / 1.033415 -0.007747 1.131970 -> 1.034048 0.000574 1.121054 / dir = -1.000000 / l_pyr = 0.027480
Debug   : vH = 6636 / nTets = 4 / pp.size() = 4 / 0.932718 0.001376 1.134136 -> 0.933345 0.009804 1.124183 / dir = -1.000000 / l_pyr = 0.026115
Debug   : vH = 6634 / nTets = 6 / pp.size() = 6 / 0.843267 0.009464 1.136350 -> 0.843890 0.017979 1.127237 / dir = -1.000000 / l_pyr = 0.024975
Debug   : vH = 6631 / nTets = 6 / pp.size() = 6 / 0.766953 0.016345 1.138467 -> 0.767575 0.024928 1.130061 / dir = -1.000000 / l_pyr = 0.024059
Debug   : vH = 6628 / nTets = 6 / pp.size() = 6 / 0.704070 0.021995 1.140377 -> 0.704691 0.030629 1.132548 / dir = -1.000000 / l_pyr = 0.023342
Debug   : vH = 6625 / nTets = 4 / pp.size() = 4 / 0.653718 0.026503 1.142019 -> 0.654340 0.035174 1.134649 / dir = -1.000000 / l_pyr = 0.022795
Debug   : vH = 6621 / nTets = 6 / pp.size() = 6 / 0.614328 0.030016 1.143375 -> 0.614951 0.038715 1.136361 / dir = -1.000000 / l_pyr = 0.022383
Debug   : vH = 6616 / nTets = 4 / pp.size() = 4 / 1.779409 -0.112207 1.110326 -> 1.780232 -0.105818 1.094251 / dir = -1.000000 / l_pyr = 0.034636
Debug   : vH = 6613 / nTets = 10 / pp.size() = 10 / 1.739939 -0.107927 1.110247 -> 1.740861 -0.100641 1.092540 / dir = -1.000000 / l_pyr = 0.038339
Debug   : vH = 6610 / nTets = 8 / pp.size() = 8 / 1.689522 -0.102446 1.110197 -> 1.690435 -0.095068 1.093045 / dir = -1.000000 / l_pyr = 0.037388
Debug   : vH = 6607 / nTets = 6 / pp.size() = 6 / 1.626599 -0.095585 1.110214 -> 1.627501 -0.088096 1.093743 / dir = -1.000000 / l_pyr = 0.036233
Debug   : vH = 6605 / nTets = 4 / pp.size() = 4 / 1.550289 -0.087245 1.110357 -> 1.551179 -0.079629 1.094694 / dir = -1.000000 / l_pyr = 0.034878
Debug   : vH = 6601 / nTets = 4 / pp.size() = 4 / 1.460902 -0.077443 1.110707 -> 1.461778 -0.069686 1.095971 / dir = -1.000000 / l_pyr = 0.033351
Debug   : vH = 6599 / nTets = 6 / pp.size() = 6 / 1.360332 -0.066382 1.111347 -> 1.361194 -0.058478 1.097630 / dir = -1.000000 / l_pyr = 0.031711
Debug   : vH = 6596 / nTets = 6 / pp.size() = 6 / 1.252172 -0.054463 1.112343 -> 1.253019 -0.046412 1.099695 / dir = -1.000000 / l_pyr = 0.030034
Debug   : vH = 6594 / nTets = 4 / pp.size() = 4 / 1.141333 -0.042228 1.113718 -> 1.142168 -0.034041 1.102142 / dir = -1.000000 / l_pyr = 0.028407
Debug   : vH = 6591 / nTets = 6 / pp.size() = 6 / 1.033221 -0.030279 1.115433 -> 1.034046 -0.021972 1.104882 / dir = -1.000000 / l_pyr = 0.026909
Debug   : vH = 6588 / nTets = 6 / pp.size() = 6 / 0.932748 -0.019172 1.117380 -> 0.933566 -0.010764 1.107765 / dir = -1.000000 / l_pyr = 0.025597
Debug   : vH = 6585 / nTets = 6 / pp.size() = 6 / 0.843488 -0.009310 1.119412 -> 0.844303 -0.000822 1.110619 / dir = -1.000000 / l_pyr = 0.024497
Debug   : vH = 6583 / nTets = 6 / pp.size() = 6 / 0.767331 -0.000903 1.121386 -> 0.768144 0.007647 1.113288 / dir = -1.000000 / l_pyr = 0.023609
Debug   : vH = 6581 / nTets = 4 / pp.size() = 4 / 0.704568 0.006015 1.123188 -> 0.705382 0.014611 1.115657 / dir = -1.000000 / l_pyr = 0.022914
Debug   : vH = 6579 / nTets = 8 / pp.size() = 8 / 0.654308 0.011547 1.124748 -> 0.655123 0.020177 1.117670 / dir = -1.000000 / l_pyr = 0.022382
Debug   : vH = 6576 / nTets = 4 / pp.size() = 4 / 0.614985 0.015868 1.126045 -> 0.615801 0.024522 1.119320 / dir = -1.000000 / l_pyr = 0.021981
Debug   : vH = 6570 / nTets = 4 / pp.size() = 4 / 1.776824 -0.147862 1.095893 -> 1.777850 -0.141238 1.079930 / dir = -1.000000 / l_pyr = 0.034627
Debug   : vH = 6567 / nTets = 4 / pp.size() = 4 / 1.737454 -0.142834 1.095685 -> 1.738555 -0.135599 1.078831 / dir = -1.000000 / l_pyr = 0.036749
Debug   : vH = 6564 / nTets = 4 / pp.size() = 4 / 1.687166 -0.136401 1.095473 -> 1.688257 -0.129075 1.079134 / dir = -1.000000 / l_pyr = 0.035879
Debug   : vH = 6561 / nTets = 6 / pp.size() = 6 / 1.624405 -0.128357 1.095294 -> 1.625486 -0.120923 1.079588 / dir = -1.000000 / l_pyr = 0.034820
Debug   : vH = 6559 / nTets = 4 / pp.size() = 4 / 1.548295 -0.118589 1.095206 -> 1.549362 -0.111031 1.080255 / dir = -1.000000 / l_pyr = 0.033574
Debug   : vH = 6556 / nTets = 6 / pp.size() = 6 / 1.459142 -0.107119 1.095297 -> 1.460194 -0.099423 1.081214 / dir = -1.000000 / l_pyr = 0.032165
Debug   : vH = 6554 / nTets = 4 / pp.size() = 4 / 1.358836 -0.094185 1.095659 -> 1.359872 -0.086347 1.082536 / dir = -1.000000 / l_pyr = 0.030642
Debug   : vH = 6552 / nTets = 4 / pp.size() = 4 / 1.250959 -0.080250 1.096373 -> 1.251980 -0.072272 1.084263 / dir = -1.000000 / l_pyr = 0.029077
Debug   : vH = 6549 / nTets = 4 / pp.size() = 4 / 1.140409 -0.065942 1.097480 -> 1.141417 -0.057833 1.086390 / dir = -1.000000 / l_pyr = 0.027549
Debug   : vH = 6547 / nTets = 6 / pp.size() = 6 / 1.032574 -0.051956 1.098952 -> 1.033572 -0.043734 1.088845 / dir = -1.000000 / l_pyr = 0.026135
Debug   : vH = 6544 / nTets = 4 / pp.size() = 4 / 0.932352 -0.038938 1.100692 -> 0.933344 -0.030622 1.091487 / dir = -1.000000 / l_pyr = 0.024889
Debug   : vH = 6542 / nTets = 6 / pp.size() = 6 / 0.843310 -0.027358 1.102556 -> 0.844298 -0.018968 1.094147 / dir = -1.000000 / l_pyr = 0.023840
Debug   : vH = 6540 / nTets = 4 / pp.size() = 4 / 0.767330 -0.017467 1.104399 -> 0.768318 -0.009020 1.096665 / dir = -1.000000 / l_pyr = 0.022991
Debug   : vH = 6537 / nTets = 6 / pp.size() = 6 / 0.704708 -0.009311 1.106101 -> 0.705698 -0.000822 1.098921 / dir = -1.000000 / l_pyr = 0.022323
Debug   : vH = 6534 / nTets = 4 / pp.size() = 4 / 0.654554 -0.002776 1.107588 -> 0.655546 0.005743 1.100852 / dir = -1.000000 / l_pyr = 0.021812
Debug   : vH = 6530 / nTets = 4 / pp.size() = 4 / 0.615309 0.002338 1.108831 -> 0.616304 0.010878 1.102441 / dir = -1.000000 / l_pyr = 0.021426
Debug   : vH = 6526 / nTets = 4 / pp.size() = 4 / 1.773723 -0.181542 1.081573 -> 1.774950 -0.174670 1.065735 / dir = -1.000000 / l_pyr = 0.034618
Debug   : vH = 6523 / nTets = 4 / pp.size() = 4 / 1.734458 -0.175831 1.081239 -> 1.735709 -0.168710 1.065362 / dir = -1.000000 / l_pyr = 0.034890
Debug   : vH = 6519 / nTets = 6 / pp.size() = 6 / 1.684306 -0.168525 1.080869 -> 1.685547 -0.161315 1.065462 / dir = -1.000000 / l_pyr = 0.034112
Debug   : vH = 6517 / nTets = 6 / pp.size() = 6 / 1.621718 -0.159395 1.080498 -> 1.622947 -0.152079 1.065670 / dir = -1.000000 / l_pyr = 0.033161
Debug   : vH = 6515 / nTets = 4 / pp.size() = 4 / 1.545818 -0.148310 1.080185 -> 1.547034 -0.140872 1.066050 / dir = -1.000000 / l_pyr = 0.032037
Debug   : vH = 6512 / nTets = 4 / pp.size() = 4 / 1.456914 -0.135296 1.080024 -> 1.458115 -0.127725 1.066691 / dir = -1.000000 / l_pyr = 0.030759
Debug   : vH = 6509 / nTets = 6 / pp.size() = 6 / 1.356888 -0.120620 1.080119 -> 1.358074 -0.112911 1.067676 / dir = -1.000000 / l_pyr = 0.029369
Debug   : vH = 6506 / nTets = 4 / pp.size() = 4 / 1.249314 -0.104798 1.080563 -> 1.250484 -0.096955 1.069067 / dir = -1.000000 / l_pyr = 0.027931
Debug   : vH = 6504 / nTets = 6 / pp.size() = 6 / 1.139072 -0.088538 1.081412 -> 1.140230 -0.080570 1.070878 / dir = -1.000000 / l_pyr = 0.026517
Debug   : vH = 6502 / nTets = 4 / pp.size() = 4 / 1.031536 -0.072623 1.082655 -> 1.032685 -0.064548 1.073052 / dir = -1.000000 / l_pyr = 0.025200
Debug   : vH = 6500 / nTets = 4 / pp.size() = 4 / 0.931588 -0.057784 1.084200 -> 0.932732 -0.049620 1.075457 / dir = -1.000000 / l_pyr = 0.024033
Debug   : vH = 6497 / nTets = 4 / pp.size() = 4 / 0.842783 -0.044558 1.085907 -> 0.843925 -0.036325 1.077926 / dir = -1.000000 / l_pyr = 0.023047
Debug   : vH = 6494 / nTets = 6 / pp.size() = 6 / 0.767000 -0.033238 1.087629 -> 0.768144 -0.024953 1.080297 / dir = -1.000000 / l_pyr = 0.022245
Debug   : vH = 6492 / nTets = 4 / pp.size() = 4 / 0.704534 -0.023885 1.089239 -> 0.705681 -0.015561 1.082442 / dir = -1.000000 / l_pyr = 0.021615
Debug   : vH = 6490 / nTets = 8 / pp.size() = 8 / 0.654499 -0.016377 1.090660 -> 0.655650 -0.008025 1.084292 / dir = -1.000000 / l_pyr = 0.021132
Debug   : vH = 6487 / nTets = 4 / pp.size() = 4 / 0.615343 -0.010494 1.091854 -> 0.616498 -0.002122 1.085822 / dir = -1.000000 / l_pyr = 0.020767
Debug   : vH = 6483 / nTets = 4 / pp.size() = 4 / 1.770243 -0.213008 1.067495 -> 1.771613 -0.206137 1.052370 / dir = -1.000000 / l_pyr = 0.033338
Debug   : vH = 6479 / nTets = 4 / pp.size() = 4 / 1.731085 -0.206683 1.067038 -> 1.732448 -0.199743 1.052243 / dir = -1.000000 / l_pyr = 0.032797
Debug   : vH = 6477 / nTets = 4 / pp.size() = 4 / 1.681070 -0.198593 1.066515 -> 1.682425 -0.191567 1.052139 / dir = -1.000000 / l_pyr = 0.032115
Debug   : vH = 6475 / nTets = 4 / pp.size() = 4 / 1.618657 -0.188482 1.065958 -> 1.620000 -0.181353 1.052103 / dir = -1.000000 / l_pyr = 0.031279
Debug   : vH = 6473 / nTets = 4 / pp.size() = 4 / 1.542972 -0.176204 1.065428 -> 1.544302 -0.168958 1.052199 / dir = -1.000000 / l_pyr = 0.030284
Debug   : vH = 6471 / nTets = 6 / pp.size() = 6 / 1.454321 -0.161784 1.065024 -> 1.455637 -0.154410 1.052523 / dir = -1.000000 / l_pyr = 0.029147
Debug   : vH = 6468 / nTets = 4 / pp.size() = 4 / 1.354584 -0.145512 1.064861 -> 1.355885 -0.138006 1.053174 / dir = -1.000000 / l_pyr = 0.027902
Debug   : vH = 6466 / nTets = 4 / pp.size() = 4 / 1.247322 -0.127952 1.065047 -> 1.248610 -0.120317 1.054230 / dir = -1.000000 / l_pyr = 0.026604
Debug   : vH = 6463 / nTets = 4 / pp.size() = 4 / 1.137401 -0.109880 1.065652 -> 1.138679 -0.102126 1.055725 / dir = -1.000000 / l_pyr = 0.025320
Debug   : vH = 6460 / nTets = 8 / pp.size() = 8 / 1.030178 -0.092163 1.066676 -> 1.031449 -0.084306 1.057618 / dir = -1.000000 / l_pyr = 0.024115
Debug   : vH = 6458 / nTets = 4 / pp.size() = 4 / 0.930519 -0.075611 1.068036 -> 0.931787 -0.067669 1.059786 / dir = -1.000000 / l_pyr = 0.023042
Debug   : vH = 6456 / nTets = 4 / pp.size() = 4 / 0.841967 -0.060828 1.069594 -> 0.843236 -0.052820 1.062064 / dir = -1.000000 / l_pyr = 0.022130
Debug   : vH = 6454 / nTets = 4 / pp.size() = 4 / 0.766395 -0.048150 1.071200 -> 0.767668 -0.040092 1.064286 / dir = -1.000000 / l_pyr = 0.021388
Debug   : vH = 6451 / nTets = 6 / pp.size() = 6 / 0.704097 -0.037655 1.072723 -> 0.705376 -0.029559 1.066319 / dir = -1.000000 / l_pyr = 0.020802
Debug   : vH = 6448 / nTets = 4 / pp.size() = 4 / 0.654192 -0.029216 1.074080 -> 0.655477 -0.021094 1.068085 / dir = -1.000000 / l_pyr = 0.020353
Debug   : vH = 6445 / nTets = 6 / pp.size() = 6 / 0.615133 -0.022592 1.075228 -> 0.616424 -0.014451 1.069555 / dir = -1.000000 / l_pyr = 0.020014
Debug   : vH = 6440 / nTets = 4 / pp.size() = 4 / 1.766521 -0.242116 1.053795 -> 1.767964 -0.235490 1.039828 / dir = -1.000000 / l_pyr = 0.031052
Debug   : vH = 6437 / nTets = 4 / pp.size() = 4 / 1.727466 -0.235254 1.053219 -> 1.728903 -0.228560 1.039538 / dir = -1.000000 / l_pyr = 0.030596
Debug   : vH = 6433 / nTets = 6 / pp.size() = 6 / 1.677587 -0.226474 1.052548 -> 1.679016 -0.219698 1.039232 / dir = -1.000000 / l_pyr = 0.030017
Debug   : vH = 6431 / nTets = 6 / pp.size() = 6 / 1.615344 -0.215498 1.051812 -> 1.616763 -0.208623 1.038952 / dir = -1.000000 / l_pyr = 0.029302
Debug   : vH = 6429 / nTets = 4 / pp.size() = 4 / 1.539869 -0.202161 1.051074 -> 1.541277 -0.195174 1.038767 / dir = -1.000000 / l_pyr = 0.028444
Debug   : vH = 6426 / nTets = 4 / pp.size() = 4 / 1.451469 -0.186484 1.050439 -> 1.452864 -0.179376 1.038781 / dir = -1.000000 / l_pyr = 0.027451
Debug   : vH = 6424 / nTets = 6 / pp.size() = 6 / 1.352018 -0.168774 1.050032 -> 1.353401 -0.161542 1.039106 / dir = -1.000000 / l_pyr = 0.026352
Debug   : vH = 6422 / nTets = 4 / pp.size() = 4 / 1.245069 -0.149636 1.049973 -> 1.246440 -0.142283 1.039838 / dir = -1.000000 / l_pyr = 0.025191
Debug   : vH = 6420 / nTets = 6 / pp.size() = 6 / 1.135473 -0.129906 1.050348 -> 1.136835 -0.122443 1.041030 / dir = -1.000000 / l_pyr = 0.024031
Debug   : vH = 6418 / nTets = 4 / pp.size() = 4 / 1.028569 -0.110526 1.051166 -> 1.029926 -0.102969 1.042651 / dir = -1.000000 / l_pyr = 0.022932
Debug   : vH = 6416 / nTets = 4 / pp.size() = 4 / 0.929205 -0.092383 1.052352 -> 0.930563 -0.084748 1.044589 / dir = -1.000000 / l_pyr = 0.021946
Debug   : vH = 6413 / nTets = 6 / pp.size() = 6 / 0.840915 -0.076146 1.053770 -> 0.842276 -0.068449 1.046680 / dir = -1.000000 / l_pyr = 0.021106
Debug   : vH = 6411 / nTets = 4 / pp.size() = 4 / 0.765564 -0.062193 1.055266 -> 0.766931 -0.054449 1.048755 / dir = -1.000000 / l_pyr = 0.020420
Debug   : vH = 6408 / nTets = 4 / pp.size() = 4 / 0.703444 -0.050621 1.056707 -> 0.704819 -0.042842 1.050675 / dir = -1.000000 / l_pyr = 0.019879
Debug   : vH = 6405 / nTets = 6 / pp.size() = 6 / 0.653677 -0.041302 1.058002 -> 0.655060 -0.033497 1.052356 / dir = -1.000000 / l_pyr = 0.019463
Debug   : vH = 6401 / nTets = 6 / pp.size() = 6 / 0.614722 -0.033978 1.059105 -> 0.616112 -0.026155 1.053762 / dir = -1.000000 / l_pyr = 0.019149
Debug   : vH = 6397 / nTets = 6 / pp.size() = 6 / 1.762675 -0.268834 1.040644 -> 1.764143 -0.262552 1.027837 / dir = -1.000000 / l_pyr = 0.028681
Debug   : vH = 6394 / nTets = 4 / pp.size() = 4 / 1.723717 -0.261513 1.039956 -> 1.725179 -0.255168 1.027392 / dir = -1.000000 / l_pyr = 0.028302
Debug   : vH = 6390 / nTets = 4 / pp.size() = 4 / 1.673964 -0.252142 1.039146 -> 1.675419 -0.245721 1.026893 / dir = -1.000000 / l_pyr = 0.027819
Debug   : vH = 6388 / nTets = 6 / pp.size() = 6 / 1.611882 -0.240418 1.038243 -> 1.613329 -0.233907 1.026382 / dir = -1.000000 / l_pyr = 0.027216
Debug   : vH = 6385 / nTets = 8 / pp.size() = 8 / 1.536607 -0.226160 1.037309 -> 1.538045 -0.219545 1.025927 / dir = -1.000000 / l_pyr = 0.026486
Debug   : vH = 6382 / nTets = 6 / pp.size() = 6 / 1.448447 -0.209382 1.036457 -> 1.449874 -0.202653 1.025642 / dir = -1.000000 / l_pyr = 0.025634
Debug   : vH = 6380 / nTets = 4 / pp.size() = 4 / 1.349273 -0.190401 1.035820 -> 1.350690 -0.183555 1.025652 / dir = -1.000000 / l_pyr = 0.024680
Debug   : vH = 6378 / nTets = 4 / pp.size() = 4 / 1.242629 -0.169853 1.035531 -> 1.244037 -0.162892 1.026068 / dir = -1.000000 / l_pyr = 0.023663
Debug   : vH = 6375 / nTets = 4 / pp.size() = 4 / 1.133352 -0.148628 1.035688 -> 1.134756 -0.141560 1.026959 / dir = -1.000000 / l_pyr = 0.022637
Debug   : vH = 6373 / nTets = 4 / pp.size() = 4 / 1.026764 -0.127737 1.036311 -> 1.028168 -0.120575 1.028310 / dir = -1.000000 / l_pyr = 0.021659
Debug   : vH = 6370 / nTets = 6 / pp.size() = 6 / 0.927698 -0.108137 1.037329 -> 0.929106 -0.100895 1.030015 / dir = -1.000000 / l_pyr = 0.020776
Debug   : vH = 6368 / nTets = 4 / pp.size() = 4 / 0.839674 -0.090559 1.038609 -> 0.841089 -0.083254 1.031914 / dir = -1.000000 / l_pyr = 0.020020
Debug   : vH = 6366 / nTets = 4 / pp.size() = 4 / 0.764548 -0.075426 1.039996 -> 0.765973 -0.068070 1.033835 / dir = -1.000000 / l_pyr = 0.019401
Debug   : vH = 6362 / nTets = 6 / pp.size() = 6 / 0.702611 -0.062853 1.041352 -> 0.704047 -0.055459 1.035635 / dir = -1.000000 / l_pyr = 0.018912
Debug   : vH = 6360 / nTets = 8 / pp.size() = 8 / 0.652987 -0.052713 1.042583 -> 0.654434 -0.045291 1.037225 / dir = -1.000000 / l_pyr = 0.018536
Debug   : vH = 6356 / nTets = 4 / pp.size() = 4 / 0.614142 -0.044734 1.043639 -> 0.615598 -0.037291 1.038563 / dir = -1.000000 / l_pyr = 0.018252
Debug   : vH = 6351 / nTets = 4 / pp.size() = 4 / 1.758806 -0.293195 1.028267 -> 1.760247 -0.287369 1.016593 / dir = -1.000000 / l_pyr = 0.026254
Debug   : vH = 6348 / nTets = 4 / pp.size() = 4 / 1.719936 -0.285491 1.027476 -> 1.721372 -0.279608 1.016004 / dir = -1.000000 / l_pyr = 0.025946
Debug   : vH = 6346 / nTets = 6 / pp.size() = 6 / 1.670297 -0.275623 1.026538 -> 1.671728 -0.269670 1.015326 / dir = -1.000000 / l_pyr = 0.025550
Debug   : vH = 6343 / nTets = 4 / pp.size() = 4 / 1.608362 -0.263267 1.025480 -> 1.609788 -0.257231 1.014598 / dir = -1.000000 / l_pyr = 0.025052
Debug   : vH = 6341 / nTets = 4 / pp.size() = 4 / 1.533272 -0.248224 1.024366 -> 1.534690 -0.242091 1.013891 / dir = -1.000000 / l_pyr = 0.024442
Debug   : vH = 6339 / nTets = 4 / pp.size() = 4 / 1.445334 -0.230498 1.023312 -> 1.446745 -0.224259 1.013324 / dir = -1.000000 / l_pyr = 0.023722
Debug   : vH = 6336 / nTets = 6 / pp.size() = 6 / 1.346420 -0.210413 1.022458 -> 1.347825 -0.204062 1.013031 / dir = -1.000000 / l_pyr = 0.022906
Debug   : vH = 6334 / nTets = 4 / pp.size() = 4 / 1.240064 -0.188629 1.021949 -> 1.241465 -0.182166 1.013141 / dir = -1.000000 / l_pyr = 0.022028
Debug   : vH = 6332 / nTets = 6 / pp.size() = 6 / 1.131094 -0.166080 1.021893 -> 1.132494 -0.159511 1.013735 / dir = -1.000000 / l_pyr = 0.021135
Debug   : vH = 6330 / nTets = 4 / pp.size() = 4 / 1.024813 -0.143839 1.022320 -> 1.026218 -0.137172 1.014811 / dir = -1.000000 / l_pyr = 0.020278
Debug   : vH = 6328 / nTets = 4 / pp.size() = 4 / 0.926038 -0.122927 1.023164 -> 0.927452 -0.116175 1.016274 / dir = -1.000000 / l_pyr = 0.019501
Debug   : vH = 6326 / nTets = 4 / pp.size() = 4 / 0.838276 -0.104136 1.024297 -> 0.839703 -0.097312 1.017966 / dir = -1.000000 / l_pyr = 0.018834
Debug   : vH = 6324 / nTets = 4 / pp.size() = 4 / 0.763375 -0.087927 1.025562 -> 0.764816 -0.081046 1.019716 / dir = -1.000000 / l_pyr = 0.018288
Debug   : vH = 6321 / nTets = 4 / pp.size() = 4 / 0.701623 -0.074439 1.026822 -> 0.703079 -0.067512 1.021381 / dir = -1.000000 / l_pyr = 0.017857
Debug   : vH = 6318 / nTets = 6 / pp.size() = 6 / 0.652145 -0.063547 1.027977 -> 0.653615 -0.056583 1.022865 / dir = -1.000000 / l_pyr = 0.017525
Debug   : vH = 6314 / nTets = 10 / pp.size() = 10 / 0.613413 -0.054966 1.028974 -> 0.614894 -0.047975 1.024121 / dir = -1.000000 / l_pyr = 0.017276
Debug   : vH = 6309 / nTets = 8 / pp.size() = 8 / 1.754997 -0.315306 1.016868 -> 1.756371 -0.310016 1.006258 / dir = -1.000000 / l_pyr = 0.023871
Debug   : vH = 6307 / nTets = 8 / pp.size() = 8 / 1.716203 -0.307289 1.015984 -> 1.717574 -0.301947 1.005537 / dir = -1.000000 / l_pyr = 0.023627
Debug   : vH = 6304 / nTets = 4 / pp.size() = 4 / 1.666665 -0.297014 1.014928 -> 1.668032 -0.291606 1.004693 / dir = -1.000000 / l_pyr = 0.023313
Debug   : vH = 6302 / nTets = 6 / pp.size() = 6 / 1.604861 -0.284135 1.013726 -> 1.606225 -0.278649 1.003763 / dir = -1.000000 / l_pyr = 0.022911
Debug   : vH = 6300 / nTets = 4 / pp.size() = 4 / 1.529935 -0.268436 1.012443 -> 1.531295 -0.262858 1.002818 / dir = -1.000000 / l_pyr = 0.022414
Debug   : vH = 6297 / nTets = 6 / pp.size() = 6 / 1.442199 -0.249911 1.011196 -> 1.443556 -0.244229 1.001982 / dir = -1.000000 / l_pyr = 0.021820
Debug   : vH = 6295 / nTets = 4 / pp.size() = 4 / 1.343522 -0.228883 1.010133 -> 1.344878 -0.223090 1.001397 / dir = -1.000000 / l_pyr = 0.021139
Debug   : vH = 6291 / nTets = 6 / pp.size() = 6 / 1.237433 -0.206032 1.009406 -> 1.238791 -0.200124 1.001205 / dir = -1.000000 / l_pyr = 0.020397
Debug   : vH = 6289 / nTets = 4 / pp.size() = 4 / 1.128749 -0.182329 1.009133 -> 1.130112 -0.176310 1.001499 / dir = -1.000000 / l_pyr = 0.019634
Debug   : vH = 6286 / nTets = 4 / pp.size() = 4 / 1.022758 -0.158900 1.009353 -> 1.024132 -0.152774 1.002292 / dir = -1.000000 / l_pyr = 0.018896
Debug   : vH = 6283 / nTets = 8 / pp.size() = 8 / 0.924263 -0.136824 1.010009 -> 0.925652 -0.130604 1.003497 / dir = -1.000000 / l_pyr = 0.018223
Debug   : vH = 6280 / nTets = 6 / pp.size() = 6 / 0.836755 -0.116947 1.010976 -> 0.838162 -0.110645 1.004965 / dir = -1.000000 / l_pyr = 0.017644
Debug   : vH = 6278 / nTets = 6 / pp.size() = 6 / 0.762074 -0.099773 1.012101 -> 0.763500 -0.093403 1.006527 / dir = -1.000000 / l_pyr = 0.017168
Debug   : vH = 6275 / nTets = 6 / pp.size() = 6 / 0.700505 -0.085459 1.013244 -> 0.701950 -0.079033 1.008037 / dir = -1.000000 / l_pyr = 0.016791
Debug   : vH = 6273 / nTets = 4 / pp.size() = 4 / 0.651174 -0.073884 1.014307 -> 0.652635 -0.067415 1.009398 / dir = -1.000000 / l_pyr = 0.016502
Debug   : vH = 6270 / nTets = 4 / pp.size() = 4 / 0.612554 -0.064755 1.015232 -> 0.614031 -0.058254 1.010558 / dir = -1.000000 / l_pyr = 0.016284
Debug   : vH = 6265 / nTets = 6 / pp.size() = 6 / 1.751302 -0.335327 1.006585 -> 1.752577 -0.330616 0.996958 / dir = -1.000000 / l_pyr = 0.021586
Debug   : vH = 6262 / nTets = 4 / pp.size() = 4 / 1.712571 -0.327062 1.005614 -> 1.713846 -0.322303 0.996114 / dir = -1.000000 / l_pyr = 0.021403
Debug   : vH = 6259 / nTets = 8 / pp.size() = 8 / 1.663118 -0.316462 1.004447 -> 1.664392 -0.311642 0.995115 / dir = -1.000000 / l_pyr = 0.021162
Debug   : vH = 6257 / nTets = 4 / pp.size() = 4 / 1.601426 -0.303162 1.003110 -> 1.602699 -0.298267 0.993995 / dir = -1.000000 / l_pyr = 0.020849
Debug   : vH = 6254 / nTets = 6 / pp.size() = 6 / 1.526643 -0.286928 1.001664 -> 1.527916 -0.281944 0.992825 / dir = -1.000000 / l_pyr = 0.020454
Debug   : vH = 6252 / nTets = 4 / pp.size() = 4 / 1.439084 -0.267741 1.000230 -> 1.440359 -0.262656 0.991730 / dir = -1.000000 / l_pyr = 0.019973
Debug   : vH = 6250 / nTets = 4 / pp.size() = 4 / 1.340619 -0.245923 0.998959 -> 1.341897 -0.240726 0.990861 / dir = -1.000000 / l_pyr = 0.019412
Debug   : vH = 6248 / nTets = 4 / pp.size() = 4 / 1.234772 -0.222165 0.998010 -> 1.236057 -0.216851 0.990368 / dir = -1.000000 / l_pyr = 0.018792
Debug   : vH = 6245 / nTets = 6 / pp.size() = 6 / 1.126350 -0.197469 0.997509 -> 1.127647 -0.192037 0.990358 / dir = -1.000000 / l_pyr = 0.018147
Debug   : vH = 6243 / nTets = 4 / pp.size() = 4 / 1.020630 -0.173006 0.997507 -> 1.021943 -0.167460 0.990856 / dir = -1.000000 / l_pyr = 0.017518
Debug   : vH = 6241 / nTets = 4 / pp.size() = 4 / 0.922397 -0.149909 0.997954 -> 0.923730 -0.144258 0.991786 / dir = -1.000000 / l_pyr = 0.016941
Debug   : vH = 6239 / nTets = 4 / pp.size() = 4 / 0.835130 -0.129073 0.998733 -> 0.836487 -0.123330 0.993008 / dir = -1.000000 / l_pyr = 0.016443
Debug   : vH = 6237 / nTets = 4 / pp.size() = 4 / 0.760662 -0.111039 0.999695 -> 0.762043 -0.105218 0.994359 / dir = -1.000000 / l_pyr = 0.016033
Debug   : vH = 6235 / nTets = 4 / pp.size() = 4 / 0.699271 -0.095987 1.000703 -> 0.700673 -0.090102 0.995693 / dir = -1.000000 / l_pyr = 0.015710
Debug   : vH = 6232 / nTets = 6 / pp.size() = 6 / 0.650083 -0.083801 1.001655 -> 0.651506 -0.077865 0.996912 / dir = -1.000000 / l_pyr = 0.015462
Debug   : vH = 6229 / nTets = 4 / pp.size() = 4 / 0.611576 -0.074182 1.002492 -> 0.613015 -0.068205 0.997960 / dir = -1.000000 / l_pyr = 0.015275
Debug   : vH = 6223 / nTets = 6 / pp.size() = 6 / 1.747754 -0.353426 0.997514 -> 1.748906 -0.349337 0.988790 / dir = -1.000000 / l_pyr = 0.019406
Debug   : vH = 6221 / nTets = 4 / pp.size() = 4 / 1.709075 -0.344974 0.996461 -> 1.710228 -0.340840 0.987833 / dir = -1.000000 / l_pyr = 0.019273
Debug   : vH = 6219 / nTets = 4 / pp.size() = 4 / 1.659691 -0.334123 0.995191 -> 1.660846 -0.329932 0.986691 / dir = -1.000000 / l_pyr = 0.019095
Debug   : vH = 6217 / nTets = 4 / pp.size() = 4 / 1.598092 -0.320494 0.993725 -> 1.599248 -0.316232 0.985394 / dir = -1.000000 / l_pyr = 0.018858
Debug   : vH = 6214 / nTets = 4 / pp.size() = 4 / 1.523429 -0.303833 0.992123 -> 1.524589 -0.299486 0.984012 / dir = -1.000000 / l_pyr = 0.018552
Debug   : vH = 6212 / nTets = 6 / pp.size() = 6 / 1.436023 -0.284111 0.990505 -> 1.437188 -0.279664 0.982669 / dir = -1.000000 / l_pyr = 0.018171
Debug   : vH = 6210 / nTets = 4 / pp.size() = 4 / 1.337743 -0.261641 0.989026 -> 1.338915 -0.257082 0.981521 / dir = -1.000000 / l_pyr = 0.017717
Debug   : vH = 6206 / nTets = 4 / pp.size() = 4 / 1.232110 -0.237123 0.987849 -> 1.233295 -0.232444 0.980727 / dir = -1.000000 / l_pyr = 0.017208
Debug   : vH = 6204 / nTets = 4 / pp.size() = 4 / 1.123925 -0.211585 0.987111 -> 1.125126 -0.206780 0.980405 / dir = -1.000000 / l_pyr = 0.016672
Debug   : vH = 6202 / nTets = 4 / pp.size() = 4 / 1.018450 -0.186233 0.986869 -> 1.019674 -0.181306 0.980593 / dir = -1.000000 / l_pyr = 0.016145
Debug   : vH = 6200 / nTets = 4 / pp.size() = 4 / 0.920460 -0.162252 0.987086 -> 0.921709 -0.157209 0.981228 / dir = -1.000000 / l_pyr = 0.015660
Debug   : vH = 6198 / nTets = 6 / pp.size() = 6 / 0.833420 -0.140580 0.987654 -> 0.834697 -0.135433 0.982182 / dir = -1.000000 / l_pyr = 0.015240
Debug   : vH = 6196 / nTets = 4 / pp.size() = 4 / 0.759152 -0.121794 0.988430 -> 0.760457 -0.116558 0.983297 / dir = -1.000000 / l_pyr = 0.014896
Debug   : vH = 6194 / nTets = 4 / pp.size() = 4 / 0.697930 -0.106094 0.989280 -> 0.699261 -0.100784 0.984432 / dir = -1.000000 / l_pyr = 0.014624
Debug   : vH = 6192 / nTets = 4 / pp.size() = 4 / 0.648880 -0.093370 0.990102 -> 0.650234 -0.088000 0.985489 / dir = -1.000000 / l_pyr = 0.014416
Debug   : vH = 6189 / nTets = 4 / pp.size() = 4 / 0.610483 -0.083317 0.990836 -> 0.611855 -0.077900 0.986408 / dir = -1.000000 / l_pyr = 0.014260
Debug   : vH = 6185 / nTets = 4 / pp.size() = 4 / 1.744381 -0.369766 0.989748 -> 1.745388 -0.366342 0.981855 / dir = -1.000000 / l_pyr = 0.017325
Debug   : vH = 6181 / nTets = 6 / pp.size() = 6 / 1.705741 -0.361178 0.988621 -> 1.706750 -0.357713 0.980796 / dir = -1.000000 / l_pyr = 0.017234
Debug   : vH = 6179 / nTets = 4 / pp.size() = 4 / 1.656413 -0.350142 0.987255 -> 1.657425 -0.346624 0.979524 / dir = -1.000000 / l_pyr = 0.017108
Debug   : vH = 6176 / nTets = 6 / pp.size() = 6 / 1.594888 -0.336263 0.985667 -> 1.595904 -0.332679 0.978063 / dir = -1.000000 / l_pyr = 0.016935
Debug   : vH = 6173 / nTets = 4 / pp.size() = 4 / 1.520325 -0.319273 0.983916 -> 1.521346 -0.315606 0.976481 / dir = -1.000000 / l_pyr = 0.016705
Debug   : vH = 6171 / nTets = 4 / pp.size() = 4 / 1.433046 -0.299127 0.982118 -> 1.434076 -0.295362 0.974900 / dir = -1.000000 / l_pyr = 0.016412
Debug   : vH = 6169 / nTets = 4 / pp.size() = 4 / 1.334923 -0.276132 0.980428 -> 1.335965 -0.272253 0.973477 / dir = -1.000000 / l_pyr = 0.016056
Debug   : vH = 6167 / nTets = 4 / pp.size() = 4 / 1.229476 -0.250992 0.979017 -> 1.230535 -0.246987 0.972378 / dir = -1.000000 / l_pyr = 0.015650
Debug   : vH = 6165 / nTets = 4 / pp.size() = 4 / 1.121499 -0.224752 0.978026 -> 1.122580 -0.220613 0.971733 / dir = -1.000000 / l_pyr = 0.015218
Debug   : vH = 6163 / nTets = 4 / pp.size() = 4 / 1.016244 -0.198654 0.977524 -> 1.017353 -0.194381 0.971591 / dir = -1.000000 / l_pyr = 0.014790
Debug   : vH = 6161 / nTets = 4 / pp.size() = 4 / 0.918473 -0.173923 0.977488 -> 0.919612 -0.169521 0.971907 / dir = -1.000000 / l_pyr = 0.014397
Debug   : vH = 6159 / nTets = 4 / pp.size() = 4 / 0.831640 -0.151537 0.977819 -> 0.832811 -0.147019 0.972565 / dir = -1.000000 / l_pyr = 0.014056
Debug   : vH = 6156 / nTets = 6 / pp.size() = 6 / 0.757557 -0.132107 0.978383 -> 0.758760 -0.127487 0.973418 / dir = -1.000000 / l_pyr = 0.013777
Debug   : vH = 6154 / nTets = 4 / pp.size() = 4 / 0.696494 -0.115851 0.979051 -> 0.697726 -0.111145 0.974330 / dir = -1.000000 / l_pyr = 0.013558
Debug   : vH = 6150 / nTets = 6 / pp.size() = 6 / 0.647575 -0.102664 0.979724 -> 0.648832 -0.097888 0.975202 / dir = -1.000000 / l_pyr = 0.013391
Debug   : vH = 6146 / nTets = 6 / pp.size() = 6 / 0.609282 -0.092237 0.980338 -> 0.610560 -0.087407 0.975975 / dir = -1.000000 / l_pyr = 0.013266
Debug   : vH = 6141 / nTets = 4 / pp.size() = 4 / 1.741201 -0.384510 0.983367 -> 1.742047 -0.381780 0.976225 / dir = -1.000000 / l_pyr = 0.015384
Debug   : vH = 6138 / nTets = 6 / pp.size() = 6 / 1.702591 -0.375827 0.982173 -> 1.703439 -0.373061 0.975079 / dir = -1.000000 / l_pyr = 0.015324
Debug   : vH = 6136 / nTets = 4 / pp.size() = 4 / 1.653304 -0.364658 0.980720 -> 1.654156 -0.361844 0.973692 / dir = -1.000000 / l_pyr = 0.015236
Debug   : vH = 6133 / nTets = 4 / pp.size() = 4 / 1.591836 -0.350597 0.979018 -> 1.592693 -0.347720 0.972084 / dir = -1.000000 / l_pyr = 0.015113
Debug   : vH = 6130 / nTets = 10 / pp.size() = 10 / 1.517351 -0.333360 0.977124 -> 1.518215 -0.330404 0.970316 / dir = -1.000000 / l_pyr = 0.014945
Debug   : vH = 6127 / nTets = 8 / pp.size() = 8 / 1.430174 -0.312889 0.975148 -> 1.431050 -0.309835 0.968507 / dir = -1.000000 / l_pyr = 0.014724
Debug   : vH = 6125 / nTets = 4 / pp.size() = 4 / 1.332180 -0.289482 0.973247 -> 1.333072 -0.286313 0.966814 / dir = -1.000000 / l_pyr = 0.014452
Debug   : vH = 6123 / nTets = 4 / pp.size() = 4 / 1.226890 -0.263843 0.971592 -> 1.227802 -0.260543 0.965408 / dir = -1.000000 / l_pyr = 0.014137
Debug   : vH = 6120 / nTets = 4 / pp.size() = 4 / 1.119090 -0.237035 0.970332 -> 1.120029 -0.233593 0.964428 / dir = -1.000000 / l_pyr = 0.013799
Debug   : vH = 6118 / nTets = 4 / pp.size() = 4 / 1.014025 -0.210326 0.969550 -> 1.014996 -0.206738 0.963938 / dir = -1.000000 / l_pyr = 0.013464
Debug   : vH = 6113 / nTets = 6 / pp.size() = 6 / 0.916446 -0.184975 0.969234 -> 0.917452 -0.181245 0.963910 / dir = -1.000000 / l_pyr = 0.013155
Debug   : vH = 6110 / nTets = 6 / pp.size() = 6 / 0.829796 -0.161997 0.969300 -> 0.830838 -0.158137 0.964245 / dir = -1.000000 / l_pyr = 0.012889
Debug   : vH = 6108 / nTets = 6 / pp.size() = 6 / 0.755880 -0.142030 0.969626 -> 0.756957 -0.138056 0.964810 / dir = -1.000000 / l_pyr = 0.012672
Debug   : vH = 6106 / nTets = 4 / pp.size() = 4 / 0.694961 -0.125308 0.970088 -> 0.696069 -0.121238 0.965475 / dir = -1.000000 / l_pyr = 0.012502
Debug   : vH = 6103 / nTets = 4 / pp.size() = 4 / 0.646162 -0.111732 0.970590 -> 0.647297 -0.107585 0.966142 / dir = -1.000000 / l_pyr = 0.012373
Debug   : vH = 6099 / nTets = 8 / pp.size() = 8 / 0.607966 -0.100992 0.971066 -> 0.609123 -0.096783 0.966750 / dir = -1.000000 / l_pyr = 0.012278
Debug   : vH = 6095 / nTets = 4 / pp.size() = 4 / 1.738224 -0.397813 0.978412 -> 1.738902 -0.395783 0.971955 / dir = -1.000000 / l_pyr = 0.013603
Debug   : vH = 6092 / nTets = 4 / pp.size() = 4 / 1.699634 -0.389066 0.977159 -> 1.700314 -0.387004 0.970734 / dir = -1.000000 / l_pyr = 0.013563
Debug   : vH = 6090 / nTets = 8 / pp.size() = 8 / 1.650376 -0.377805 0.975627 -> 1.651060 -0.375700 0.969248 / dir = -1.000000 / l_pyr = 0.013504
Debug   : vH = 6088 / nTets = 6 / pp.size() = 6 / 1.588951 -0.363614 0.973821 -> 1.589641 -0.361451 0.967508 / dir = -1.000000 / l_pyr = 0.013417
Debug   : vH = 6086 / nTets = 4 / pp.size() = 4 / 1.514525 -0.346196 0.971790 -> 1.515223 -0.343958 0.965569 / dir = -1.000000 / l_pyr = 0.013296
Debug   : vH = 6084 / nTets = 4 / pp.size() = 4 / 1.427428 -0.325482 0.969641 -> 1.428140 -0.323147 0.963544 / dir = -1.000000 / l_pyr = 0.013134
Debug   : vH = 6080 / nTets = 4 / pp.size() = 4 / 1.329538 -0.301760 0.967526 -> 1.330267 -0.299309 0.961588 / dir = -1.000000 / l_pyr = 0.012931
Debug   : vH = 6078 / nTets = 4 / pp.size() = 4 / 1.224373 -0.275736 0.965619 -> 1.225126 -0.273149 0.959873 / dir = -1.000000 / l_pyr = 0.012694
Debug   : vH = 6075 / nTets = 8 / pp.size() = 8 / 1.116719 -0.248481 0.964077 -> 1.117502 -0.245744 0.958547 / dir = -1.000000 / l_pyr = 0.012439
Debug   : vH = 6073 / nTets = 4 / pp.size() = 4 / 1.011814 -0.221286 0.962993 -> 1.012632 -0.218394 0.957693 / dir = -1.000000 / l_pyr = 0.012186
Debug   : vH = 6071 / nTets = 4 / pp.size() = 4 / 0.914398 -0.195439 0.962374 -> 0.915253 -0.192395 0.957302 / dir = -1.000000 / l_pyr = 0.011953
Debug   : vH = 6069 / nTets = 4 / pp.size() = 4 / 0.827906 -0.171984 0.962150 -> 0.828800 -0.168800 0.957293 / dir = -1.000000 / l_pyr = 0.011753
Debug   : vH = 6067 / nTets = 4 / pp.size() = 4 / 0.754135 -0.151583 0.962214 -> 0.755066 -0.148274 0.957547 / dir = -1.000000 / l_pyr = 0.011592
Debug   : vH = 6064 / nTets = 4 / pp.size() = 4 / 0.693343 -0.134484 0.962450 -> 0.694307 -0.131070 0.957945 / dir = -1.000000 / l_pyr = 0.011467
Debug   : vH = 6062 / nTets = 6 / pp.size() = 6 / 0.644651 -0.120594 0.962762 -> 0.645643 -0.117095 0.958390 / dir = -1.000000 / l_pyr = 0.011373
Debug   : vH = 6059 / nTets = 4 / pp.size() = 4 / 0.606542 -0.109599 0.963086 -> 0.607557 -0.106032 0.958820 / dir = -1.000000 / l_pyr = 0.011304
Debug   : vH = 6054 / nTets = 4 / pp.size() = 4 / 1.735451 -0.409784 0.974864 -> 1.735963 -0.408426 0.969055 / dir = -1.000000 / l_pyr = 0.011975
Debug   : vH = 6050 / nTets = 6 / pp.size() = 6 / 1.696875 -0.400997 0.973559 -> 1.697389 -0.399610 0.967769 / dir = -1.000000 / l_pyr = 0.011952
Debug   : vH = 6048 / nTets = 4 / pp.size() = 4 / 1.647637 -0.389676 0.971955 -> 1.648156 -0.388249 0.966193 / dir = -1.000000 / l_pyr = 0.011916
Debug   : vH = 6046 / nTets = 4 / pp.size() = 4 / 1.586242 -0.375398 0.970051 -> 1.586767 -0.373916 0.964333 / dir = -1.000000 / l_pyr = 0.011862
Debug   : vH = 6044 / nTets = 4 / pp.size() = 4 / 1.511859 -0.357855 0.967890 -> 1.512394 -0.356300 0.962233 / dir = -1.000000 / l_pyr = 0.011782
Debug   : vH = 6042 / nTets = 4 / pp.size() = 4 / 1.424823 -0.336967 0.965571 -> 1.425371 -0.335317 0.959999 / dir = -1.000000 / l_pyr = 0.011673
Debug   : vH = 6040 / nTets = 4 / pp.size() = 4 / 1.327011 -0.313018 0.963242 -> 1.327579 -0.311250 0.957782 / dir = -1.000000 / l_pyr = 0.011534
Debug   : vH = 6037 / nTets = 10 / pp.size() = 10 / 1.221945 -0.286708 0.961077 -> 1.222539 -0.284801 0.955755 / dir = -1.000000 / l_pyr = 0.011369
Debug   : vH = 6034 / nTets = 4 / pp.size() = 4 / 1.114408 -0.259119 0.959241 -> 1.115033 -0.257056 0.954078 / dir = -1.000000 / l_pyr = 0.011191
Debug   : vH = 6032 / nTets = 4 / pp.size() = 4 / 1.009631 -0.231555 0.957840 -> 1.010293 -0.229329 0.952847 / dir = -1.000000 / l_pyr = 0.011013
Debug   : vH = 6030 / nTets = 4 / pp.size() = 4 / 0.912348 -0.205328 0.956897 -> 0.913050 -0.202942 0.952075 / dir = -1.000000 / l_pyr = 0.010851
Debug   : vH = 6028 / nTets = 4 / pp.size() = 4 / 0.825987 -0.181506 0.956364 -> 0.826729 -0.178970 0.951704 / dir = -1.000000 / l_pyr = 0.010714
Debug   : vH = 6026 / nTets = 4 / pp.size() = 4 / 0.752338 -0.160768 0.956146 -> 0.753119 -0.158100 0.951631 / dir = -1.000000 / l_pyr = 0.010605
Debug   : vH = 6024 / nTets = 4 / pp.size() = 4 / 0.691655 -0.143376 0.956137 -> 0.692469 -0.140596 0.951746 / dir = -1.000000 / l_pyr = 0.010521
Debug   : vH = 6020 / nTets = 6 / pp.size() = 6 / 0.643055 -0.129240 0.956245 -> 0.643899 -0.126368 0.951957 / dir = -1.000000 / l_pyr = 0.010460
Debug   : vH = 6016 / nTets = 8 / pp.size() = 8 / 0.605023 -0.118047 0.956403 -> 0.605890 -0.115101 0.952197 / dir = -1.000000 / l_pyr = 0.010415
Debug   : vH = 6010 / nTets = 6 / pp.size() = 6 / 1.732895 -0.420499 0.972630 -> 1.733253 -0.419750 0.967438 / dir = -1.000000 / l_pyr = 0.010517
Debug   : vH = 6008 / nTets = 6 / pp.size() = 6 / 1.694325 -0.411690 0.971279 -> 1.694686 -0.410914 0.966094 / dir = -1.000000 / l_pyr = 0.010508
Debug   : vH = 6006 / nTets = 4 / pp.size() = 4 / 1.645100 -0.400336 0.969608 -> 1.645464 -0.399523 0.964439 / dir = -1.000000 / l_pyr = 0.010491
Debug   : vH = 6002 / nTets = 6 / pp.size() = 6 / 1.583724 -0.386005 0.967613 -> 1.584095 -0.385140 0.962468 / dir = -1.000000 / l_pyr = 0.010462
Debug   : vH = 5998 / nTets = 4 / pp.size() = 4 / 1.509369 -0.368384 0.965327 -> 1.509750 -0.367450 0.960218 / dir = -1.000000 / l_pyr = 0.010416
Debug   : vH = 5995 / nTets = 6 / pp.size() = 6 / 1.422374 -0.347385 0.962843 -> 1.422769 -0.346358 0.957787 / dir = -1.000000 / l_pyr = 0.010348
Debug   : vH = 5993 / nTets = 8 / pp.size() = 8 / 1.324618 -0.323282 0.960301 -> 1.325033 -0.322140 0.955318 / dir = -1.000000 / l_pyr = 0.010260
Debug   : vH = 5991 / nTets = 4 / pp.size() = 4 / 1.219625 -0.296777 0.957879 -> 1.220065 -0.295497 0.952987 / dir = -1.000000 / l_pyr = 0.010152
Debug   : vH = 5989 / nTets = 6 / pp.size() = 6 / 1.112173 -0.268953 0.955744 -> 1.112645 -0.267517 0.950960 / dir = -1.000000 / l_pyr = 0.010034
Debug   : vH = 5987 / nTets = 4 / pp.size() = 4 / 1.007494 -0.241126 0.954017 -> 1.008003 -0.239526 0.949352 / dir = -1.000000 / l_pyr = 0.009915
Debug   : vH = 5985 / nTets = 4 / pp.size() = 4 / 0.910314 -0.214625 0.952741 -> 0.910863 -0.212862 0.948198 / dir = -1.000000 / l_pyr = 0.009808
Debug   : vH = 5982 / nTets = 4 / pp.size() = 4 / 0.824057 -0.190534 0.951887 -> 0.824646 -0.188619 0.947460 / dir = -1.000000 / l_pyr = 0.009719
Debug   : vH = 5980 / nTets = 4 / pp.size() = 4 / 0.750505 -0.169548 0.951375 -> 0.751133 -0.167498 0.947053 / dir = -1.000000 / l_pyr = 0.009649
Debug   : vH = 5978 / nTets = 4 / pp.size() = 4 / 0.689910 -0.151938 0.951109 -> 0.690571 -0.149773 0.946878 / dir = -1.000000 / l_pyr = 0.009597
Debug   : vH = 5976 / nTets = 4 / pp.size() = 4 / 0.641387 -0.137619 0.951003 -> 0.642078 -0.135359 0.946848 / dir = -1.000000 / l_pyr = 0.009560
Debug   : vH = 5973 / nTets = 6 / pp.size() = 6 / 0.603419 -0.126276 0.950987 -> 0.604133 -0.123940 0.946893 / dir = -1.000000 / l_pyr = 0.009535
Debug   : vH = 5967 / nTets = 4 / pp.size() = 4 / 1.730569 -0.430006 0.971528 -> 1.730798 -0.429747 0.966944 / dir = -1.000000 / l_pyr = 0.009194
Debug   : vH = 5964 / nTets = 4 / pp.size() = 4 / 1.692001 -0.421191 0.970134 -> 1.692233 -0.420909 0.965548 / dir = -1.000000 / l_pyr = 0.009200
Debug   : vH = 5962 / nTets = 4 / pp.size() = 4 / 1.642781 -0.409825 0.968403 -> 1.643016 -0.409509 0.963818 / dir = -1.000000 / l_pyr = 0.009205
Debug   : vH = 5960 / nTets = 4 / pp.size() = 4 / 1.581414 -0.395472 0.966323 -> 1.581655 -0.395108 0.961744 / dir = -1.000000 / l_pyr = 0.009201
Debug   : vH = 5958 / nTets = 4 / pp.size() = 4 / 1.507075 -0.377814 0.963921 -> 1.507325 -0.377385 0.959355 / dir = -1.000000 / l_pyr = 0.009186
Debug   : vH = 5956 / nTets = 4 / pp.size() = 4 / 1.420104 -0.356755 0.961279 -> 1.420368 -0.356240 0.956737 / dir = -1.000000 / l_pyr = 0.009158
Debug   : vH = 5954 / nTets = 4 / pp.size() = 4 / 1.322384 -0.332564 0.958534 -> 1.322666 -0.331940 0.954029 / dir = -1.000000 / l_pyr = 0.009114
Debug   : vH = 5951 / nTets = 4 / pp.size() = 4 / 1.217437 -0.305940 0.955861 -> 1.217744 -0.305185 0.951407 / dir = -1.000000 / l_pyr = 0.009056
Debug   : vH = 5949 / nTets = 4 / pp.size() = 4 / 1.110044 -0.277968 0.953434 -> 1.110382 -0.277062 0.949044 / dir = -1.000000 / l_pyr = 0.008989
Debug   : vH = 5946 / nTets = 6 / pp.size() = 6 / 1.005433 -0.249969 0.951386 -> 1.005807 -0.248905 0.947071 / dir = -1.000000 / l_pyr = 0.008921
Debug   : vH = 5944 / nTets = 4 / pp.size() = 4 / 0.908328 -0.223284 0.949780 -> 0.908741 -0.222060 0.945543 / dir = -1.000000 / l_pyr = 0.008859
Debug   : vH = 5941 / nTets = 6 / pp.size() = 6 / 0.822147 -0.199010 0.948604 -> 0.822598 -0.197636 0.944444 / dir = -1.000000 / l_pyr = 0.008809
Debug   : vH = 5938 / nTets = 6 / pp.size() = 6 / 0.748670 -0.177852 0.947797 -> 0.749158 -0.176344 0.943708 / dir = -1.000000 / l_pyr = 0.008771
Debug   : vH = 5935 / nTets = 4 / pp.size() = 4 / 0.688142 -0.160089 0.947273 -> 0.688664 -0.158467 0.943246 / dir = -1.000000 / l_pyr = 0.008745
Debug   : vH = 5933 / nTets = 8 / pp.size() = 8 / 0.639680 -0.145640 0.946950 -> 0.640229 -0.143924 0.942976 / dir = -1.000000 / l_pyr = 0.008728
Debug   : vH = 5929 / nTets = 6 / pp.size() = 6 / 0.601762 -0.134190 0.946759 -> 0.602335 -0.132399 0.942827 / dir = -1.000000 / l_pyr = 0.008718
Debug   : vH = 499 / nTets = 8 / pp.size() = 8 / 1.728477 -0.438366 0.971327 -> 1.728601 -0.438491 0.967304 / dir = -1.000000 / l_pyr = 0.008052
Debug   : vH = 493 / nTets = 4 / pp.size() = 4 / 1.689907 -0.429561 0.969895 -> 1.690033 -0.429665 0.965863 / dir = -1.000000 / l_pyr = 0.008071
Debug   : vH = 487 / nTets = 6 / pp.size() = 6 / 1.640684 -0.418204 0.968111 -> 1.640813 -0.418278 0.964073 / dir = -1.000000 / l_pyr = 0.008083
Debug   : vH = 479 / nTets = 4 / pp.size() = 4 / 1.579316 -0.403857 0.965955 -> 1.579451 -0.403890 0.961902 / dir = -1.000000 / l_pyr = 0.008110
Debug   : vH = 472 / nTets = 4 / pp.size() = 4 / 1.504981 -0.386196 0.963447 -> 1.505124 -0.386170 0.959388 / dir = -1.000000 / l_pyr = 0.008123
Debug   : vH = 466 / nTets = 4 / pp.size() = 4 / 1.418021 -0.365123 0.960661 -> 1.418176 -0.365020 0.956598 / dir = -1.000000 / l_pyr = 0.008134
Debug   : vH = 458 / nTets = 4 / pp.size() = 4 / 1.320319 -0.340903 0.957728 -> 1.320492 -0.340699 0.953669 / dir = -1.000000 / l_pyr = 0.008135
Debug   : vH = 451 / nTets = 6 / pp.size() = 6 / 1.215398 -0.314225 0.954820 -> 1.215594 -0.313900 0.950780 / dir = -1.000000 / l_pyr = 0.008115
Debug   : vH = 443 / nTets = 6 / pp.size() = 6 / 1.108038 -0.286176 0.952116 -> 1.108262 -0.285710 0.948106 / dir = -1.000000 / l_pyr = 0.008087
Debug   : vH = 437 / nTets = 6 / pp.size() = 6 / 1.003470 -0.258083 0.949762 -> 1.003728 -0.257467 0.945788 / dir = -1.000000 / l_pyr = 0.008061
Debug   : vH = 431 / nTets = 4 / pp.size() = 4 / 0.906414 -0.231290 0.947838 -> 0.906709 -0.230523 0.943907 / dir = -1.000000 / l_pyr = 0.008032
Debug   : vH = 425 / nTets = 4 / pp.size() = 4 / 0.820287 -0.206904 0.946351 -> 0.820618 -0.205992 0.942464 / dir = -1.000000 / l_pyr = 0.008012
Debug   : vH = 417 / nTets = 4 / pp.size() = 4 / 0.746861 -0.185637 0.945256 -> 0.747227 -0.184595 0.941414 / dir = -1.000000 / l_pyr = 0.007995
Debug   : vH = 411 / nTets = 6 / pp.size() = 6 / 0.686381 -0.167774 0.944479 -> 0.686779 -0.166622 0.940677 / dir = -1.000000 / l_pyr = 0.007987
Debug   : vH = 403 / nTets = 4 / pp.size() = 4 / 0.637963 -0.153240 0.943943 -> 0.638388 -0.151995 0.940173 / dir = -1.000000 / l_pyr = 0.007984
Debug   : vH = 395 / nTets = 6 / pp.size() = 6 / 0.600083 -0.141719 0.943577 -> 0.600530 -0.140401 0.939836 / dir = -1.000000 / l_pyr = 0.007983
Debug   : vH = 263 / nTets = 4 / pp.size() = 4 / 1.708539 -0.510173 1.074444 -> 1.707719 -0.513896 1.075760 / dir = -1.000000 / l_pyr = 0.008065
Debug   : vH = 256 / nTets = 4 / pp.size() = 4 / 1.669570 -0.502079 1.072859 -> 1.668741 -0.505814 1.074160 / dir = -1.000000 / l_pyr = 0.008083
Debug   : vH = 250 / nTets = 6 / pp.size() = 6 / 1.619812 -0.491657 1.070755 -> 1.618971 -0.495407 1.072033 / dir = -1.000000 / l_pyr = 0.008101
Debug   : vH = 243 / nTets = 4 / pp.size() = 4 / 1.557739 -0.478518 1.068001 -> 1.556883 -0.482289 1.069246 / dir = -1.000000 / l_pyr = 0.008125
Debug   : vH = 237 / nTets = 6 / pp.size() = 6 / 1.482504 -0.462387 1.064463 -> 1.481631 -0.466182 1.065657 / dir = -1.000000 / l_pyr = 0.008145
Debug   : vH = 230 / nTets = 4 / pp.size() = 4 / 1.394444 -0.443208 1.060039 -> 1.393554 -0.447021 1.061155 / dir = -1.000000 / l_pyr = 0.008143
Debug   : vH = 223 / nTets = 4 / pp.size() = 4 / 1.295453 -0.421253 1.054688 -> 1.294547 -0.425074 1.055695 / dir = -1.000000 / l_pyr = 0.008109
Debug   : vH = 217 / nTets = 4 / pp.size() = 4 / 1.189098 -0.397178 1.048474 -> 1.188176 -0.401006 1.049337 / dir = -1.000000 / l_pyr = 0.008062
Debug   : vH = 208 / nTets = 4 / pp.size() = 4 / 1.080229 -0.371986 1.041593 -> 1.079296 -0.375813 1.042275 / dir = -1.000000 / l_pyr = 0.007996
Debug   : vH = 201 / nTets = 4 / pp.size() = 4 / 0.974168 -0.346883 1.034358 -> 0.973227 -0.350711 1.034829 / dir = -1.000000 / l_pyr = 0.007940
Debug   : vH = 194 / nTets = 8 / pp.size() = 8 / 0.875711 -0.323056 1.027153 -> 0.874766 -0.326883 1.027393 / dir = -1.000000 / l_pyr = 0.007899
Debug   : vH = 186 / nTets = 4 / pp.size() = 4 / 0.788335 -0.301463 1.020339 -> 0.787392 -0.305281 1.020342 / dir = -1.000000 / l_pyr = 0.007864
Debug   : vH = 178 / nTets = 4 / pp.size() = 4 / 0.713846 -0.282705 1.014206 -> 0.712908 -0.286514 1.013981 / dir = -1.000000 / l_pyr = 0.007857
Debug   : vH = 172 / nTets = 4 / pp.size() = 4 / 0.652498 -0.267001 1.008923 -> 0.651570 -0.270793 1.008491 / dir = -1.000000 / l_pyr = 0.007857
Debug   : vH = 164 / nTets = 4 / pp.size() = 4 / 0.603399 -0.254257 1.004538 -> 0.602482 -0.258031 1.003927 / dir = -1.000000 / l_pyr = 0.007863
Debug   : vH = 156 / nTets = 4 / pp.size() = 4 / 0.564994 -0.244177 1.001009 -> 0.564087 -0.247932 1.000251 / dir = -1.000000 / l_pyr = 0.007874
Debug   : vH = 5357 / nTets = 4 / pp.size() = 4 / 1.709468 -0.507068 1.082486 -> 1.708547 -0.511186 1.084420 / dir = -1.000000 / l_pyr = 0.009283
Debug   : vH = 5356 / nTets = 4 / pp.size() = 4 / 1.670491 -0.499014 1.080933 -> 1.669561 -0.503144 1.082849 / dir = -1.000000 / l_pyr = 0.009294
Debug   : vH = 5355 / nTets = 4 / pp.size() = 4 / 1.620724 -0.488654 1.078867 -> 1.619782 -0.492798 1.080757 / dir = -1.000000 / l_pyr = 0.009302
Debug   : vH = 5354 / nTets = 6 / pp.size() = 6 / 1.558637 -0.475608 1.076160 -> 1.557682 -0.479766 1.078009 / dir = -1.000000 / l_pyr = 0.009299
Debug   : vH = 5353 / nTets = 4 / pp.size() = 4 / 1.483375 -0.459613 1.072670 -> 1.482404 -0.463783 1.074455 / dir = -1.000000 / l_pyr = 0.009277
Debug   : vH = 5352 / nTets = 4 / pp.size() = 4 / 1.395274 -0.440628 1.068293 -> 1.394286 -0.444808 1.069985 / dir = -1.000000 / l_pyr = 0.009232
Debug   : vH = 5351 / nTets = 6 / pp.size() = 6 / 1.296220 -0.418935 1.062986 -> 1.295215 -0.423122 1.064551 / dir = -1.000000 / l_pyr = 0.009162
Debug   : vH = 5350 / nTets = 4 / pp.size() = 4 / 1.189774 -0.395197 1.056804 -> 1.188754 -0.399390 1.058201 / dir = -1.000000 / l_pyr = 0.009071
Debug   : vH = 5349 / nTets = 6 / pp.size() = 6 / 1.080790 -0.370411 1.049939 -> 1.079756 -0.374610 1.051130 / dir = -1.000000 / l_pyr = 0.008971
Debug   : vH = 5348 / nTets = 6 / pp.size() = 6 / 0.974590 -0.345764 1.042705 -> 0.973547 -0.349971 1.043656 / dir = -1.000000 / l_pyr = 0.008874
Debug   : vH = 5347 / nTets = 6 / pp.size() = 6 / 0.875973 -0.322414 1.035487 -> 0.874925 -0.326629 1.036179 / dir = -1.000000 / l_pyr = 0.008796
Debug   : vH = 5346 / nTets = 6 / pp.size() = 6 / 0.788427 -0.301291 1.028649 -> 0.787377 -0.305514 1.029075 / dir = -1.000000 / l_pyr = 0.008744
Debug   : vH = 5345 / nTets = 4 / pp.size() = 4 / 0.713764 -0.282966 1.022484 -> 0.712717 -0.287193 1.022655 / dir = -1.000000 / l_pyr = 0.008716
Debug   : vH = 5344 / nTets = 4 / pp.size() = 4 / 0.652254 -0.267642 1.017169 -> 0.651213 -0.271870 1.017110 / dir = -1.000000 / l_pyr = 0.008710
Debug   : vH = 5343 / nTets = 4 / pp.size() = 4 / 0.603011 -0.255218 1.012752 -> 0.601979 -0.259440 1.012493 / dir = -1.000000 / l_pyr = 0.008710
Debug   : vH = 5340 / nTets = 6 / pp.size() = 6 / 0.564478 -0.245394 1.009195 -> 0.563454 -0.249609 1.008773 / dir = -1.000000 / l_pyr = 0.008716
Debug   : vH = 5336 / nTets = 4 / pp.size() = 4 / 1.710772 -0.502660 1.091319 -> 1.709754 -0.507151 1.093994 / dir = -1.000000 / l_pyr = 0.010650
Debug   : vH = 5334 / nTets = 4 / pp.size() = 4 / 1.671791 -0.494656 1.089795 -> 1.670765 -0.499155 1.092446 / dir = -1.000000 / l_pyr = 0.010643
Debug   : vH = 5332 / nTets = 4 / pp.size() = 4 / 1.622016 -0.484371 1.087764 -> 1.620978 -0.488878 1.090380 / dir = -1.000000 / l_pyr = 0.010626
Debug   : vH = 5330 / nTets = 4 / pp.size() = 4 / 1.559913 -0.471437 1.085097 -> 1.558862 -0.475952 1.087660 / dir = -1.000000 / l_pyr = 0.010594
Debug   : vH = 5328 / nTets = 4 / pp.size() = 4 / 1.484624 -0.455605 1.081652 -> 1.483558 -0.460128 1.084137 / dir = -1.000000 / l_pyr = 0.010539
Debug   : vH = 5325 / nTets = 8 / pp.size() = 8 / 1.396479 -0.436849 1.077324 -> 1.395396 -0.441379 1.079697 / dir = -1.000000 / l_pyr = 0.010456
Debug   : vH = 5323 / nTets = 4 / pp.size() = 4 / 1.297358 -0.415462 1.072063 -> 1.296258 -0.420000 1.074286 / dir = -1.000000 / l_pyr = 0.010343
Debug   : vH = 5321 / nTets = 6 / pp.size() = 6 / 1.190818 -0.392112 1.065922 -> 1.189702 -0.396660 1.067951 / dir = -1.000000 / l_pyr = 0.010207
Debug   : vH = 5319 / nTets = 4 / pp.size() = 4 / 1.081711 -0.367791 1.059090 -> 1.080580 -0.372353 1.060884 / dir = -1.000000 / l_pyr = 0.010061
Debug   : vH = 5317 / nTets = 4 / pp.size() = 4 / 0.975362 -0.343663 1.051878 -> 0.974219 -0.348245 1.053401 / dir = -1.000000 / l_pyr = 0.009923
Debug   : vH = 5315 / nTets = 4 / pp.size() = 4 / 0.876575 -0.320854 1.044671 -> 0.875424 -0.325459 1.045904 / dir = -1.000000 / l_pyr = 0.009808
Debug   : vH = 5313 / nTets = 4 / pp.size() = 4 / 0.788848 -0.300259 1.037835 -> 0.787693 -0.304889 1.038774 / dir = -1.000000 / l_pyr = 0.009726
Debug   : vH = 5311 / nTets = 4 / pp.size() = 4 / 0.714005 -0.282420 1.031666 -> 0.712850 -0.287072 1.032323 / dir = -1.000000 / l_pyr = 0.009676
Debug   : vH = 5308 / nTets = 4 / pp.size() = 4 / 0.652326 -0.267520 1.026343 -> 0.651173 -0.272189 1.026746 / dir = -1.000000 / l_pyr = 0.009652
Debug   : vH = 5306 / nTets = 6 / pp.size() = 6 / 0.602931 -0.255452 1.021917 -> 0.601784 -0.260133 1.022101 / dir = -1.000000 / l_pyr = 0.009646
Debug   : vH = 5303 / nTets = 4 / pp.size() = 4 / 0.564266 -0.245915 1.018351 -> 0.563125 -0.250601 1.018354 / dir = -1.000000 / l_pyr = 0.009646
Debug   : vH = 5295 / nTets = 6 / pp.size() = 6 / 1.712516 -0.496690 1.100880 -> 1.711409 -0.501507 1.104438 / dir = -1.000000 / l_pyr = 0.012180
Debug   : vH = 5293 / nTets = 4 / pp.size() = 4 / 1.673531 -0.488751 1.099381 -> 1.672415 -0.493572 1.102907 / dir = -1.000000 / l_pyr = 0.012153
Debug   : vH = 5291 / nTets = 6 / pp.size() = 6 / 1.623746 -0.478561 1.097383 -> 1.622619 -0.483388 1.100861 / dir = -1.000000 / l_pyr = 0.012111
Debug   : vH = 5289 / nTets = 4 / pp.size() = 4 / 1.561626 -0.465764 1.094755 -> 1.560487 -0.470597 1.098165 / dir = -1.000000 / l_pyr = 0.012047
Debug   : vH = 5287 / nTets = 6 / pp.size() = 6 / 1.486307 -0.450128 1.091357 -> 1.485153 -0.454967 1.094670 / dir = -1.000000 / l_pyr = 0.011953
Debug   : vH = 5285 / nTets = 4 / pp.size() = 4 / 1.398114 -0.431643 1.087081 -> 1.396944 -0.436489 1.090259 / dir = -1.000000 / l_pyr = 0.011824
Debug   : vH = 5283 / nTets = 4 / pp.size() = 4 / 1.298922 -0.410615 1.081876 -> 1.297734 -0.415471 1.084876 / dir = -1.000000 / l_pyr = 0.011660
Debug   : vH = 5281 / nTets = 4 / pp.size() = 4 / 1.192283 -0.387715 1.075793 -> 1.191079 -0.392587 1.078567 / dir = -1.000000 / l_pyr = 0.011469
Debug   : vH = 5278 / nTets = 6 / pp.size() = 6 / 1.083047 -0.363925 1.069016 -> 1.081826 -0.368822 1.071521 / dir = -1.000000 / l_pyr = 0.011268
Debug   : vH = 5276 / nTets = 4 / pp.size() = 4 / 0.976542 -0.340385 1.061853 -> 0.975306 -0.345315 1.064054 / dir = -1.000000 / l_pyr = 0.011078
Debug   : vH = 5272 / nTets = 4 / pp.size() = 4 / 0.877579 -0.318183 1.054687 -> 0.876333 -0.323154 1.056566 / dir = -1.000000 / l_pyr = 0.010918
Debug   : vH = 5270 / nTets = 6 / pp.size() = 6 / 0.789667 -0.298178 1.047885 -> 0.788413 -0.303194 1.049440 / dir = -1.000000 / l_pyr = 0.010797
Debug   : vH = 5268 / nTets = 6 / pp.size() = 6 / 0.714639 -0.280881 1.041742 -> 0.713382 -0.285938 1.042988 / dir = -1.000000 / l_pyr = 0.010716
Debug   : vH = 5266 / nTets = 4 / pp.size() = 4 / 0.652787 -0.266453 1.036439 -> 0.651530 -0.271545 1.037408 / dir = -1.000000 / l_pyr = 0.010667
Debug   : vH = 5264 / nTets = 4 / pp.size() = 4 / 0.603237 -0.254778 1.032027 -> 0.601982 -0.259897 1.032757 / dir = -1.000000 / l_pyr = 0.010642
Debug   : vH = 5261 / nTets = 6 / pp.size() = 6 / 0.564439 -0.245559 1.028471 -> 0.563188 -0.250698 1.029005 / dir = -1.000000 / l_pyr = 0.010632
Debug   : vH = 5255 / nTets = 8 / pp.size() = 8 / 1.714754 -0.488915 1.111108 -> 1.713563 -0.494040 1.115653 / dir = -1.000000 / l_pyr = 0.013904
Debug   : vH = 5252 / nTets = 6 / pp.size() = 6 / 1.675762 -0.481060 1.109636 -> 1.674563 -0.486189 1.114136 / dir = -1.000000 / l_pyr = 0.013857
Debug   : vH = 5250 / nTets = 4 / pp.size() = 4 / 1.625964 -0.470991 1.107671 -> 1.624754 -0.476125 1.112110 / dir = -1.000000 / l_pyr = 0.013787
Debug   : vH = 5247 / nTets = 6 / pp.size() = 6 / 1.563823 -0.458365 1.105086 -> 1.562601 -0.463505 1.109437 / dir = -1.000000 / l_pyr = 0.013687
Debug   : vH = 5245 / nTets = 4 / pp.size() = 4 / 1.488471 -0.442968 1.101740 -> 1.487234 -0.448115 1.105969 / dir = -1.000000 / l_pyr = 0.013550
Debug   : vH = 5243 / nTets = 4 / pp.size() = 4 / 1.400225 -0.424806 1.097527 -> 1.398972 -0.429963 1.101592 / dir = -1.000000 / l_pyr = 0.013370
Debug   : vH = 5241 / nTets = 4 / pp.size() = 4 / 1.300957 -0.404197 1.092393 -> 1.299686 -0.409369 1.096247 / dir = -1.000000 / l_pyr = 0.013149
Debug   : vH = 5237 / nTets = 4 / pp.size() = 4 / 1.194214 -0.381816 1.086387 -> 1.192925 -0.387012 1.089981 / dir = -1.000000 / l_pyr = 0.012896
Debug   : vH = 5235 / nTets = 6 / pp.size() = 6 / 1.084844 -0.358631 1.079691 -> 1.083537 -0.363863 1.082979 / dir = -1.000000 / l_pyr = 0.012632
Debug   : vH = 5233 / nTets = 4 / pp.size() = 4 / 0.978178 -0.335752 1.072608 -> 0.976855 -0.341034 1.075556 / dir = -1.000000 / l_pyr = 0.012383
Debug   : vH = 5231 / nTets = 8 / pp.size() = 8 / 0.879036 -0.314231 1.065517 -> 0.877700 -0.319571 1.068108 / dir = -1.000000 / l_pyr = 0.012168
Debug   : vH = 5229 / nTets = 4 / pp.size() = 4 / 0.790935 -0.294883 1.058781 -> 0.789590 -0.300286 1.061017 / dir = -1.000000 / l_pyr = 0.012000
Debug   : vH = 5227 / nTets = 4 / pp.size() = 4 / 0.715722 -0.278186 1.052696 -> 0.714371 -0.283649 1.054595 / dir = -1.000000 / l_pyr = 0.011879
Debug   : vH = 5224 / nTets = 4 / pp.size() = 4 / 0.653696 -0.264279 1.047440 -> 0.652342 -0.269794 1.049037 / dir = -1.000000 / l_pyr = 0.011799
Debug   : vH = 5222 / nTets = 4 / pp.size() = 4 / 0.603991 -0.253038 1.043065 -> 0.602637 -0.258596 1.044404 / dir = -1.000000 / l_pyr = 0.011749
Debug   : vH = 5219 / nTets = 4 / pp.size() = 4 / 0.565060 -0.244169 1.039540 -> 0.563708 -0.249759 1.040665 / dir = -1.000000 / l_pyr = 0.011720
Debug   : vH = 5214 / nTets = 6 / pp.size() = 6 / 1.717513 -0.479144 1.121954 -> 1.716249 -0.484544 1.127573 / dir = -1.000000 / l_pyr = 0.015789
Debug   : vH = 5212 / nTets = 4 / pp.size() = 4 / 1.678510 -0.471399 1.120512 -> 1.677238 -0.476804 1.126071 / dir = -1.000000 / l_pyr = 0.015714
Debug   : vH = 5209 / nTets = 4 / pp.size() = 4 / 1.628696 -0.461484 1.118586 -> 1.627413 -0.466894 1.124063 / dir = -1.000000 / l_pyr = 0.015609
Debug   : vH = 5207 / nTets = 4 / pp.size() = 4 / 1.566529 -0.449071 1.116051 -> 1.565234 -0.454488 1.121416 / dir = -1.000000 / l_pyr = 0.015466
Debug   : vH = 5205 / nTets = 4 / pp.size() = 4 / 1.491137 -0.433964 1.112767 -> 1.489828 -0.439390 1.117981 / dir = -1.000000 / l_pyr = 0.015276
Debug   : vH = 5203 / nTets = 4 / pp.size() = 4 / 1.402833 -0.416185 1.108629 -> 1.401508 -0.421625 1.113645 / dir = -1.000000 / l_pyr = 0.015035
Debug   : vH = 5201 / nTets = 4 / pp.size() = 4 / 1.303482 -0.396065 1.103584 -> 1.302139 -0.401527 1.108351 / dir = -1.000000 / l_pyr = 0.014744
Debug   : vH = 5198 / nTets = 6 / pp.size() = 6 / 1.196628 -0.374280 1.097679 -> 1.195267 -0.379774 1.102143 / dir = -1.000000 / l_pyr = 0.014418
Debug   : vH = 5196 / nTets = 4 / pp.size() = 4 / 1.087119 -0.351780 1.091089 -> 1.085740 -0.357321 1.095207 / dir = -1.000000 / l_pyr = 0.014079
Debug   : vH = 5194 / nTets = 4 / pp.size() = 4 / 0.980289 -0.329645 1.084115 -> 0.978894 -0.335247 1.087853 / dir = -1.000000 / l_pyr = 0.013756
Debug   : vH = 5192 / nTets = 4 / pp.size() = 4 / 0.880967 -0.308881 1.077128 -> 0.879557 -0.314557 1.080474 / dir = -1.000000 / l_pyr = 0.013475
Debug   : vH = 5190 / nTets = 4 / pp.size() = 4 / 0.792678 -0.290261 1.070489 -> 0.791258 -0.296016 1.073446 / dir = -1.000000 / l_pyr = 0.013248
Debug   : vH = 5187 / nTets = 6 / pp.size() = 6 / 0.717281 -0.274226 1.064488 -> 0.715854 -0.280057 1.067081 / dir = -1.000000 / l_pyr = 0.013078
Debug   : vH = 5185 / nTets = 4 / pp.size() = 4 / 0.655083 -0.260892 1.059303 -> 0.653652 -0.266790 1.061570 / dir = -1.000000 / l_pyr = 0.012958
Debug   : vH = 5182 / nTets = 4 / pp.size() = 4 / 0.605225 -0.250129 1.054986 -> 0.603793 -0.256083 1.056975 / dir = -1.000000 / l_pyr = 0.012877
Debug   : vH = 5177 / nTets = 8 / pp.size() = 8 / 0.566163 -0.241644 1.051506 -> 0.564732 -0.247641 1.053265 / dir = -1.000000 / l_pyr = 0.012823
Debug   : vH = 5172 / nTets = 4 / pp.size() = 4 / 1.720803 -0.467192 1.133389 -> 1.719472 -0.472872 1.140173 / dir = -1.000000 / l_pyr = 0.017894
Debug   : vH = 5169 / nTets = 6 / pp.size() = 6 / 1.681785 -0.459589 1.131982 -> 1.680447 -0.465275 1.138689 / dir = -1.000000 / l_pyr = 0.017787
Debug   : vH = 5167 / nTets = 4 / pp.size() = 4 / 1.631948 -0.449868 1.130104 -> 1.630600 -0.455561 1.136705 / dir = -1.000000 / l_pyr = 0.017642
Debug   : vH = 5164 / nTets = 4 / pp.size() = 4 / 1.569749 -0.437719 1.127629 -> 1.568388 -0.443422 1.134089 / dir = -1.000000 / l_pyr = 0.017449
Debug   : vH = 5161 / nTets = 6 / pp.size() = 6 / 1.494310 -0.422963 1.124421 -> 1.492935 -0.428680 1.130695 / dir = -1.000000 / l_pyr = 0.017198
Debug   : vH = 5158 / nTets = 6 / pp.size() = 6 / 1.405939 -0.405640 1.120376 -> 1.404548 -0.411377 1.126412 / dir = -1.000000 / l_pyr = 0.016886
Debug   : vH = 5156 / nTets = 4 / pp.size() = 4 / 1.306498 -0.386090 1.115440 -> 1.305089 -0.391857 1.121181 / dir = -1.000000 / l_pyr = 0.016517
Debug   : vH = 5154 / nTets = 4 / pp.size() = 4 / 1.199527 -0.364989 1.109657 -> 1.198100 -0.370797 1.115049 / dir = -1.000000 / l_pyr = 0.016106
Debug   : vH = 5152 / nTets = 4 / pp.size() = 4 / 1.089874 -0.343266 1.103199 -> 1.088430 -0.349132 1.108197 / dir = -1.000000 / l_pyr = 0.015682
Debug   : vH = 5149 / nTets = 6 / pp.size() = 6 / 0.982878 -0.321964 1.096360 -> 0.981418 -0.327906 1.100933 / dir = -1.000000 / l_pyr = 0.015277
Debug   : vH = 5147 / nTets = 4 / pp.size() = 4 / 0.883374 -0.302043 1.089504 -> 0.881900 -0.308072 1.093642 / dir = -1.000000 / l_pyr = 0.014920
Debug   : vH = 5145 / nTets = 4 / pp.size() = 4 / 0.794899 -0.284229 1.082986 -> 0.793414 -0.290352 1.086699 / dir = -1.000000 / l_pyr = 0.014626
Debug   : vH = 5142 / nTets = 4 / pp.size() = 4 / 0.719320 -0.268923 1.077091 -> 0.717828 -0.275137 1.080408 / dir = -1.000000 / l_pyr = 0.014400
Debug   : vH = 5140 / nTets = 4 / pp.size() = 4 / 0.656954 -0.256220 1.071996 -> 0.655459 -0.262515 1.074960 / dir = -1.000000 / l_pyr = 0.014234
Debug   : vH = 5138 / nTets = 4 / pp.size() = 4 / 0.606948 -0.245980 1.067754 -> 0.605451 -0.252343 1.070417 / dir = -1.000000 / l_pyr = 0.014116
Debug   : vH = 5135 / nTets = 4 / pp.size() = 4 / 0.567760 -0.237916 1.064332 -> 0.566263 -0.244333 1.066747 / dir = -1.000000 / l_pyr = 0.014034
Debug   : vH = 5129 / nTets = 10 / pp.size() = 10 / 1.724619 -0.452889 1.145400 -> 1.723235 -0.458834 1.153421 / dir = -1.000000 / l_pyr = 0.020158
Debug   : vH = 5126 / nTets = 4 / pp.size() = 4 / 1.685581 -0.445465 1.144038 -> 1.684189 -0.451418 1.151959 / dir = -1.000000 / l_pyr = 0.020012
Debug   : vH = 5124 / nTets = 4 / pp.size() = 4 / 1.635715 -0.435986 1.142218 -> 1.634313 -0.441949 1.150006 / dir = -1.000000 / l_pyr = 0.019817
Debug   : vH = 5122 / nTets = 6 / pp.size() = 6 / 1.573474 -0.424159 1.139817 -> 1.572060 -0.430136 1.147430 / dir = -1.000000 / l_pyr = 0.019564
Debug   : vH = 5120 / nTets = 4 / pp.size() = 4 / 1.497979 -0.409826 1.136702 -> 1.496551 -0.415823 1.144088 / dir = -1.000000 / l_pyr = 0.019241
Debug   : vH = 5117 / nTets = 4 / pp.size() = 4 / 1.409533 -0.393042 1.132769 -> 1.408089 -0.399066 1.139870 / dir = -1.000000 / l_pyr = 0.018846
Debug   : vH = 5115 / nTets = 4 / pp.size() = 4 / 1.309992 -0.374157 1.127964 -> 1.308531 -0.380219 1.134718 / dir = -1.000000 / l_pyr = 0.018384
Debug   : vH = 5112 / nTets = 4 / pp.size() = 4 / 1.202895 -0.353840 1.122328 -> 1.201417 -0.359954 1.128679 / dir = -1.000000 / l_pyr = 0.017877
Debug   : vH = 5109 / nTets = 6 / pp.size() = 6 / 1.093093 -0.332998 1.116027 -> 1.091598 -0.339181 1.121930 / dir = -1.000000 / l_pyr = 0.017356
Debug   : vH = 5107 / nTets = 4 / pp.size() = 4 / 0.985926 -0.312632 1.109347 -> 0.984417 -0.318903 1.114774 / dir = -1.000000 / l_pyr = 0.016858
Debug   : vH = 5105 / nTets = 4 / pp.size() = 4 / 0.886240 -0.293650 1.102647 -> 0.884719 -0.300021 1.107592 / dir = -1.000000 / l_pyr = 0.016415
Debug   : vH = 5103 / nTets = 4 / pp.size() = 4 / 0.797581 -0.276728 1.096270 -> 0.796050 -0.283206 1.100750 / dir = -1.000000 / l_pyr = 0.016047
Debug   : vH = 5101 / nTets = 4 / pp.size() = 4 / 0.721824 -0.262226 1.090501 -> 0.720288 -0.268809 1.094549 / dir = -1.000000 / l_pyr = 0.015758
Debug   : vH = 5099 / nTets = 4 / pp.size() = 4 / 0.659295 -0.250217 1.085512 -> 0.657756 -0.256892 1.089179 / dir = -1.000000 / l_pyr = 0.015540
Debug   : vH = 5097 / nTets = 4 / pp.size() = 4 / 0.609145 -0.240553 1.081356 -> 0.607605 -0.247307 1.084697 / dir = -1.000000 / l_pyr = 0.015382
Debug   : vH = 5093 / nTets = 4 / pp.size() = 4 / 0.569835 -0.232952 1.078003 -> 0.568297 -0.239769 1.081077 / dir = -1.000000 / l_pyr = 0.015269
Debug   : vH = 5089 / nTets = 4 / pp.size() = 4 / 1.728945 -0.436075 1.157962 -> 1.727522 -0.442277 1.167294 / dir = -1.000000 / l_pyr = 0.022589
Debug   : vH = 5085 / nTets = 8 / pp.size() = 8 / 1.689879 -0.428875 1.156655 -> 1.688449 -0.435087 1.165861 / dir = -1.000000 / l_pyr = 0.022395
Debug   : vH = 5082 / nTets = 6 / pp.size() = 6 / 1.639975 -0.419694 1.154905 -> 1.638535 -0.425920 1.163945 / dir = -1.000000 / l_pyr = 0.022141
Debug   : vH = 5079 / nTets = 4 / pp.size() = 4 / 1.577683 -0.408259 1.152594 -> 1.576231 -0.414503 1.161418 / dir = -1.000000 / l_pyr = 0.021815
Debug   : vH = 5077 / nTets = 6 / pp.size() = 6 / 1.502121 -0.394432 1.149590 -> 1.500655 -0.400702 1.158139 / dir = -1.000000 / l_pyr = 0.021405
Debug   : vH = 5075 / nTets = 4 / pp.size() = 4 / 1.413587 -0.378285 1.145789 -> 1.412106 -0.384589 1.153999 / dir = -1.000000 / l_pyr = 0.020912
Debug   : vH = 5073 / nTets = 4 / pp.size() = 4 / 1.313934 -0.360173 1.141138 -> 1.312438 -0.366523 1.148943 / dir = -1.000000 / l_pyr = 0.020344
Debug   : vH = 5070 / nTets = 4 / pp.size() = 4 / 1.206703 -0.340756 1.135673 -> 1.205190 -0.347169 1.143012 / dir = -1.000000 / l_pyr = 0.019726
Debug   : vH = 5068 / nTets = 4 / pp.size() = 4 / 1.096743 -0.320913 1.129553 -> 1.095216 -0.327407 1.136384 / dir = -1.000000 / l_pyr = 0.019095
Debug   : vH = 5066 / nTets = 4 / pp.size() = 4 / 0.989402 -0.301597 1.123056 -> 0.987862 -0.308191 1.129353 / dir = -1.000000 / l_pyr = 0.018493
Debug   : vH = 5062 / nTets = 6 / pp.size() = 6 / 0.889533 -0.283660 1.116531 -> 0.887983 -0.290368 1.122295 / dir = -1.000000 / l_pyr = 0.017957
Debug   : vH = 5060 / nTets = 4 / pp.size() = 4 / 0.800691 -0.267725 1.110315 -> 0.799134 -0.274552 1.115568 / dir = -1.000000 / l_pyr = 0.017508
Debug   : vH = 5057 / nTets = 6 / pp.size() = 6 / 0.724760 -0.254110 1.104687 -> 0.723200 -0.261054 1.109471 / dir = -1.000000 / l_pyr = 0.017151
Debug   : vH = 5055 / nTets = 4 / pp.size() = 4 / 0.662073 -0.242863 1.099817 -> 0.660512 -0.249912 1.104187 / dir = -1.000000 / l_pyr = 0.016880
Debug   : vH = 5051 / nTets = 6 / pp.size() = 6 / 0.611785 -0.233830 1.095757 -> 0.610225 -0.240967 1.099777 / dir = -1.000000 / l_pyr = 0.016678
Debug   : vH = 5049 / nTets = 4 / pp.size() = 4 / 0.572360 -0.226735 1.092482 -> 0.570802 -0.233944 1.096213 / dir = -1.000000 / l_pyr = 0.016532
Debug   : vH = 5044 / nTets = 4 / pp.size() = 4 / 1.733743 -0.416596 1.171047 -> 1.732302 -0.423041 1.181753 / dir = -1.000000 / l_pyr = 0.025158
Debug   : vH = 5041 / nTets = 8 / pp.size() = 8 / 1.694641 -0.409672 1.169805 -> 1.693193 -0.416129 1.180355 / dir = -1.000000 / l_pyr = 0.024908
Debug   : vH = 5038 / nTets = 4 / pp.size() = 4 / 1.644690 -0.400855 1.168138 -> 1.643232 -0.407329 1.178484 / dir = -1.000000 / l_pyr = 0.024583
Debug   : vH = 5036 / nTets = 8 / pp.size() = 8 / 1.582336 -0.389893 1.165932 -> 1.580866 -0.396390 1.176016 / dir = -1.000000 / l_pyr = 0.024170
Debug   : vH = 5034 / nTets = 6 / pp.size() = 6 / 1.506693 -0.376670 1.163058 -> 1.505211 -0.383197 1.172812 / dir = -1.000000 / l_pyr = 0.023660
Debug   : vH = 5031 / nTets = 4 / pp.size() = 4 / 1.418058 -0.361271 1.159412 -> 1.416561 -0.367840 1.168765 / dir = -1.000000 / l_pyr = 0.023053
Debug   : vH = 5029 / nTets = 4 / pp.size() = 4 / 1.318282 -0.344055 1.154938 -> 1.316770 -0.350680 1.163819 / dir = -1.000000 / l_pyr = 0.022363
Debug   : vH = 5027 / nTets = 4 / pp.size() = 4 / 1.210904 -0.325669 1.149668 -> 1.209378 -0.332367 1.158015 / dir = -1.000000 / l_pyr = 0.021621
Debug   : vH = 5025 / nTets = 4 / pp.size() = 4 / 1.100778 -0.306955 1.143754 -> 1.099239 -0.313747 1.151525 / dir = -1.000000 / l_pyr = 0.020868
Debug   : vH = 5023 / nTets = 4 / pp.size() = 4 / 0.993259 -0.288816 1.137463 -> 0.991710 -0.295721 1.144637 / dir = -1.000000 / l_pyr = 0.020154
Debug   : vH = 5021 / nTets = 4 / pp.size() = 4 / 0.893205 -0.272041 1.131134 -> 0.891650 -0.279073 1.137719 / dir = -1.000000 / l_pyr = 0.019518
Debug   : vH = 5019 / nTets = 4 / pp.size() = 4 / 0.804183 -0.257195 1.125097 -> 0.802624 -0.264361 1.131123 / dir = -1.000000 / l_pyr = 0.018983
Debug   : vH = 5017 / nTets = 4 / pp.size() = 4 / 0.728083 -0.244556 1.119624 -> 0.726523 -0.251850 1.125140 / dir = -1.000000 / l_pyr = 0.018556
Debug   : vH = 5015 / nTets = 4 / pp.size() = 4 / 0.665245 -0.234143 1.114884 -> 0.663686 -0.241554 1.119954 / dir = -1.000000 / l_pyr = 0.018227
Debug   : vH = 5013 / nTets = 4 / pp.size() = 4 / 0.614826 -0.225800 1.110931 -> 0.613271 -0.233309 1.115624 / dir = -1.000000 / l_pyr = 0.017982
Debug   : vH = 5009 / nTets = 6 / pp.size() = 6 / 0.575291 -0.219259 1.107739 -> 0.573739 -0.226848 1.112122 / dir = -1.000000 / l_pyr = 0.017801
Debug   : vH = 5004 / nTets = 4 / pp.size() = 4 / 1.738943 -0.394324 1.184614 -> 1.737509 -0.400993 1.196737 / dir = -1.000000 / l_pyr = 0.027821
Debug   : vH = 5001 / nTets = 4 / pp.size() = 4 / 1.699797 -0.387735 1.183446 -> 1.698356 -0.394418 1.195380 / dir = -1.000000 / l_pyr = 0.027506
Debug   : vH = 4999 / nTets = 4 / pp.size() = 4 / 1.649788 -0.379356 1.181877 -> 1.648337 -0.386060 1.193564 / dir = -1.000000 / l_pyr = 0.027101
Debug   : vH = 4997 / nTets = 4 / pp.size() = 4 / 1.587360 -0.368959 1.179793 -> 1.585898 -0.375689 1.191166 / dir = -1.000000 / l_pyr = 0.026592
Debug   : vH = 4994 / nTets = 4 / pp.size() = 4 / 1.511625 -0.356448 1.177068 -> 1.510150 -0.363215 1.188051 / dir = -1.000000 / l_pyr = 0.025969
Debug   : vH = 4992 / nTets = 8 / pp.size() = 8 / 1.422875 -0.341922 1.173600 -> 1.421386 -0.348738 1.184114 / dir = -1.000000 / l_pyr = 0.025238
Debug   : vH = 4989 / nTets = 6 / pp.size() = 6 / 1.322963 -0.325739 1.169328 -> 1.321459 -0.332621 1.179298 / dir = -1.000000 / l_pyr = 0.024415
Debug   : vH = 4987 / nTets = 4 / pp.size() = 4 / 1.215428 -0.308526 1.164279 -> 1.213913 -0.315493 1.173642 / dir = -1.000000 / l_pyr = 0.023539
Debug   : vH = 4984 / nTets = 6 / pp.size() = 6 / 1.105131 -0.291085 1.158596 -> 1.103604 -0.298159 1.167311 / dir = -1.000000 / l_pyr = 0.022658
Debug   : vH = 4982 / nTets = 4 / pp.size() = 4 / 0.997430 -0.274258 1.152534 -> 0.995896 -0.281460 1.160588 / dir = -1.000000 / l_pyr = 0.021826
Debug   : vH = 4980 / nTets = 4 / pp.size() = 4 / 0.897195 -0.258769 1.146422 -> 0.895657 -0.266113 1.153829 / dir = -1.000000 / l_pyr = 0.021087
Debug   : vH = 4977 / nTets = 6 / pp.size() = 6 / 0.807997 -0.245122 1.140582 -> 0.806459 -0.252614 1.147380 / dir = -1.000000 / l_pyr = 0.020465
Debug   : vH = 4974 / nTets = 4 / pp.size() = 4 / 0.731736 -0.233549 1.135280 -> 0.730201 -0.241184 1.141527 / dir = -1.000000 / l_pyr = 0.019967
Debug   : vH = 4971 / nTets = 4 / pp.size() = 4 / 0.668755 -0.224047 1.130683 -> 0.667224 -0.231810 1.136450 / dir = -1.000000 / l_pyr = 0.019581
Debug   : vH = 4969 / nTets = 10 / pp.size() = 10 / 0.618214 -0.216455 1.126846 -> 0.616688 -0.224327 1.132208 / dir = -1.000000 / l_pyr = 0.019292
Debug   : vH = 4966 / nTets = 4 / pp.size() = 4 / 0.578577 -0.210515 1.123745 -> 0.577057 -0.218475 1.128776 / dir = -1.000000 / l_pyr = 0.019078
Debug   : vH = 4961 / nTets = 4 / pp.size() = 4 / 1.744452 -0.369169 1.198633 -> 1.743050 -0.376062 1.212198 / dir = -1.000000 / l_pyr = 0.030561
Debug   : vH = 4958 / nTets = 4 / pp.size() = 4 / 1.705255 -0.362978 1.197552 -> 1.703845 -0.369888 1.210892 / dir = -1.000000 / l_pyr = 0.030178
Debug   : vH = 4955 / nTets = 4 / pp.size() = 4 / 1.655179 -0.355117 1.196094 -> 1.653759 -0.362050 1.209143 / dir = -1.000000 / l_pyr = 0.029688
Debug   : vH = 4950 / nTets = 6 / pp.size() = 6 / 1.592666 -0.345382 1.194149 -> 1.591234 -0.352347 1.206830 / dir = -1.000000 / l_pyr = 0.029076
Debug   : vH = 4948 / nTets = 4 / pp.size() = 4 / 1.516826 -0.333700 1.191594 -> 1.515382 -0.340707 1.203822 / dir = -1.000000 / l_pyr = 0.028335
Debug   : vH = 4946 / nTets = 4 / pp.size() = 4 / 1.427950 -0.320179 1.188325 -> 1.426492 -0.327243 1.200014 / dir = -1.000000 / l_pyr = 0.027470
Debug   : vH = 4944 / nTets = 4 / pp.size() = 4 / 1.327891 -0.305174 1.184281 -> 1.326420 -0.312313 1.195349 / dir = -1.000000 / l_pyr = 0.026506
Debug   : vH = 4942 / nTets = 6 / pp.size() = 6 / 1.220193 -0.289287 1.179478 -> 1.218711 -0.296521 1.189863 / dir = -1.000000 / l_pyr = 0.025485
Debug   : vH = 4940 / nTets = 4 / pp.size() = 4 / 1.109719 -0.273270 1.174051 -> 1.108229 -0.280623 1.183713 / dir = -1.000000 / l_pyr = 0.024466
Debug   : vH = 4937 / nTets = 6 / pp.size() = 6 / 1.001837 -0.257900 1.168242 -> 1.000343 -0.265393 1.177173 / dir = -1.000000 / l_pyr = 0.023506
Debug   : vH = 4934 / nTets = 6 / pp.size() = 6 / 0.901424 -0.243827 1.162368 -> 0.899929 -0.251474 1.170590 / dir = -1.000000 / l_pyr = 0.022656
Debug   : vH = 4932 / nTets = 4 / pp.size() = 4 / 0.812059 -0.231493 1.156742 -> 0.810568 -0.239300 1.164303 / dir = -1.000000 / l_pyr = 0.021940
Debug   : vH = 4930 / nTets = 4 / pp.size() = 4 / 0.735645 -0.221082 1.151625 -> 0.734161 -0.229043 1.158592 / dir = -1.000000 / l_pyr = 0.021365
Debug   : vH = 4927 / nTets = 6 / pp.size() = 6 / 0.672531 -0.212569 1.147182 -> 0.671055 -0.220669 1.153634 / dir = -1.000000 / l_pyr = 0.020919
Debug   : vH = 4925 / nTets = 4 / pp.size() = 4 / 0.621878 -0.205790 1.143469 -> 0.620411 -0.214007 1.149488 / dir = -1.000000 / l_pyr = 0.020583
Debug   : vH = 4922 / nTets = 4 / pp.size() = 4 / 0.582150 -0.200499 1.140466 -> 0.580690 -0.208813 1.146133 / dir = -1.000000 / l_pyr = 0.020333
Debug   : vH = 4915 / nTets = 6 / pp.size() = 6 / 1.750150 -0.341114 1.213105 -> 1.748808 -0.348241 1.228081 / dir = -1.000000 / l_pyr = 0.033278
Debug   : vH = 4912 / nTets = 4 / pp.size() = 4 / 1.710895 -0.335389 1.212121 -> 1.709545 -0.342533 1.226832 / dir = -1.000000 / l_pyr = 0.032819
Debug   : vH = 4910 / nTets = 4 / pp.size() = 4 / 1.660744 -0.328132 1.210786 -> 1.659383 -0.335301 1.225157 / dir = -1.000000 / l_pyr = 0.032234
Debug   : vH = 4908 / nTets = 4 / pp.size() = 4 / 1.598137 -0.319165 1.208995 -> 1.596764 -0.326367 1.222939 / dir = -1.000000 / l_pyr = 0.031509
Debug   : vH = 4904 / nTets = 4 / pp.size() = 4 / 1.522183 -0.308434 1.206627 -> 1.520798 -0.315683 1.220051 / dir = -1.000000 / l_pyr = 0.030637
Debug   : vH = 4901 / nTets = 6 / pp.size() = 6 / 1.433173 -0.296059 1.203577 -> 1.431774 -0.303369 1.216387 / dir = -1.000000 / l_pyr = 0.029629
Debug   : vH = 4899 / nTets = 4 / pp.size() = 4 / 1.332960 -0.282386 1.199780 -> 1.331549 -0.289776 1.211891 / dir = -1.000000 / l_pyr = 0.028515
Debug   : vH = 4895 / nTets = 4 / pp.size() = 4 / 1.225093 -0.267982 1.195246 -> 1.223673 -0.275476 1.206593 / dir = -1.000000 / l_pyr = 0.027345
Debug   : vH = 4893 / nTets = 4 / pp.size() = 4 / 1.114443 -0.253546 1.190094 -> 1.113017 -0.261167 1.200644 / dir = -1.000000 / l_pyr = 0.026186
Debug   : vH = 4890 / nTets = 4 / pp.size() = 4 / 1.006384 -0.239779 1.184556 -> 1.004957 -0.247550 1.194307 / dir = -1.000000 / l_pyr = 0.025100
Debug   : vH = 4888 / nTets = 4 / pp.size() = 4 / 0.905800 -0.227254 1.178937 -> 0.904378 -0.235190 1.187920 / dir = -1.000000 / l_pyr = 0.024141
Debug   : vH = 4886 / nTets = 4 / pp.size() = 4 / 0.816278 -0.216346 1.173539 -> 0.814864 -0.224452 1.181811 / dir = -1.000000 / l_pyr = 0.023335
Debug   : vH = 4884 / nTets = 4 / pp.size() = 4 / 0.739726 -0.207192 1.168618 -> 0.738322 -0.215462 1.176255 / dir = -1.000000 / l_pyr = 0.022688
Debug   : vH = 4882 / nTets = 4 / pp.size() = 4 / 0.676492 -0.199745 1.164338 -> 0.675101 -0.208162 1.171427 / dir = -1.000000 / l_pyr = 0.022185
Debug   : vH = 4879 / nTets = 6 / pp.size() = 6 / 0.625740 -0.193839 1.160756 -> 0.624361 -0.202382 1.167387 / dir = -1.000000 / l_pyr = 0.021804
Debug   : vH = 4875 / nTets = 4 / pp.size() = 4 / 0.585931 -0.189246 1.157856 -> 0.584563 -0.197891 1.164115 / dir = -1.000000 / l_pyr = 0.021521
Debug   : vH = 4871 / nTets = 4 / pp.size() = 4 / 1.755882 -0.310220 1.228039 -> 1.754677 -0.317316 1.243772 / dir = -1.000000 / l_pyr = 0.034603
Debug   : vH = 4868 / nTets = 8 / pp.size() = 8 / 1.716564 -0.305035 1.227159 -> 1.715303 -0.312420 1.243184 / dir = -1.000000 / l_pyr = 0.035380
Debug   : vH = 4865 / nTets = 4 / pp.size() = 4 / 1.666332 -0.298474 1.225957 -> 1.665060 -0.305885 1.241590 / dir = -1.000000 / l_pyr = 0.034695
Debug   : vH = 4862 / nTets = 4 / pp.size() = 4 / 1.603625 -0.290386 1.224331 -> 1.602341 -0.297832 1.239477 / dir = -1.000000 / l_pyr = 0.033851
Debug   : vH = 4860 / nTets = 4 / pp.size() = 4 / 1.527552 -0.280740 1.222163 -> 1.526254 -0.288233 1.236719 / dir = -1.000000 / l_pyr = 0.032845
Debug   : vH = 4858 / nTets = 4 / pp.size() = 4 / 1.438403 -0.269659 1.219348 -> 1.437091 -0.277217 1.233213 / dir = -1.000000 / l_pyr = 0.031690
Debug   : vH = 4855 / nTets = 4 / pp.size() = 4 / 1.338034 -0.257474 1.215815 -> 1.336711 -0.265118 1.228901 / dir = -1.000000 / l_pyr = 0.030425
Debug   : vH = 4853 / nTets = 6 / pp.size() = 6 / 1.230001 -0.244716 1.211564 -> 1.228670 -0.252470 1.223808 / dir = -1.000000 / l_pyr = 0.029107
Debug   : vH = 4850 / nTets = 4 / pp.size() = 4 / 1.119180 -0.232016 1.206704 -> 1.117847 -0.239905 1.218077 / dir = -1.000000 / l_pyr = 0.027809
Debug   : vH = 4848 / nTets = 6 / pp.size() = 6 / 1.010954 -0.219997 1.201452 -> 1.009624 -0.228044 1.211959 / dir = -1.000000 / l_pyr = 0.026601
Debug   : vH = 4846 / nTets = 4 / pp.size() = 4 / 0.910214 -0.209149 1.196100 -> 0.908892 -0.217369 1.205780 / dir = -1.000000 / l_pyr = 0.025536
Debug   : vH = 4842 / nTets = 6 / pp.size() = 6 / 0.820552 -0.199777 1.190940 -> 0.819242 -0.208175 1.199861 / dir = -1.000000 / l_pyr = 0.024644
Debug   : vH = 4839 / nTets = 6 / pp.size() = 6 / 0.743878 -0.191971 1.186223 -> 0.742584 -0.200540 1.194470 / dir = -1.000000 / l_pyr = 0.023927
Debug   : vH = 4836 / nTets = 6 / pp.size() = 6 / 0.680542 -0.185662 1.182112 -> 0.679264 -0.194385 1.189779 / dir = -1.000000 / l_pyr = 0.023369
Debug   : vH = 4834 / nTets = 4 / pp.size() = 4 / 0.629706 -0.180687 1.178665 -> 0.628444 -0.189543 1.185851 / dir = -1.000000 / l_pyr = 0.022947
Debug   : vH = 4830 / nTets = 4 / pp.size() = 4 / 0.589830 -0.176836 1.175872 -> 0.588582 -0.185799 1.182666 / dir = -1.000000 / l_pyr = 0.022632
Debug   : vH = 4825 / nTets = 4 / pp.size() = 4 / 1.761485 -0.276598 1.243399 -> 1.760473 -0.283419 1.259262 / dir = -1.000000 / l_pyr = 0.034593
Debug   : vH = 4822 / nTets = 4 / pp.size() = 4 / 1.722101 -0.272031 1.242631 -> 1.720967 -0.279623 1.259891 / dir = -1.000000 / l_pyr = 0.037780
Debug   : vH = 4820 / nTets = 4 / pp.size() = 4 / 1.671785 -0.266265 1.241571 -> 1.670639 -0.273883 1.258386 / dir = -1.000000 / l_pyr = 0.036991
Debug   : vH = 4816 / nTets = 6 / pp.size() = 6 / 1.608975 -0.259174 1.240121 -> 1.607815 -0.266828 1.256385 / dir = -1.000000 / l_pyr = 0.036025
Debug   : vH = 4814 / nTets = 6 / pp.size() = 6 / 1.532782 -0.250747 1.238167 -> 1.531607 -0.258452 1.253769 / dir = -1.000000 / l_pyr = 0.034881
Debug   : vH = 4810 / nTets = 6 / pp.size() = 6 / 1.443493 -0.241111 1.235601 -> 1.442304 -0.248885 1.250433 / dir = -1.000000 / l_pyr = 0.033577
Debug   : vH = 4808 / nTets = 4 / pp.size() = 4 / 1.342972 -0.230577 1.232347 -> 1.341771 -0.238443 1.246320 / dir = -1.000000 / l_pyr = 0.032159
Debug   : vH = 4805 / nTets = 4 / pp.size() = 4 / 1.234779 -0.219627 1.228396 -> 1.233571 -0.227610 1.241449 / dir = -1.000000 / l_pyr = 0.030695
Debug   : vH = 4803 / nTets = 4 / pp.size() = 4 / 1.123799 -0.208820 1.223844 -> 1.122590 -0.216947 1.235951 / dir = -1.000000 / l_pyr = 0.029265
Debug   : vH = 4800 / nTets = 4 / pp.size() = 4 / 1.015422 -0.198690 1.218891 -> 1.014218 -0.206985 1.230069 / dir = -1.000000 / l_pyr = 0.027942
Debug   : vH = 4798 / nTets = 4 / pp.size() = 4 / 0.914544 -0.189642 1.213817 -> 0.913352 -0.198121 1.224115 / dir = -1.000000 / l_pyr = 0.026784
Debug   : vH = 4796 / nTets = 4 / pp.size() = 4 / 0.824762 -0.181909 1.208906 -> 0.823586 -0.190576 1.218400 / dir = -1.000000 / l_pyr = 0.025817
Debug   : vH = 4794 / nTets = 4 / pp.size() = 4 / 0.747986 -0.175535 1.204402 -> 0.746831 -0.184383 1.213187 / dir = -1.000000 / l_pyr = 0.025043
Debug   : vH = 4791 / nTets = 4 / pp.size() = 4 / 0.684567 -0.170431 1.200467 -> 0.683433 -0.179441 1.208645 / dir = -1.000000 / l_pyr = 0.024442
Debug   : vH = 4789 / nTets = 8 / pp.size() = 8 / 0.633664 -0.166439 1.197162 -> 0.632549 -0.175588 1.204836 / dir = -1.000000 / l_pyr = 0.023987
Debug   : vH = 4786 / nTets = 4 / pp.size() = 4 / 0.593736 -0.163369 1.194480 -> 0.592639 -0.172632 1.201746 / dir = -1.000000 / l_pyr = 0.023647
Debug   : vH = 4780 / nTets = 4 / pp.size() = 4 / 1.766782 -0.240424 1.259084 -> 1.765969 -0.246989 1.275061 / dir = -1.000000 / l_pyr = 0.034585
Debug   : vH = 4777 / nTets = 10 / pp.size() = 10 / 1.727332 -0.236553 1.258435 -> 1.726365 -0.244289 1.276822 / dir = -1.000000 / l_pyr = 0.039943
Debug   : vH = 4773 / nTets = 6 / pp.size() = 6 / 1.676934 -0.231675 1.257526 -> 1.675952 -0.239439 1.275418 / dir = -1.000000 / l_pyr = 0.039058
Debug   : vH = 4770 / nTets = 8 / pp.size() = 8 / 1.614025 -0.225696 1.256266 -> 1.613026 -0.233500 1.273548 / dir = -1.000000 / l_pyr = 0.037977
Debug   : vH = 4767 / nTets = 6 / pp.size() = 6 / 1.537714 -0.218623 1.254539 -> 1.536698 -0.226482 1.271092 / dir = -1.000000 / l_pyr = 0.036703
Debug   : vH = 4765 / nTets = 4 / pp.size() = 4 / 1.448294 -0.210582 1.252239 -> 1.447262 -0.218515 1.267949 / dir = -1.000000 / l_pyr = 0.035260
Debug   : vH = 4763 / nTets = 4 / pp.size() = 4 / 1.347631 -0.201856 1.249283 -> 1.346585 -0.209888 1.264059 / dir = -1.000000 / l_pyr = 0.033701
Debug   : vH = 4760 / nTets = 6 / pp.size() = 6 / 1.239293 -0.192872 1.245651 -> 1.238239 -0.201030 1.259433 / dir = -1.000000 / l_pyr = 0.032102
Debug   : vH = 4758 / nTets = 4 / pp.size() = 4 / 1.128172 -0.184107 1.241424 -> 1.127117 -0.192420 1.254194 / dir = -1.000000 / l_pyr = 0.030549
Debug   : vH = 4755 / nTets = 6 / pp.size() = 6 / 1.019664 -0.176002 1.236789 -> 1.018617 -0.184495 1.248569 / dir = -1.000000 / l_pyr = 0.029121
Debug   : vH = 4753 / nTets = 4 / pp.size() = 4 / 0.918672 -0.168869 1.232010 -> 0.917640 -0.177558 1.242859 / dir = -1.000000 / l_pyr = 0.027876
Debug   : vH = 4750 / nTets = 4 / pp.size() = 4 / 0.828795 -0.162871 1.227360 -> 0.827783 -0.171758 1.237365 / dir = -1.000000 / l_pyr = 0.026840
Debug   : vH = 4747 / nTets = 6 / pp.size() = 6 / 0.751941 -0.158005 1.223080 -> 0.750954 -0.167081 1.232342 / dir = -1.000000 / l_pyr = 0.026011
Debug   : vH = 4745 / nTets = 4 / pp.size() = 4 / 0.688462 -0.154166 1.219330 -> 0.687499 -0.163413 1.227960 / dir = -1.000000 / l_pyr = 0.025369
Debug   : vH = 4742 / nTets = 4 / pp.size() = 4 / 0.637512 -0.151203 1.216174 -> 0.636573 -0.160595 1.224280 / dir = -1.000000 / l_pyr = 0.024883
Debug   : vH = 4736 / nTets = 4 / pp.size() = 4 / 0.597549 -0.148949 1.213608 -> 0.596630 -0.158459 1.221291 / dir = -1.000000 / l_pyr = 0.024520
Debug   : vH = 4731 / nTets = 4 / pp.size() = 4 / 1.771590 -0.201959 1.274947 -> 1.770980 -0.208283 1.291026 / dir = -1.000000 / l_pyr = 0.034577
Debug   : vH = 4727 / nTets = 8 / pp.size() = 8 / 1.732081 -0.198854 1.274425 -> 1.731316 -0.206657 1.293784 / dir = -1.000000 / l_pyr = 0.041772
Debug   : vH = 4724 / nTets = 4 / pp.size() = 4 / 1.681608 -0.194953 1.273679 -> 1.680826 -0.202786 1.292499 / dir = -1.000000 / l_pyr = 0.040800
Debug   : vH = 4721 / nTets = 4 / pp.size() = 4 / 1.618609 -0.190192 1.272620 -> 1.617806 -0.198068 1.290778 / dir = -1.000000 / l_pyr = 0.039617
Debug   : vH = 4719 / nTets = 4 / pp.size() = 4 / 1.542195 -0.184594 1.271137 -> 1.541372 -0.192530 1.288507 / dir = -1.000000 / l_pyr = 0.038228
Debug   : vH = 4714 / nTets = 6 / pp.size() = 6 / 1.452660 -0.178282 1.269121 -> 1.451817 -0.186299 1.285585 / dir = -1.000000 / l_pyr = 0.036662
Debug   : vH = 4712 / nTets = 6 / pp.size() = 6 / 1.351875 -0.171507 1.266484 -> 1.351016 -0.179631 1.281948 / dir = -1.000000 / l_pyr = 0.034980
Debug   : vH = 4710 / nTets = 4 / pp.size() = 4 / 1.243416 -0.164629 1.263193 -> 1.242547 -0.172891 1.277602 / dir = -1.000000 / l_pyr = 0.033264
Debug   : vH = 4707 / nTets = 4 / pp.size() = 4 / 1.132183 -0.158040 1.259315 -> 1.131312 -0.166468 1.272654 / dir = -1.000000 / l_pyr = 0.031607
Debug   : vH = 4705 / nTets = 6 / pp.size() = 6 / 1.023575 -0.152079 1.255019 -> 1.022713 -0.160700 1.267319 / dir = -1.000000 / l_pyr = 0.030092
Debug   : vH = 4702 / nTets = 6 / pp.size() = 6 / 0.922500 -0.146964 1.250554 -> 0.921655 -0.155794 1.261883 / dir = -1.000000 / l_pyr = 0.028777
Debug   : vH = 4700 / nTets = 4 / pp.size() = 4 / 0.832558 -0.142783 1.246184 -> 0.831736 -0.151824 1.256635 / dir = -1.000000 / l_pyr = 0.027687
Debug   : vH = 4698 / nTets = 4 / pp.size() = 4 / 0.755656 -0.139491 1.242142 -> 0.754861 -0.148733 1.251825 / dir = -1.000000 / l_pyr = 0.026818
Debug   : vH = 4696 / nTets = 4 / pp.size() = 4 / 0.692141 -0.136968 1.238588 -> 0.691375 -0.146390 1.247619 / dir = -1.000000 / l_pyr = 0.026147
Debug   : vH = 4694 / nTets = 8 / pp.size() = 8 / 0.641167 -0.135073 1.235589 -> 0.640428 -0.144648 1.244082 / dir = -1.000000 / l_pyr = 0.025639
Debug   : vH = 4692 / nTets = 4 / pp.size() = 4 / 0.601188 -0.133665 1.233147 -> 0.600471 -0.143364 1.241205 / dir = -1.000000 / l_pyr = 0.025260
Debug   : vH = 4687 / nTets = 4 / pp.size() = 4 / 1.775732 -0.161542 1.290836 -> 1.775326 -0.167637 1.307006 / dir = -1.000000 / l_pyr = 0.034571
Debug   : vH = 4685 / nTets = 10 / pp.size() = 10 / 1.736174 -0.159264 1.290450 -> 1.735639 -0.167059 1.310609 / dir = -1.000000 / l_pyr = 0.043241
Debug   : vH = 4683 / nTets = 4 / pp.size() = 4 / 1.685640 -0.156415 1.289876 -> 1.685085 -0.164244 1.309459 / dir = -1.000000 / l_pyr = 0.042194
Debug   : vH = 4680 / nTets = 8 / pp.size() = 8 / 1.622568 -0.152963 1.289031 -> 1.621989 -0.160838 1.307908 / dir = -1.000000 / l_pyr = 0.040923
Debug   : vH = 4677 / nTets = 8 / pp.size() = 8 / 1.546072 -0.148946 1.287808 -> 1.545468 -0.156886 1.305846 / dir = -1.000000 / l_pyr = 0.039436
Debug   : vH = 4675 / nTets = 6 / pp.size() = 6 / 1.456448 -0.144478 1.286094 -> 1.455820 -0.152506 1.303174 / dir = -1.000000 / l_pyr = 0.037765
Debug   : vH = 4672 / nTets = 6 / pp.size() = 6 / 1.355571 -0.139774 1.283796 -> 1.354923 -0.147917 1.299823 / dir = -1.000000 / l_pyr = 0.035978
Debug   : vH = 4669 / nTets = 6 / pp.size() = 6 / 1.247026 -0.135122 1.280869 -> 1.246365 -0.143413 1.295789 / dir = -1.000000 / l_pyr = 0.034164
Debug   : vH = 4666 / nTets = 6 / pp.size() = 6 / 1.135716 -0.130819 1.277363 -> 1.135052 -0.139289 1.291169 / dir = -1.000000 / l_pyr = 0.032420
Debug   : vH = 4664 / nTets = 4 / pp.size() = 4 / 1.027046 -0.127098 1.273430 -> 1.026391 -0.135773 1.286158 / dir = -1.000000 / l_pyr = 0.030834
Debug   : vH = 4662 / nTets = 4 / pp.size() = 4 / 0.925927 -0.124082 1.269302 -> 0.925289 -0.132978 1.281027 / dir = -1.000000 / l_pyr = 0.029463
Debug   : vH = 4660 / nTets = 4 / pp.size() = 4 / 0.835955 -0.121784 1.265232 -> 0.835344 -0.130903 1.276055 / dir = -1.000000 / l_pyr = 0.028331
Debug   : vH = 4657 / nTets = 6 / pp.size() = 6 / 0.759038 -0.120116 1.261446 -> 0.758457 -0.129446 1.271482 / dir = -1.000000 / l_pyr = 0.027431
Debug   : vH = 4654 / nTets = 4 / pp.size() = 4 / 0.695518 -0.118946 1.258103 -> 0.694968 -0.128465 1.267473 / dir = -1.000000 / l_pyr = 0.026737
Debug   : vH = 4651 / nTets = 4 / pp.size() = 4 / 0.644545 -0.118147 1.255273 -> 0.644024 -0.127826 1.264095 / dir = -1.000000 / l_pyr = 0.026213
Debug   : vH = 4648 / nTets = 4 / pp.size() = 4 / 0.604569 -0.117605 1.252962 -> 0.604074 -0.127414 1.261344 / dir = -1.000000 / l_pyr = 0.025822
Debug   : vH = 4643 / nTets = 4 / pp.size() = 4 / 1.779047 -0.119599 1.306594 -> 1.778845 -0.125479 1.322844 / dir = -1.000000 / l_pyr = 0.034565
Debug   : vH = 4639 / nTets = 8 / pp.size() = 8 / 1.739455 -0.118196 1.306351 -> 1.739171 -0.125897 1.327079 / dir = -1.000000 / l_pyr = 0.044229
Debug   : vH = 4637 / nTets = 4 / pp.size() = 4 / 1.688880 -0.116459 1.305959 -> 1.688571 -0.124198 1.326083 / dir = -1.000000 / l_pyr = 0.043127
Debug   : vH = 4633 / nTets = 4 / pp.size() = 4 / 1.625760 -0.114386 1.305340 -> 1.625423 -0.122176 1.324727 / dir = -1.000000 / l_pyr = 0.041793
Debug   : vH = 4631 / nTets = 4 / pp.size() = 4 / 1.549211 -0.112031 1.304391 -> 1.548845 -0.119892 1.322905 / dir = -1.000000 / l_pyr = 0.040234
Debug   : vH = 4627 / nTets = 6 / pp.size() = 6 / 1.459532 -0.109498 1.302998 -> 1.459137 -0.117454 1.320516 / dir = -1.000000 / l_pyr = 0.038489
Debug   : vH = 4624 / nTets = 4 / pp.size() = 4 / 1.358603 -0.106956 1.301060 -> 1.358184 -0.115038 1.317489 / dir = -1.000000 / l_pyr = 0.036628
Debug   : vH = 4622 / nTets = 4 / pp.size() = 4 / 1.250013 -0.104620 1.298520 -> 1.249578 -0.112860 1.313808 / dir = -1.000000 / l_pyr = 0.034745
Debug   : vH = 4620 / nTets = 4 / pp.size() = 4 / 1.138671 -0.102684 1.295411 -> 1.138232 -0.111116 1.309554 / dir = -1.000000 / l_pyr = 0.032944
Debug   : vH = 4618 / nTets = 4 / pp.size() = 4 / 1.029986 -0.101274 1.291864 -> 1.029553 -0.109923 1.304906 / dir = -1.000000 / l_pyr = 0.031311
Debug   : vH = 4614 / nTets = 6 / pp.size() = 6 / 0.928865 -0.100413 1.288097 -> 0.928451 -0.109295 1.300117 / dir = -1.000000 / l_pyr = 0.029904
Debug   : vH = 4611 / nTets = 6 / pp.size() = 6 / 0.838905 -0.100040 1.284346 -> 0.838519 -0.109157 1.295452 / dir = -1.000000 / l_pyr = 0.028748
Debug   : vH = 4609 / nTets = 4 / pp.size() = 4 / 0.762009 -0.100028 1.280834 -> 0.761655 -0.109366 1.291145 / dir = -1.000000 / l_pyr = 0.027830
Debug   : vH = 4607 / nTets = 4 / pp.size() = 4 / 0.698515 -0.100235 1.277717 -> 0.698195 -0.109769 1.287357 / dir = -1.000000 / l_pyr = 0.027124
Debug   : vH = 4605 / nTets = 4 / pp.size() = 4 / 0.647570 -0.100547 1.275069 -> 0.647281 -0.110249 1.284156 / dir = -1.000000 / l_pyr = 0.026591
Debug   : vH = 4602 / nTets = 4 / pp.size() = 4 / 0.607621 -0.100882 1.272901 -> 0.607359 -0.110719 1.281545 / dir = -1.000000 / l_pyr = 0.026195
Debug   : vH = 4595 / nTets = 8 / pp.size() = 8 / 1.781421 -0.076642 1.322062 -> 1.781419 -0.082321 1.338383 / dir = -1.000000 / l_pyr = 0.034560
Debug   : vH = 4593 / nTets = 4 / pp.size() = 4 / 1.741814 -0.076144 1.321968 -> 1.741787 -0.083662 1.342995 / dir = -1.000000 / l_pyr = 0.044661
Debug   : vH = 4589 / nTets = 4 / pp.size() = 4 / 1.691220 -0.075558 1.321768 -> 1.691165 -0.083128 1.342206 / dir = -1.000000 / l_pyr = 0.043591
Debug   : vH = 4587 / nTets = 4 / pp.size() = 4 / 1.628080 -0.074909 1.321388 -> 1.627993 -0.082537 1.341071 / dir = -1.000000 / l_pyr = 0.042220
Debug   : vH = 4585 / nTets = 4 / pp.size() = 4 / 1.551514 -0.074267 1.320727 -> 1.551393 -0.081973 1.339519 / dir = -1.000000 / l_pyr = 0.040621
Debug   : vH = 4583 / nTets = 4 / pp.size() = 4 / 1.461819 -0.073723 1.319673 -> 1.461666 -0.081533 1.337449 / dir = -1.000000 / l_pyr = 0.038833
Debug   : vH = 4580 / nTets = 8 / pp.size() = 8 / 1.360883 -0.073400 1.318116 -> 1.360701 -0.081346 1.334783 / dir = -1.000000 / l_pyr = 0.036931
Debug   : vH = 4576 / nTets = 6 / pp.size() = 6 / 1.252297 -0.073433 1.315986 -> 1.252096 -0.081548 1.331496 / dir = -1.000000 / l_pyr = 0.035012
Debug   : vH = 4574 / nTets = 6 / pp.size() = 6 / 1.140973 -0.073911 1.313298 -> 1.140765 -0.082230 1.327650 / dir = -1.000000 / l_pyr = 0.033180
Debug   : vH = 4572 / nTets = 4 / pp.size() = 4 / 1.032320 -0.074849 1.310163 -> 1.032117 -0.083398 1.323405 / dir = -1.000000 / l_pyr = 0.031526
Debug   : vH = 4569 / nTets = 4 / pp.size() = 4 / 0.931244 -0.076170 1.306780 -> 0.931060 -0.084964 1.318995 / dir = -1.000000 / l_pyr = 0.030105
Debug   : vH = 4566 / nTets = 4 / pp.size() = 4 / 0.841339 -0.077742 1.303372 -> 0.841185 -0.086781 1.314670 / dir = -1.000000 / l_pyr = 0.028939
Debug   : vH = 4564 / nTets = 10 / pp.size() = 10 / 0.764502 -0.079396 1.300154 -> 0.764381 -0.088666 1.310656 / dir = -1.000000 / l_pyr = 0.028017
Debug   : vH = 4560 / nTets = 4 / pp.size() = 4 / 0.701067 -0.080986 1.297280 -> 0.700982 -0.090460 1.307112 / dir = -1.000000 / l_pyr = 0.027308
Debug   : vH = 4558 / nTets = 8 / pp.size() = 8 / 0.650176 -0.082413 1.294826 -> 0.650125 -0.092060 1.304109 / dir = -1.000000 / l_pyr = 0.026775
Debug   : vH = 4554 / nTets = 4 / pp.size() = 4 / 0.610275 -0.083626 1.292811 -> 0.610253 -0.093413 1.301652 / dir = -1.000000 / l_pyr = 0.026378
Debug   : vH = 4549 / nTets = 4 / pp.size() = 4 / 1.782768 -0.033212 1.337097 -> 1.782960 -0.038702 1.353478 / dir = -1.000000 / l_pyr = 0.034555
Debug   : vH = 4546 / nTets = 4 / pp.size() = 4 / 1.743166 -0.033632 1.337159 -> 1.743393 -0.040906 1.358267 / dir = -1.000000 / l_pyr = 0.044653
Debug   : vH = 4544 / nTets = 8 / pp.size() = 8 / 1.692580 -0.034209 1.337159 -> 1.692776 -0.041538 1.357670 / dir = -1.000000 / l_pyr = 0.043565
Debug   : vH = 4541 / nTets = 8 / pp.size() = 8 / 1.629452 -0.035002 1.337028 -> 1.629613 -0.042395 1.356783 / dir = -1.000000 / l_pyr = 0.042186
Debug   : vH = 4539 / nTets = 4 / pp.size() = 4 / 1.552905 -0.036091 1.336671 -> 1.553028 -0.043571 1.355531 / dir = -1.000000 / l_pyr = 0.040579
Debug   : vH = 4536 / nTets = 4 / pp.size() = 4 / 1.463240 -0.037555 1.335972 -> 1.463326 -0.045148 1.353816 / dir = -1.000000 / l_pyr = 0.038784
Debug   : vH = 4533 / nTets = 4 / pp.size() = 4 / 1.362345 -0.039469 1.334816 -> 1.362399 -0.047208 1.351551 / dir = -1.000000 / l_pyr = 0.036877
Debug   : vH = 4531 / nTets = 6 / pp.size() = 6 / 1.253814 -0.041885 1.333120 -> 1.253845 -0.049805 1.348699 / dir = -1.000000 / l_pyr = 0.034955
Debug   : vH = 4528 / nTets = 6 / pp.size() = 6 / 1.142560 -0.044787 1.330877 -> 1.142582 -0.052923 1.345304 / dir = -1.000000 / l_pyr = 0.033125
Debug   : vH = 4526 / nTets = 4 / pp.size() = 4 / 1.033990 -0.048077 1.328180 -> 1.034017 -0.056455 1.341502 / dir = -1.000000 / l_pyr = 0.031475
Debug   : vH = 4523 / nTets = 8 / pp.size() = 8 / 0.933007 -0.051579 1.325205 -> 0.933053 -0.060213 1.337508 / dir = -1.000000 / l_pyr = 0.030061
Debug   : vH = 4520 / nTets = 8 / pp.size() = 8 / 0.843200 -0.055088 1.322163 -> 0.843275 -0.063978 1.333558 / dir = -1.000000 / l_pyr = 0.028905
Debug   : vH = 4518 / nTets = 4 / pp.size() = 4 / 0.766459 -0.058401 1.319259 -> 0.766570 -0.067530 1.329867 / dir = -1.000000 / l_pyr = 0.027991
Debug   : vH = 4516 / nTets = 4 / pp.size() = 4 / 0.703114 -0.061363 1.316645 -> 0.703263 -0.070704 1.326591 / dir = -1.000000 / l_pyr = 0.027291
Debug   : vH = 4514 / nTets = 4 / pp.size() = 4 / 0.652305 -0.063896 1.314401 -> 0.652488 -0.073414 1.323805 / dir = -1.000000 / l_pyr = 0.026764
Debug   : vH = 4510 / nTets = 6 / pp.size() = 6 / 0.612474 -0.065978 1.312549 -> 0.612688 -0.075641 1.321520 / dir = -1.000000 / l_pyr = 0.026373
Debug   : vH = 4505 / nTets = 4 / pp.size() = 4 / 1.783060 0.010121 1.351565 -> 1.783438 0.004807 1.367999 / dir = -1.000000 / l_pyr = 0.034551
Debug   : vH = 4503 / nTets = 4 / pp.size() = 4 / 1.743484 0.008792 1.351790 -> 1.743949 0.001825 1.372732 / dir = -1.000000 / l_pyr = 0.044150
Debug   : vH = 4498 / nTets = 6 / pp.size() = 6 / 1.692933 0.007061 1.351997 -> 1.693364 0.000041 1.372329 / dir = -1.000000 / l_pyr = 0.043028
Debug   : vH = 4495 / nTets = 4 / pp.size() = 4 / 1.629849 0.004839 1.352126 -> 1.630243 -0.002252 1.371714 / dir = -1.000000 / l_pyr = 0.041671
Debug   : vH = 4493 / nTets = 4 / pp.size() = 4 / 1.553361 0.002034 1.352085 -> 1.553715 -0.005151 1.370794 / dir = -1.000000 / l_pyr = 0.040090
Debug   : vH = 4489 / nTets = 6 / pp.size() = 6 / 1.463770 -0.001420 1.351758 -> 1.464083 -0.008728 1.369468 / dir = -1.000000 / l_pyr = 0.038322
Debug   : vH = 4487 / nTets = 6 / pp.size() = 6 / 1.362964 -0.005548 1.351022 -> 1.363243 -0.013013 1.367643 / dir = -1.000000 / l_pyr = 0.036445
Debug   : vH = 4485 / nTets = 4 / pp.size() = 4 / 1.254539 -0.010322 1.349780 -> 1.254794 -0.017979 1.365266 / dir = -1.000000 / l_pyr = 0.034555
Debug   : vH = 4483 / nTets = 4 / pp.size() = 4 / 1.143407 -0.015620 1.348007 -> 1.143651 -0.023504 1.362361 / dir = -1.000000 / l_pyr = 0.032756
Debug   : vH = 4480 / nTets = 6 / pp.size() = 6 / 1.034970 -0.021231 1.345772 -> 1.035218 -0.029368 1.359043 / dir = -1.000000 / l_pyr = 0.031137
Debug   : vH = 4478 / nTets = 4 / pp.size() = 4 / 0.934125 -0.026883 1.343230 -> 0.934393 -0.035285 1.355503 / dir = -1.000000 / l_pyr = 0.029752
Debug   : vH = 4476 / nTets = 4 / pp.size() = 4 / 0.844458 -0.032299 1.340575 -> 0.844755 -0.040966 1.351960 / dir = -1.000000 / l_pyr = 0.028621
Debug   : vH = 4474 / nTets = 4 / pp.size() = 4 / 0.767849 -0.037242 1.338004 -> 0.768183 -0.046153 1.348620 / dir = -1.000000 / l_pyr = 0.027729
Debug   : vH = 4471 / nTets = 6 / pp.size() = 6 / 0.704625 -0.041550 1.335667 -> 0.704998 -0.050679 1.345637 / dir = -1.000000 / l_pyr = 0.027047
Debug   : vH = 4468 / nTets = 4 / pp.size() = 4 / 0.653921 -0.045165 1.333645 -> 0.654330 -0.054476 1.343087 / dir = -1.000000 / l_pyr = 0.026534
Debug   : vH = 4465 / nTets = 4 / pp.size() = 4 / 0.614180 -0.048099 1.331970 -> 0.614620 -0.057558 1.340989 / dir = -1.000000 / l_pyr = 0.026154
Debug   : vH = 4459 / nTets = 4 / pp.size() = 4 / 1.782323 0.052804 1.365355 -> 1.782878 0.047656 1.381834 / dir = -1.000000 / l_pyr = 0.034548
Debug   : vH = 4456 / nTets = 8 / pp.size() = 8 / 1.742792 0.050592 1.365747 -> 1.743471 0.043994 1.386265 / dir = -1.000000 / l_pyr = 0.043126
Debug   : vH = 4454 / nTets = 10 / pp.size() = 10 / 1.692300 0.047741 1.366169 -> 1.692944 0.041084 1.386099 / dir = -1.000000 / l_pyr = 0.042047
Debug   : vH = 4452 / nTets = 4 / pp.size() = 4 / 1.629291 0.044132 1.366566 -> 1.629896 0.037396 1.385780 / dir = -1.000000 / l_pyr = 0.040738
Debug   : vH = 4449 / nTets = 4 / pp.size() = 4 / 1.552897 0.039658 1.366852 -> 1.553461 0.032820 1.385217 / dir = -1.000000 / l_pyr = 0.039210
Debug   : vH = 4447 / nTets = 4 / pp.size() = 4 / 1.463420 0.034268 1.366910 -> 1.463942 0.027298 1.384309 / dir = -1.000000 / l_pyr = 0.037501
Debug   : vH = 4445 / nTets = 4 / pp.size() = 4 / 1.362749 0.027983 1.366610 -> 1.363235 0.020847 1.382956 / dir = -1.000000 / l_pyr = 0.035684
Debug   : vH = 4442 / nTets = 6 / pp.size() = 6 / 1.254478 0.020913 1.365843 -> 1.254938 0.013575 1.381089 / dir = -1.000000 / l_pyr = 0.033853
Debug   : vH = 4438 / nTets = 6 / pp.size() = 6 / 1.143515 0.013282 1.364560 -> 1.143964 0.005708 1.378710 / dir = -1.000000 / l_pyr = 0.032112
Debug   : vH = 4435 / nTets = 6 / pp.size() = 6 / 1.035255 0.005412 1.362808 -> 1.035709 -0.002424 1.375909 / dir = -1.000000 / l_pyr = 0.030545
Debug   : vH = 4433 / nTets = 6 / pp.size() = 6 / 0.934591 -0.002330 1.360719 -> 0.935064 -0.010440 1.372855 / dir = -1.000000 / l_pyr = 0.029206
Debug   : vH = 4431 / nTets = 4 / pp.size() = 4 / 0.845099 -0.009600 1.358473 -> 0.845603 -0.017980 1.369748 / dir = -1.000000 / l_pyr = 0.028115
Debug   : vH = 4427 / nTets = 6 / pp.size() = 6 / 0.768654 -0.016124 1.356253 -> 0.769195 -0.024754 1.366785 / dir = -1.000000 / l_pyr = 0.027255
Debug   : vH = 4425 / nTets = 4 / pp.size() = 4 / 0.705577 -0.021738 1.354207 -> 0.706158 -0.030590 1.364116 / dir = -1.000000 / l_pyr = 0.026598
Debug   : vH = 4422 / nTets = 4 / pp.size() = 4 / 0.655001 -0.026401 1.352421 -> 0.655619 -0.035438 1.361820 / dir = -1.000000 / l_pyr = 0.026106
Debug   : vH = 4419 / nTets = 4 / pp.size() = 4 / 0.615366 -0.030159 1.350931 -> 0.616016 -0.039345 1.359922 / dir = -1.000000 / l_pyr = 0.025741
Debug   : vH = 4413 / nTets = 4 / pp.size() = 4 / 1.780623 0.094356 1.378370 -> 1.781345 0.089374 1.394892 / dir = -1.000000 / l_pyr = 0.034544
Debug   : vH = 4411 / nTets = 4 / pp.size() = 4 / 1.741154 0.091315 1.378938 -> 1.742015 0.085130 1.398845 / dir = -1.000000 / l_pyr = 0.041725
Debug   : vH = 4407 / nTets = 4 / pp.size() = 4 / 1.690740 0.087407 1.379585 -> 1.691568 0.081153 1.398946 / dir = -1.000000 / l_pyr = 0.040727
Debug   : vH = 4404 / nTets = 8 / pp.size() = 8 / 1.627832 0.082483 1.380263 -> 1.628621 0.076140 1.398955 / dir = -1.000000 / l_pyr = 0.039509
Debug   : vH = 4401 / nTets = 8 / pp.size() = 8 / 1.551563 0.076424 1.380891 -> 1.552311 0.069965 1.398784 / dir = -1.000000 / l_pyr = 0.038077
Debug   : vH = 4399 / nTets = 6 / pp.size() = 6 / 1.462235 0.069187 1.381350 -> 1.462942 0.062583 1.398328 / dir = -1.000000 / l_pyr = 0.036462
Debug   : vH = 4396 / nTets = 8 / pp.size() = 8 / 1.361737 0.060837 1.381505 -> 1.362409 0.054055 1.397478 / dir = -1.000000 / l_pyr = 0.034733
Debug   : vH = 4393 / nTets = 4 / pp.size() = 4 / 1.253661 0.051560 1.381228 -> 1.254307 0.044566 1.396148 / dir = -1.000000 / l_pyr = 0.032981
Debug   : vH = 4391 / nTets = 4 / pp.size() = 4 / 1.142908 0.041684 1.380453 -> 1.143543 0.034446 1.394318 / dir = -1.000000 / l_pyr = 0.031306
Debug   : vH = 4388 / nTets = 6 / pp.size() = 6 / 1.034866 0.031635 1.379201 -> 1.035505 0.024130 1.392055 / dir = -1.000000 / l_pyr = 0.029795
Debug   : vH = 4385 / nTets = 6 / pp.size() = 6 / 0.934419 0.021876 1.377582 -> 0.935077 0.014095 1.389504 / dir = -1.000000 / l_pyr = 0.028503
Debug   : vH = 4383 / nTets = 4 / pp.size() = 4 / 0.845133 0.012819 1.375757 -> 0.845824 0.004766 1.386849 / dir = -1.000000 / l_pyr = 0.027450
Debug   : vH = 4381 / nTets = 4 / pp.size() = 4 / 0.768879 0.004772 1.373900 -> 0.769607 -0.003533 1.384277 / dir = -1.000000 / l_pyr = 0.026621
Debug   : vH = 4377 / nTets = 6 / pp.size() = 6 / 0.705971 -0.002099 1.372157 -> 0.706739 -0.010625 1.381933 / dir = -1.000000 / l_pyr = 0.025988
Debug   : vH = 4375 / nTets = 8 / pp.size() = 8 / 0.655539 -0.007771 1.370616 -> 0.656345 -0.016481 1.379901 / dir = -1.000000 / l_pyr = 0.025514
Debug   : vH = 4372 / nTets = 4 / pp.size() = 4 / 0.616024 -0.012319 1.369317 -> 0.616863 -0.021178 1.378211 / dir = -1.000000 / l_pyr = 0.025163
Debug   : vH = 4367 / nTets = 4 / pp.size() = 4 / 1.778067 0.134350 1.390503 -> 1.778943 0.129551 1.407070 / dir = -1.000000 / l_pyr = 0.034541
Debug   : vH = 4363 / nTets = 6 / pp.size() = 6 / 1.738672 0.130552 1.391257 -> 1.739676 0.124845 1.410360 / dir = -1.000000 / l_pyr = 0.039926
Debug   : vH = 4361 / nTets = 8 / pp.size() = 8 / 1.688351 0.125675 1.392141 -> 1.689325 0.119890 1.410749 / dir = -1.000000 / l_pyr = 0.039022
Debug   : vH = 4358 / nTets = 6 / pp.size() = 6 / 1.625561 0.119540 1.393116 -> 1.626499 0.113654 1.411112 / dir = -1.000000 / l_pyr = 0.037913
Debug   : vH = 4356 / nTets = 4 / pp.size() = 4 / 1.549439 0.112010 1.394104 -> 1.550339 0.105996 1.411365 / dir = -1.000000 / l_pyr = 0.036602
Debug   : vH = 4353 / nTets = 6 / pp.size() = 6 / 1.460288 0.103050 1.394987 -> 1.461149 0.096875 1.411400 / dir = -1.000000 / l_pyr = 0.035114
Debug   : vH = 4351 / nTets = 4 / pp.size() = 4 / 1.359994 0.092759 1.395619 -> 1.360821 0.086391 1.411094 / dir = -1.000000 / l_pyr = 0.033510
Debug   : vH = 4349 / nTets = 4 / pp.size() = 4 / 1.252145 0.081397 1.395857 -> 1.252949 0.074803 1.410343 / dir = -1.000000 / l_pyr = 0.031873
Debug   : vH = 4346 / nTets = 8 / pp.size() = 8 / 1.141636 0.069386 1.395611 -> 1.142430 0.062536 1.409100 / dir = -1.000000 / l_pyr = 0.030300
Debug   : vH = 4344 / nTets = 4 / pp.size() = 4 / 1.033843 0.057259 1.394878 -> 1.034643 0.050132 1.407406 / dir = -1.000000 / l_pyr = 0.028872
Debug   : vH = 4342 / nTets = 4 / pp.size() = 4 / 0.933641 0.045573 1.393743 -> 0.934462 0.038162 1.405383 / dir = -1.000000 / l_pyr = 0.027646
Debug   : vH = 4340 / nTets = 4 / pp.size() = 4 / 0.844589 0.034805 1.392352 -> 0.845442 0.027119 1.403198 / dir = -1.000000 / l_pyr = 0.026643
Debug   : vH = 4337 / nTets = 4 / pp.size() = 4 / 0.768545 0.025298 1.390868 -> 0.769438 0.017360 1.401029 / dir = -1.000000 / l_pyr = 0.025851
Debug   : vH = 4334 / nTets = 10 / pp.size() = 10 / 0.705824 0.017223 1.389433 -> 0.706756 0.009065 1.399019 / dir = -1.000000 / l_pyr = 0.025244
Debug   : vH = 4331 / nTets = 6 / pp.size() = 6 / 0.655550 0.010587 1.388140 -> 0.656520 0.002245 1.397256 / dir = -1.000000 / l_pyr = 0.024789
Debug   : vH = 4327 / nTets = 8 / pp.size() = 8 / 0.616167 0.005282 1.387037 -> 0.617170 -0.003207 1.395778 / dir = -1.000000 / l_pyr = 0.024453
Debug   : vH = 4322 / nTets = 4 / pp.size() = 4 / 1.774800 0.172388 1.401626 -> 1.775813 0.167800 1.418244 / dir = -1.000000 / l_pyr = 0.034539
Debug   : vH = 4319 / nTets = 4 / pp.size() = 4 / 1.735483 0.167910 1.402572 -> 1.736585 0.162748 1.420685 / dir = -1.000000 / l_pyr = 0.037732
Debug   : vH = 4317 / nTets = 4 / pp.size() = 4 / 1.685264 0.162160 1.403702 -> 1.686338 0.156913 1.421371 / dir = -1.000000 / l_pyr = 0.036925
Debug   : vH = 4313 / nTets = 4 / pp.size() = 4 / 1.622602 0.154929 1.404987 -> 1.623645 0.149572 1.422104 / dir = -1.000000 / l_pyr = 0.035933
Debug   : vH = 4310 / nTets = 6 / pp.size() = 6 / 1.546640 0.146062 1.406351 -> 1.547649 0.140566 1.422805 / dir = -1.000000 / l_pyr = 0.034755
Debug   : vH = 4308 / nTets = 4 / pp.size() = 4 / 1.457681 0.135525 1.407677 -> 1.458656 0.129856 1.423361 / dir = -1.000000 / l_pyr = 0.033411
Debug   : vH = 4306 / nTets = 4 / pp.size() = 4 / 1.357609 0.123449 1.408810 -> 1.358555 0.117573 1.423637 / dir = -1.000000 / l_pyr = 0.031955
Debug   : vH = 4304 / nTets = 6 / pp.size() = 6 / 1.250009 0.110155 1.409589 -> 1.250935 0.104039 1.423505 / dir = -1.000000 / l_pyr = 0.030460
Debug   : vH = 4302 / nTets = 4 / pp.size() = 4 / 1.139765 0.096155 1.409899 -> 1.140685 0.089770 1.422892 / dir = -1.000000 / l_pyr = 0.029013
Debug   : vH = 4300 / nTets = 4 / pp.size() = 4 / 1.032244 0.082081 1.409709 -> 1.033173 0.075408 1.421807 / dir = -1.000000 / l_pyr = 0.027694
Debug   : vH = 4297 / nTets = 4 / pp.size() = 4 / 0.932309 0.068579 1.409080 -> 0.933260 0.061615 1.420345 / dir = -1.000000 / l_pyr = 0.026555
Debug   : vH = 4294 / nTets = 4 / pp.size() = 4 / 0.843507 0.056195 1.408139 -> 0.844492 0.048951 1.418658 / dir = -1.000000 / l_pyr = 0.025619
Debug   : vH = 4291 / nTets = 4 / pp.size() = 4 / 0.767691 0.045306 1.407039 -> 0.768715 0.037808 1.416912 / dir = -1.000000 / l_pyr = 0.024879
Debug   : vH = 4289 / nTets = 4 / pp.size() = 4 / 0.705168 0.036091 1.405922 -> 0.706232 0.028372 1.415252 / dir = -1.000000 / l_pyr = 0.024312
Debug   : vH = 4286 / nTets = 6 / pp.size() = 6 / 0.655062 0.028540 1.404883 -> 0.656165 0.020637 1.413770 / dir = -1.000000 / l_pyr = 0.023886
Debug   : vH = 4282 / nTets = 4 / pp.size() = 4 / 0.615817 0.022518 1.403980 -> 0.616953 0.014468 1.412512 / dir = -1.000000 / l_pyr = 0.023570
Debug   : vH = 4278 / nTets = 4 / pp.size() = 4 / 1.770984 0.208143 1.411642 -> 1.772116 0.203789 1.428315 / dir = -1.000000 / l_pyr = 0.034539
Debug   : vH = 4274 / nTets = 8 / pp.size() = 8 / 1.731748 0.203055 1.412778 -> 1.732901 0.198475 1.429754 / dir = -1.000000 / l_pyr = 0.035240
Debug   : vH = 4272 / nTets = 4 / pp.size() = 4 / 1.681633 0.196521 1.414154 -> 1.682761 0.191856 1.430728 / dir = -1.000000 / l_pyr = 0.034510
Debug   : vH = 4270 / nTets = 8 / pp.size() = 8 / 1.619104 0.188305 1.415747 -> 1.620205 0.183528 1.431823 / dir = -1.000000 / l_pyr = 0.033614
Debug   : vH = 4268 / nTets = 4 / pp.size() = 4 / 1.543307 0.178234 1.417491 -> 1.544378 0.173316 1.432969 / dir = -1.000000 / l_pyr = 0.032551
Debug   : vH = 4265 / nTets = 6 / pp.size() = 6 / 1.454546 0.166273 1.419267 -> 1.455588 0.161180 1.434050 / dir = -1.000000 / l_pyr = 0.031341
Debug   : vH = 4262 / nTets = 6 / pp.size() = 6 / 1.354705 0.152579 1.420912 -> 1.355723 0.147274 1.434923 / dir = -1.000000 / l_pyr = 0.030033
Debug   : vH = 4259 / nTets = 4 / pp.size() = 4 / 1.247361 0.137529 1.422249 -> 1.248365 0.131977 1.435438 / dir = -1.000000 / l_pyr = 0.028692
Debug   : vH = 4257 / nTets = 4 / pp.size() = 4 / 1.137394 0.121713 1.423136 -> 1.138395 0.115883 1.435492 / dir = -1.000000 / l_pyr = 0.027398
Debug   : vH = 4255 / nTets = 4 / pp.size() = 4 / 1.030155 0.105853 1.423514 -> 1.031169 0.099727 1.435059 / dir = -1.000000 / l_pyr = 0.026218
Debug   : vH = 4253 / nTets = 4 / pp.size() = 4 / 0.930495 0.090681 1.423416 -> 0.931536 0.084253 1.434204 / dir = -1.000000 / l_pyr = 0.025201
Debug   : vH = 4251 / nTets = 4 / pp.size() = 4 / 0.841953 0.076805 1.422948 -> 0.843029 0.070089 1.433056 / dir = -1.000000 / l_pyr = 0.024367
Debug   : vH = 4249 / nTets = 4 / pp.size() = 4 / 0.766371 0.064639 1.422253 -> 0.767489 0.057660 1.431770 / dir = -1.000000 / l_pyr = 0.023708
Debug   : vH = 4246 / nTets = 6 / pp.size() = 6 / 0.704052 0.054366 1.421470 -> 0.705211 0.047161 1.430489 / dir = -1.000000 / l_pyr = 0.023204
Debug   : vH = 4244 / nTets = 4 / pp.size() = 4 / 0.654119 0.045967 1.420699 -> 0.655317 0.038574 1.429310 / dir = -1.000000 / l_pyr = 0.022825
Debug   : vH = 4240 / nTets = 4 / pp.size() = 4 / 0.615016 0.039279 1.420005 -> 0.616247 0.031736 1.428290 / dir = -1.000000 / l_pyr = 0.022545
Debug   : vH = 4234 / nTets = 4 / pp.size() = 4 / 1.766780 0.241395 1.420512 -> 1.767959 0.237460 1.436547 / dir = -1.000000 / l_pyr = 0.033104
Debug   : vH = 4232 / nTets = 6 / pp.size() = 6 / 1.727623 0.235761 1.421831 -> 1.728785 0.231762 1.437585 / dir = -1.000000 / l_pyr = 0.032589
Debug   : vH = 4229 / nTets = 6 / pp.size() = 6 / 1.677612 0.228526 1.423442 -> 1.678753 0.224443 1.438839 / dir = -1.000000 / l_pyr = 0.031939
Debug   : vH = 4225 / nTets = 4 / pp.size() = 4 / 1.615215 0.219427 1.425334 -> 1.616332 0.215236 1.440288 / dir = -1.000000 / l_pyr = 0.031141
Debug   : vH = 4223 / nTets = 6 / pp.size() = 6 / 1.539582 0.208279 1.427447 -> 1.540675 0.203949 1.441869 / dir = -1.000000 / l_pyr = 0.030195
Debug   : vH = 4221 / nTets = 4 / pp.size() = 4 / 1.451018 0.195045 1.429664 -> 1.452087 0.190541 1.443468 / dir = -1.000000 / l_pyr = 0.029120
Debug   : vH = 4218 / nTets = 4 / pp.size() = 4 / 1.351406 0.179904 1.431817 -> 1.352456 0.175189 1.444935 / dir = -1.000000 / l_pyr = 0.027957
Debug   : vH = 4216 / nTets = 6 / pp.size() = 6 / 1.244318 0.163282 1.433714 -> 1.245360 0.158320 1.446100 / dir = -1.000000 / l_pyr = 0.026767
Debug   : vH = 4213 / nTets = 6 / pp.size() = 6 / 1.134625 0.145839 1.435187 -> 1.135669 0.140599 1.446831 / dir = -1.000000 / l_pyr = 0.025621
Debug   : vH = 4211 / nTets = 4 / pp.size() = 4 / 1.027666 0.128377 1.436148 -> 1.028726 0.122839 1.447068 / dir = -1.000000 / l_pyr = 0.024580
Debug   : vH = 4209 / nTets = 4 / pp.size() = 4 / 0.928281 0.111702 1.436600 -> 0.929371 0.105861 1.446844 / dir = -1.000000 / l_pyr = 0.023686
Debug   : vH = 4207 / nTets = 4 / pp.size() = 4 / 0.839997 0.096483 1.436627 -> 0.841125 0.090350 1.446263 / dir = -1.000000 / l_pyr = 0.022957
Debug   : vH = 4203 / nTets = 6 / pp.size() = 6 / 0.764648 0.083163 1.436359 -> 0.765818 0.076764 1.445466 / dir = -1.000000 / l_pyr = 0.022384
Debug   : vH = 4200 / nTets = 6 / pp.size() = 6 / 0.702532 0.071935 1.435930 -> 0.703745 0.065306 1.444591 / dir = -1.000000 / l_pyr = 0.021948
Debug   : vH = 4198 / nTets = 6 / pp.size() = 6 / 0.652770 0.062769 1.435445 -> 0.654022 0.055948 1.443740 / dir = -1.000000 / l_pyr = 0.021623
Debug   : vH = 4194 / nTets = 8 / pp.size() = 8 / 0.613807 0.055479 1.434975 -> 0.615094 0.048505 1.442977 / dir = -1.000000 / l_pyr = 0.021383
Debug   : vH = 4189 / nTets = 4 / pp.size() = 4 / 1.762341 0.272027 1.428256 -> 1.763492 0.268647 1.442999 / dir = -1.000000 / l_pyr = 0.030339
Debug   : vH = 4186 / nTets = 6 / pp.size() = 6 / 1.723261 0.265915 1.429746 -> 1.724397 0.262473 1.444246 / dir = -1.000000 / l_pyr = 0.029892
Debug   : vH = 4184 / nTets = 8 / pp.size() = 8 / 1.673348 0.258064 1.431580 -> 1.674468 0.254541 1.445770 / dir = -1.000000 / l_pyr = 0.029327
Debug   : vH = 4182 / nTets = 8 / pp.size() = 8 / 1.611076 0.248192 1.433756 -> 1.612177 0.244563 1.447561 / dir = -1.000000 / l_pyr = 0.028631
Debug   : vH = 4180 / nTets = 6 / pp.size() = 6 / 1.535600 0.236097 1.436222 -> 1.536681 0.232333 1.449563 / dir = -1.000000 / l_pyr = 0.027806
Debug   : vH = 4177 / nTets = 8 / pp.size() = 8 / 1.447224 0.221742 1.438865 -> 1.448287 0.217810 1.451665 / dir = -1.000000 / l_pyr = 0.026866
Debug   : vH = 4175 / nTets = 4 / pp.size() = 4 / 1.347831 0.205326 1.441512 -> 1.348881 0.201188 1.453711 / dir = -1.000000 / l_pyr = 0.025848
Debug   : vH = 4173 / nTets = 4 / pp.size() = 4 / 1.240989 0.187317 1.443958 -> 1.242035 0.182937 1.455516 / dir = -1.000000 / l_pyr = 0.024809
Debug   : vH = 4171 / nTets = 4 / pp.size() = 4 / 1.131558 0.168436 1.446012 -> 1.132611 0.163783 1.456919 / dir = -1.000000 / l_pyr = 0.023810
Debug   : vH = 4168 / nTets = 6 / pp.size() = 6 / 1.024868 0.149557 1.447557 -> 1.025941 0.144609 1.457831 / dir = -1.000000 / l_pyr = 0.022907
Debug   : vH = 4166 / nTets = 4 / pp.size() = 4 / 0.925746 0.131553 1.448568 -> 0.926852 0.126303 1.458248 / dir = -1.000000 / l_pyr = 0.022136
Debug   : vH = 4162 / nTets = 6 / pp.size() = 6 / 0.837709 0.115145 1.449103 -> 0.838856 0.109603 1.458250 / dir = -1.000000 / l_pyr = 0.021512
Debug   : vH = 4159 / nTets = 4 / pp.size() = 4 / 0.762583 0.100804 1.449278 -> 0.763774 0.094996 1.457959 / dir = -1.000000 / l_pyr = 0.021026
Debug   : vH = 4156 / nTets = 4 / pp.size() = 4 / 0.700661 0.088731 1.449219 -> 0.701896 0.082691 1.457507 / dir = -1.000000 / l_pyr = 0.020659
Debug   : vH = 4153 / nTets = 8 / pp.size() = 8 / 0.651064 0.078884 1.449035 -> 0.652339 0.072652 1.457000 / dir = -1.000000 / l_pyr = 0.020387
Debug   : vH = 4150 / nTets = 4 / pp.size() = 4 / 0.612236 0.071061 1.448803 -> 0.613545 0.064674 1.456509 / dir = -1.000000 / l_pyr = 0.020188
Debug   : vH = 4144 / nTets = 4 / pp.size() = 4 / 1.757808 0.300029 1.434927 -> 1.758905 0.297164 1.448396 / dir = -1.000000 / l_pyr = 0.027628
Debug   : vH = 4140 / nTets = 6 / pp.size() = 6 / 1.718797 0.293509 1.436578 -> 1.719883 0.290585 1.449842 / dir = -1.000000 / l_pyr = 0.027252
Debug   : vH = 4136 / nTets = 4 / pp.size() = 4 / 1.668973 0.285132 1.438622 -> 1.670047 0.282130 1.451624 / dir = -1.000000 / l_pyr = 0.026774
Debug   : vH = 4134 / nTets = 4 / pp.size() = 4 / 1.606816 0.274596 1.441066 -> 1.607875 0.271492 1.453741 / dir = -1.000000 / l_pyr = 0.026185
Debug   : vH = 4131 / nTets = 4 / pp.size() = 4 / 1.531483 0.261686 1.443868 -> 1.532527 0.258452 1.456147 / dir = -1.000000 / l_pyr = 0.025483
Debug   : vH = 4129 / nTets = 4 / pp.size() = 4 / 1.443280 0.246364 1.446917 -> 1.444312 0.242967 1.458734 / dir = -1.000000 / l_pyr = 0.024679
Debug   : vH = 4126 / nTets = 6 / pp.size() = 6 / 1.344088 0.228843 1.450039 -> 1.345113 0.225247 1.461339 / dir = -1.000000 / l_pyr = 0.023805
Debug   : vH = 4123 / nTets = 4 / pp.size() = 4 / 1.237472 0.209629 1.453016 -> 1.238498 0.205799 1.463762 / dir = -1.000000 / l_pyr = 0.022909
Debug   : vH = 4120 / nTets = 6 / pp.size() = 6 / 1.128284 0.189496 1.455638 -> 1.129322 0.185401 1.465819 / dir = -1.000000 / l_pyr = 0.022046
Debug   : vH = 4118 / nTets = 4 / pp.size() = 4 / 1.021843 0.169380 1.457759 -> 1.022904 0.164999 1.467389 / dir = -1.000000 / l_pyr = 0.021265
Debug   : vH = 4116 / nTets = 4 / pp.size() = 4 / 0.922966 0.150214 1.459325 -> 0.924062 0.145541 1.468437 / dir = -1.000000 / l_pyr = 0.020599
Debug   : vH = 4114 / nTets = 4 / pp.size() = 4 / 0.835159 0.132765 1.460370 -> 0.836296 0.127808 1.469016 / dir = -1.000000 / l_pyr = 0.020061
Debug   : vH = 4112 / nTets = 4 / pp.size() = 4 / 0.760240 0.117530 1.460993 -> 0.761423 0.112313 1.469231 / dir = -1.000000 / l_pyr = 0.019645
Debug   : vH = 4110 / nTets = 4 / pp.size() = 4 / 0.698499 0.104716 1.461312 -> 0.699726 0.099273 1.469205 / dir = -1.000000 / l_pyr = 0.019332
Debug   : vH = 4108 / nTets = 4 / pp.size() = 4 / 0.649054 0.094274 1.461435 -> 0.650321 0.088643 1.469045 / dir = -1.000000 / l_pyr = 0.019103
Debug   : vH = 4104 / nTets = 4 / pp.size() = 4 / 0.610352 0.085983 1.461448 -> 0.611652 0.080200 1.468831 / dir = -1.000000 / l_pyr = 0.018936
Debug   : vH = 4098 / nTets = 4 / pp.size() = 4 / 1.753299 0.325435 1.440591 -> 1.754321 0.323051 1.452792 / dir = -1.000000 / l_pyr = 0.024947
Debug   : vH = 4095 / nTets = 10 / pp.size() = 10 / 1.714348 0.318576 1.442392 -> 1.715362 0.316136 1.454425 / dir = -1.000000 / l_pyr = 0.024640
Debug   : vH = 4093 / nTets = 4 / pp.size() = 4 / 1.664602 0.309762 1.444632 -> 1.665607 0.307248 1.456449 / dir = -1.000000 / l_pyr = 0.024248
Debug   : vH = 4089 / nTets = 6 / pp.size() = 6 / 1.602545 0.298671 1.447327 -> 1.603540 0.296060 1.458875 / dir = -1.000000 / l_pyr = 0.023762
Debug   : vH = 4087 / nTets = 6 / pp.size() = 6 / 1.527337 0.285078 1.450444 -> 1.528323 0.282343 1.461663 / dir = -1.000000 / l_pyr = 0.023179
Debug   : vH = 4085 / nTets = 4 / pp.size() = 4 / 1.439287 0.268939 1.453877 -> 1.440266 0.266049 1.464710 / dir = -1.000000 / l_pyr = 0.022509
Debug   : vH = 4083 / nTets = 4 / pp.size() = 4 / 1.340275 0.250480 1.457451 -> 1.341251 0.247401 1.467849 / dir = -1.000000 / l_pyr = 0.021777
Debug   : vH = 4081 / nTets = 4 / pp.size() = 4 / 1.233861 0.230237 1.460938 -> 1.234843 0.226934 1.470868 / dir = -1.000000 / l_pyr = 0.021022
Debug   : vH = 4079 / nTets = 4 / pp.size() = 4 / 1.124891 0.209030 1.464108 -> 1.125889 0.205473 1.473558 / dir = -1.000000 / l_pyr = 0.020293
Debug   : vH = 4077 / nTets = 4 / pp.size() = 4 / 1.018674 0.187849 1.466790 -> 1.019700 0.184017 1.475769 / dir = -1.000000 / l_pyr = 0.019632
Debug   : vH = 4075 / nTets = 4 / pp.size() = 4 / 0.920018 0.167679 1.468899 -> 0.921080 0.163566 1.477435 / dir = -1.000000 / l_pyr = 0.019069
Debug   : vH = 4072 / nTets = 4 / pp.size() = 4 / 0.832419 0.149329 1.470446 -> 0.833523 0.144942 1.478581 / dir = -1.000000 / l_pyr = 0.018617
Debug   : vH = 4070 / nTets = 6 / pp.size() = 6 / 0.757688 0.133318 1.471511 -> 0.758837 0.128680 1.479296 / dir = -1.000000 / l_pyr = 0.018268
Debug   : vH = 4068 / nTets = 4 / pp.size() = 4 / 0.696111 0.119861 1.472205 -> 0.697304 0.115005 1.479693 / dir = -1.000000 / l_pyr = 0.018008
Debug   : vH = 4064 / nTets = 6 / pp.size() = 6 / 0.646804 0.108903 1.472636 -> 0.648036 0.103864 1.479879 / dir = -1.000000 / l_pyr = 0.017819
Debug   : vH = 4061 / nTets = 4 / pp.size() = 4 / 0.608215 0.100207 1.472893 -> 0.609481 0.095021 1.479940 / dir = -1.000000 / l_pyr = 0.017682
Debug   : vH = 4055 / nTets = 6 / pp.size() = 6 / 1.748909 0.348326 1.445320 -> 1.749843 0.346378 1.456315 / dir = -1.000000 / l_pyr = 0.022410
Debug   : vH = 4052 / nTets = 4 / pp.size() = 4 / 1.710007 0.341193 1.447258 -> 1.710936 0.339194 1.458117 / dir = -1.000000 / l_pyr = 0.022162
Debug   : vH = 4049 / nTets = 4 / pp.size() = 4 / 1.660325 0.332022 1.449676 -> 1.661249 0.329954 1.460361 / dir = -1.000000 / l_pyr = 0.021844
Debug   : vH = 4046 / nTets = 6 / pp.size() = 6 / 1.598351 0.320476 1.452603 -> 1.599268 0.318320 1.463068 / dir = -1.000000 / l_pyr = 0.021449
Debug   : vH = 4044 / nTets = 4 / pp.size() = 4 / 1.523249 0.306320 1.456012 -> 1.524161 0.304049 1.466208 / dir = -1.000000 / l_pyr = 0.020972
Debug   : vH = 4041 / nTets = 4 / pp.size() = 4 / 1.435329 0.289505 1.459804 -> 1.436238 0.287089 1.469682 / dir = -1.000000 / l_pyr = 0.020420
Debug   : vH = 4039 / nTets = 6 / pp.size() = 6 / 1.336470 0.270266 1.463803 -> 1.337381 0.267672 1.473321 / dir = -1.000000 / l_pyr = 0.019815
Debug   : vH = 4037 / nTets = 4 / pp.size() = 4 / 1.230230 0.249160 1.467772 -> 1.231151 0.246356 1.476901 / dir = -1.000000 / l_pyr = 0.019188
Debug   : vH = 4035 / nTets = 6 / pp.size() = 6 / 1.121448 0.227049 1.471465 -> 1.122389 0.224004 1.480193 / dir = -1.000000 / l_pyr = 0.018582
Debug   : vH = 4031 / nTets = 6 / pp.size() = 6 / 1.015427 0.204966 1.474684 -> 1.016396 0.201662 1.483017 / dir = -1.000000 / l_pyr = 0.018033
Debug   : vH = 4028 / nTets = 8 / pp.size() = 8 / 0.916963 0.183944 1.477319 -> 0.917970 0.180372 1.485279 / dir = -1.000000 / l_pyr = 0.017567
Debug   : vH = 4026 / nTets = 6 / pp.size() = 6 / 0.829545 0.164827 1.479354 -> 0.830595 0.160994 1.486977 / dir = -1.000000 / l_pyr = 0.017194
Debug   : vH = 4023 / nTets = 6 / pp.size() = 6 / 0.754978 0.148155 1.480852 -> 0.756073 0.144083 1.488179 / dir = -1.000000 / l_pyr = 0.016908
Debug   : vH = 4020 / nTets = 4 / pp.size() = 4 / 0.693544 0.134151 1.481914 -> 0.694682 0.129870 1.488991 / dir = -1.000000 / l_pyr = 0.016698
Debug   : vH = 4018 / nTets = 6 / pp.size() = 6 / 0.644357 0.122752 1.482647 -> 0.645534 0.118296 1.489517 / dir = -1.000000 / l_pyr = 0.016546
Debug   : vH = 4015 / nTets = 4 / pp.size() = 4 / 0.605868 0.113711 1.483146 -> 0.607077 0.109113 1.489850 / dir = -1.000000 / l_pyr = 0.016438
Debug   : vH = 4010 / nTets = 4 / pp.size() = 4 / 1.744713 0.368825 1.449189 -> 1.745549 0.367276 1.459022 / dir = -1.000000 / l_pyr = 0.019980
Debug   : vH = 4008 / nTets = 8 / pp.size() = 8 / 1.705850 0.361472 1.451248 -> 1.706683 0.359877 1.460974 / dir = -1.000000 / l_pyr = 0.019782
Debug   : vH = 4006 / nTets = 4 / pp.size() = 4 / 1.656220 0.352014 1.453827 -> 1.657050 0.350358 1.463414 / dir = -1.000000 / l_pyr = 0.019529
Debug   : vH = 4004 / nTets = 4 / pp.size() = 4 / 1.594312 0.340102 1.456963 -> 1.595139 0.338366 1.466374 / dir = -1.000000 / l_pyr = 0.019211
Debug   : vH = 4000 / nTets = 6 / pp.size() = 6 / 1.519296 0.325490 1.460637 -> 1.520121 0.323650 1.469831 / dir = -1.000000 / l_pyr = 0.018827
Debug   : vH = 3998 / nTets = 6 / pp.size() = 6 / 1.431481 0.308124 1.464757 -> 1.432306 0.306152 1.473694 / dir = -1.000000 / l_pyr = 0.018379
Debug   : vH = 3996 / nTets = 4 / pp.size() = 4 / 1.332748 0.288243 1.469147 -> 1.333578 0.286109 1.477792 / dir = -1.000000 / l_pyr = 0.017887
Debug   : vH = 3994 / nTets = 4 / pp.size() = 4 / 1.226651 0.266428 1.473564 -> 1.227495 0.264100 1.481892 / dir = -1.000000 / l_pyr = 0.017376
Debug   : vH = 3990 / nTets = 4 / pp.size() = 4 / 1.118027 0.243567 1.477748 -> 1.118892 0.241018 1.485747 / dir = -1.000000 / l_pyr = 0.016881
Debug   : vH = 3988 / nTets = 4 / pp.size() = 4 / 1.012168 0.220736 1.481475 -> 1.013063 0.217944 1.489151 / dir = -1.000000 / l_pyr = 0.016434
Debug   : vH = 3985 / nTets = 4 / pp.size() = 4 / 0.913865 0.199004 1.484609 -> 0.914797 0.195963 1.491980 / dir = -1.000000 / l_pyr = 0.016057
Debug   : vH = 3983 / nTets = 4 / pp.size() = 4 / 0.826598 0.179247 1.487112 -> 0.827574 0.175961 1.494206 / dir = -1.000000 / l_pyr = 0.015757
Debug   : vH = 3981 / nTets = 4 / pp.size() = 4 / 0.752168 0.162024 1.489027 -> 0.753188 0.158514 1.495878 / dir = -1.000000 / l_pyr = 0.015531
Debug   : vH = 3979 / nTets = 4 / pp.size() = 4 / 0.690854 0.147563 1.490445 -> 0.691914 0.143855 1.497090 / dir = -1.000000 / l_pyr = 0.015367
Debug   : vH = 3976 / nTets = 6 / pp.size() = 6 / 0.641768 0.135797 1.491472 -> 0.642866 0.131923 1.497948 / dir = -1.000000 / l_pyr = 0.015250
Debug   : vH = 3973 / nTets = 4 / pp.size() = 4 / 0.603361 0.126468 1.492207 -> 0.604490 0.122460 1.498545 / dir = -1.000000 / l_pyr = 0.015168
Debug   : vH = 3967 / nTets = 4 / pp.size() = 4 / 1.740767 0.387076 1.452270 -> 1.741502 0.385885 1.461028 / dir = -1.000000 / l_pyr = 0.017739
Debug   : vH = 3965 / nTets = 4 / pp.size() = 4 / 1.701934 0.379550 1.454435 -> 1.702667 0.378320 1.463110 / dir = -1.000000 / l_pyr = 0.017585
Debug   : vH = 3963 / nTets = 4 / pp.size() = 4 / 1.652343 0.369866 1.457155 -> 1.653075 0.368582 1.465722 / dir = -1.000000 / l_pyr = 0.017386
Debug   : vH = 3960 / nTets = 4 / pp.size() = 4 / 1.590487 0.357664 1.460474 -> 1.591218 0.356310 1.468903 / dir = -1.000000 / l_pyr = 0.017136
Debug   : vH = 3957 / nTets = 4 / pp.size() = 4 / 1.515537 0.342688 1.464384 -> 1.516269 0.341242 1.472642 / dir = -1.000000 / l_pyr = 0.016832
Debug   : vH = 3955 / nTets = 6 / pp.size() = 6 / 1.427805 0.324881 1.468797 -> 1.428539 0.323318 1.476852 / dir = -1.000000 / l_pyr = 0.016476
Debug   : vH = 3952 / nTets = 8 / pp.size() = 8 / 1.329170 0.304486 1.473542 -> 1.329913 0.302777 1.481365 / dir = -1.000000 / l_pyr = 0.016084
Debug   : vH = 3949 / nTets = 4 / pp.size() = 4 / 1.223188 0.282098 1.478368 -> 1.223945 0.280213 1.485940 / dir = -1.000000 / l_pyr = 0.015678
Debug   : vH = 3947 / nTets = 6 / pp.size() = 6 / 1.114688 0.258631 1.483003 -> 1.115468 0.256544 1.490314 / dir = -1.000000 / l_pyr = 0.015285
Debug   : vH = 3945 / nTets = 4 / pp.size() = 4 / 1.008959 0.235192 1.487203 -> 1.009769 0.232883 1.494257 / dir = -1.000000 / l_pyr = 0.014933
Debug   : vH = 3943 / nTets = 4 / pp.size() = 4 / 0.910784 0.212884 1.490806 -> 0.911631 0.210344 1.497618 / dir = -1.000000 / l_pyr = 0.014639
Debug   : vH = 3940 / nTets = 6 / pp.size() = 6 / 0.823638 0.192608 1.493750 -> 0.824527 0.189841 1.500343 / dir = -1.000000 / l_pyr = 0.014410
Debug   : vH = 3938 / nTets = 6 / pp.size() = 6 / 0.749317 0.174938 1.496061 -> 0.750248 0.171961 1.502462 / dir = -1.000000 / l_pyr = 0.014240
Debug   : vH = 3935 / nTets = 6 / pp.size() = 6 / 0.688096 0.160106 1.497820 -> 0.689067 0.156945 1.504057 / dir = -1.000000 / l_pyr = 0.014120
Debug   : vH = 3933 / nTets = 4 / pp.size() = 4 / 0.639090 0.148043 1.499129 -> 0.640097 0.144727 1.505232 / dir = -1.000000 / l_pyr = 0.014037
Debug   : vH = 3929 / nTets = 4 / pp.size() = 4 / 0.600748 0.138482 1.500090 -> 0.601784 0.135039 1.506085 / dir = -1.000000 / l_pyr = 0.013981
Debug   : vH = 3924 / nTets = 8 / pp.size() = 8 / 1.737104 0.403235 1.454636 -> 1.737737 0.402367 1.462378 / dir = -1.000000 / l_pyr = 0.015634
Debug   : vH = 3921 / nTets = 6 / pp.size() = 6 / 1.698292 0.395576 1.456891 -> 1.698924 0.394675 1.464569 / dir = -1.000000 / l_pyr = 0.015513
Debug   : vH = 3919 / nTets = 4 / pp.size() = 4 / 1.648730 0.385716 1.459730 -> 1.649361 0.384770 1.467325 / dir = -1.000000 / l_pyr = 0.015358
Debug   : vH = 3917 / nTets = 4 / pp.size() = 4 / 1.586911 0.373287 1.463207 -> 1.587542 0.372282 1.470695 / dir = -1.000000 / l_pyr = 0.015162
Debug   : vH = 3915 / nTets = 4 / pp.size() = 4 / 1.512010 0.358028 1.467320 -> 1.512643 0.356944 1.474676 / dir = -1.000000 / l_pyr = 0.014924
Debug   : vH = 3913 / nTets = 4 / pp.size() = 4 / 1.424339 0.339875 1.471990 -> 1.424976 0.338690 1.479189 / dir = -1.000000 / l_pyr = 0.014647
Debug   : vH = 3911 / nTets = 4 / pp.size() = 4 / 1.325778 0.319076 1.477047 -> 1.326424 0.317764 1.484067 / dir = -1.000000 / l_pyr = 0.014341
Debug   : vH = 3909 / nTets = 4 / pp.size() = 4 / 1.219880 0.296237 1.482239 -> 1.220541 0.294771 1.489066 / dir = -1.000000 / l_pyr = 0.014026
Debug   : vH = 3907 / nTets = 4 / pp.size() = 4 / 1.111473 0.272293 1.487282 -> 1.112157 0.270648 1.493909 / dir = -1.000000 / l_pyr = 0.013725
Debug   : vH = 3905 / nTets = 4 / pp.size() = 4 / 1.005840 0.248377 1.491913 -> 1.006553 0.246533 1.498345 / dir = -1.000000 / l_pyr = 0.013458
Debug   : vH = 3902 / nTets = 4 / pp.size() = 4 / 0.907759 0.225617 1.495948 -> 0.908508 0.223565 1.502197 / dir = -1.000000 / l_pyr = 0.013240
Debug   : vH = 3899 / nTets = 4 / pp.size() = 4 / 0.820702 0.204934 1.499302 -> 0.821490 0.202677 1.505386 / dir = -1.000000 / l_pyr = 0.013074
Debug   : vH = 3896 / nTets = 6 / pp.size() = 6 / 0.746459 0.186916 1.501984 -> 0.747287 0.184467 1.507924 / dir = -1.000000 / l_pyr = 0.012956
Debug   : vH = 3894 / nTets = 6 / pp.size() = 6 / 0.685307 0.171796 1.504063 -> 0.686173 0.169177 1.509881 / dir = -1.000000 / l_pyr = 0.012877
Debug   : vH = 3892 / nTets = 6 / pp.size() = 6 / 0.636357 0.159503 1.505639 -> 0.637256 0.156741 1.511356 / dir = -1.000000 / l_pyr = 0.012825
Debug   : vH = 3889 / nTets = 4 / pp.size() = 4 / 0.598061 0.149761 1.506814 -> 0.598988 0.146884 1.512451 / dir = -1.000000 / l_pyr = 0.012792
Debug   : vH = 3882 / nTets = 4 / pp.size() = 4 / 1.733747 0.417462 1.456353 -> 1.734279 0.416884 1.463170 / dir = -1.000000 / l_pyr = 0.013725
Debug   : vH = 3880 / nTets = 6 / pp.size() = 6 / 1.694949 0.409699 1.458681 -> 1.695481 0.409095 1.465449 / dir = -1.000000 / l_pyr = 0.013631
Debug   : vH = 3878 / nTets = 6 / pp.size() = 6 / 1.645406 0.399704 1.461618 -> 1.645938 0.399064 1.468322 / dir = -1.000000 / l_pyr = 0.013510
Debug   : vH = 3875 / nTets = 4 / pp.size() = 4 / 1.583613 0.387101 1.465225 -> 1.584145 0.386413 1.471847 / dir = -1.000000 / l_pyr = 0.013358
Debug   : vH = 3873 / nTets = 6 / pp.size() = 6 / 1.508746 0.371623 1.469508 -> 1.509280 0.370871 1.476030 / dir = -1.000000 / l_pyr = 0.013175
Debug   : vH = 3871 / nTets = 4 / pp.size() = 4 / 1.421116 0.353206 1.474395 -> 1.421655 0.352369 1.480799 / dir = -1.000000 / l_pyr = 0.012961
Debug   : vH = 3868 / nTets = 4 / pp.size() = 4 / 1.322606 0.332097 1.479720 -> 1.323153 0.331153 1.485990 / dir = -1.000000 / l_pyr = 0.012728
Debug   : vH = 3866 / nTets = 6 / pp.size() = 6 / 1.216766 0.308914 1.485231 -> 1.217328 0.307838 1.491357 / dir = -1.000000 / l_pyr = 0.012491
Debug   : vH = 3864 / nTets = 4 / pp.size() = 4 / 1.108422 0.284608 1.490632 -> 1.109005 0.283376 1.496613 / dir = -1.000000 / l_pyr = 0.012267
Debug   : vH = 3862 / nTets = 4 / pp.size() = 4 / 1.002853 0.260332 1.495649 -> 1.003463 0.258926 1.501488 / dir = -1.000000 / l_pyr = 0.012075
Debug   : vH = 3860 / nTets = 4 / pp.size() = 4 / 0.904834 0.237232 1.500073 -> 0.905477 0.235642 1.505783 / dir = -1.000000 / l_pyr = 0.011923
Debug   : vH = 3858 / nTets = 4 / pp.size() = 4 / 0.817833 0.216246 1.503800 -> 0.818513 0.214473 1.509394 / dir = -1.000000 / l_pyr = 0.011814
Debug   : vH = 3856 / nTets = 4 / pp.size() = 4 / 0.743640 0.197969 1.506822 -> 0.744357 0.196024 1.512315 / dir = -1.000000 / l_pyr = 0.011742
Debug   : vH = 3854 / nTets = 4 / pp.size() = 4 / 0.682529 0.182637 1.509196 -> 0.683281 0.180540 1.514605 / dir = -1.000000 / l_pyr = 0.011699
Debug   : vH = 3852 / nTets = 4 / pp.size() = 4 / 0.633613 0.170176 1.511019 -> 0.634396 0.167949 1.516358 / dir = -1.000000 / l_pyr = 0.011676
Debug   : vH = 3849 / nTets = 4 / pp.size() = 4 / 0.595344 0.160304 1.512394 -> 0.596153 0.157972 1.517678 / dir = -1.000000 / l_pyr = 0.011664
Debug   : vH = 3844 / nTets = 6 / pp.size() = 6 / 1.730699 0.429938 1.457474 -> 1.731134 0.429631 1.463448 / dir = -1.000000 / l_pyr = 0.011997
Debug   : vH = 3842 / nTets = 4 / pp.size() = 4 / 1.691912 0.422094 1.459859 -> 1.692346 0.421766 1.465793 / dir = -1.000000 / l_pyr = 0.011919
Debug   : vH = 3839 / nTets = 4 / pp.size() = 4 / 1.642381 0.411993 1.462874 -> 1.642815 0.411636 1.468757 / dir = -1.000000 / l_pyr = 0.011820
Debug   : vH = 3837 / nTets = 4 / pp.size() = 4 / 1.580605 0.399256 1.466585 -> 1.581040 0.398860 1.472406 / dir = -1.000000 / l_pyr = 0.011700
Debug   : vH = 3834 / nTets = 4 / pp.size() = 4 / 1.505759 0.383612 1.471007 -> 1.506196 0.383163 1.476752 / dir = -1.000000 / l_pyr = 0.011558
Debug   : vH = 3830 / nTets = 6 / pp.size() = 6 / 1.418156 0.364994 1.476073 -> 1.418597 0.364477 1.481732 / dir = -1.000000 / l_pyr = 0.011398
Debug   : vH = 3828 / nTets = 4 / pp.size() = 4 / 1.319676 0.343656 1.481623 -> 1.320125 0.343050 1.487187 / dir = -1.000000 / l_pyr = 0.011230
Debug   : vH = 3826 / nTets = 4 / pp.size() = 4 / 1.213870 0.320222 1.487403 -> 1.214332 0.319506 1.492869 / dir = -1.000000 / l_pyr = 0.011064
Debug   : vH = 3824 / nTets = 4 / pp.size() = 4 / 1.105561 0.295656 1.493114 -> 1.106042 0.294809 1.498483 / dir = -1.000000 / l_pyr = 0.010914
Debug   : vH = 3822 / nTets = 4 / pp.size() = 4 / 1.000026 0.271124 1.498465 -> 1.000531 0.270129 1.503744 / dir = -1.000000 / l_pyr = 0.010792
Debug   : vH = 3820 / nTets = 4 / pp.size() = 4 / 0.902037 0.247787 1.503232 -> 0.902573 0.246634 1.508430 / dir = -1.000000 / l_pyr = 0.010703
Debug   : vH = 3817 / nTets = 6 / pp.size() = 6 / 0.815063 0.226592 1.507291 -> 0.815631 0.225280 1.512419 / dir = -1.000000 / l_pyr = 0.010646
Debug   : vH = 3815 / nTets = 4 / pp.size() = 4 / 0.740891 0.208139 1.510617 -> 0.741492 0.206677 1.515685 / dir = -1.000000 / l_pyr = 0.010616
Debug   : vH = 3812 / nTets = 4 / pp.size() = 4 / 0.679796 0.192665 1.513258 -> 0.680428 0.191069 1.518275 / dir = -1.000000 / l_pyr = 0.010605
Debug   : vH = 3810 / nTets = 4 / pp.size() = 4 / 0.630892 0.180092 1.515305 -> 0.631552 0.178381 1.520281 / dir = -1.000000 / l_pyr = 0.010605
Debug   : vH = 3804 / nTets = 6 / pp.size() = 6 / 0.592631 0.170133 1.516863 -> 0.593314 0.168330 1.521803 / dir = -1.000000 / l_pyr = 0.010606
Debug   : vH = 3798 / nTets = 6 / pp.size() = 6 / 1.727961 0.440846 1.457765 -> 1.728250 0.441058 1.462992 / dir = -1.000000 / l_pyr = 0.010477
Debug   : vH = 3795 / nTets = 6 / pp.size() = 6 / 1.689178 0.432941 1.460201 -> 1.689468 0.433131 1.465400 / dir = -1.000000 / l_pyr = 0.010422
Debug   : vH = 3793 / nTets = 6 / pp.size() = 6 / 1.639654 0.422761 1.463284 -> 1.639945 0.422923 1.468449 / dir = -1.000000 / l_pyr = 0.010350
Debug   : vH = 3791 / nTets = 4 / pp.size() = 4 / 1.577886 0.409925 1.467088 -> 1.578178 0.410047 1.472209 / dir = -1.000000 / l_pyr = 0.010263
Debug   : vH = 3789 / nTets = 4 / pp.size() = 4 / 1.503051 0.394159 1.471631 -> 1.503346 0.394229 1.476701 / dir = -1.000000 / l_pyr = 0.010158
Debug   : vH = 3787 / nTets = 4 / pp.size() = 4 / 1.415459 0.375399 1.476856 -> 1.415760 0.375402 1.481867 / dir = -1.000000 / l_pyr = 0.010041
Debug   : vH = 3784 / nTets = 6 / pp.size() = 6 / 1.316992 0.353900 1.482604 -> 1.317301 0.353817 1.487553 / dir = -1.000000 / l_pyr = 0.009918
Debug   : vH = 3781 / nTets = 6 / pp.size() = 6 / 1.211199 0.330293 1.488625 -> 1.211521 0.330105 1.493511 / dir = -1.000000 / l_pyr = 0.009801
Debug   : vH = 3778 / nTets = 4 / pp.size() = 4 / 1.102900 0.305553 1.494612 -> 1.103242 0.305239 1.499439 / dir = -1.000000 / l_pyr = 0.009699
Debug   : vH = 3775 / nTets = 4 / pp.size() = 4 / 0.997371 0.280855 1.500264 -> 0.997737 0.280401 1.505041 / dir = -1.000000 / l_pyr = 0.009625
Debug   : vH = 3772 / nTets = 6 / pp.size() = 6 / 0.899385 0.257368 1.505341 -> 0.899780 0.256767 1.510076 / dir = -1.000000 / l_pyr = 0.009579
Debug   : vH = 3769 / nTets = 4 / pp.size() = 4 / 0.812409 0.236045 1.509702 -> 0.812835 0.235296 1.514403 / dir = -1.000000 / l_pyr = 0.009560
Debug   : vH = 3767 / nTets = 6 / pp.size() = 6 / 0.738231 0.217487 1.513305 -> 0.738688 0.216598 1.517980 / dir = -1.000000 / l_pyr = 0.009560
Debug   : vH = 3765 / nTets = 6 / pp.size() = 6 / 0.677128 0.201930 1.516190 -> 0.677614 0.200918 1.520837 / dir = -1.000000 / l_pyr = 0.009561
Debug   : vH = 3761 / nTets = 4 / pp.size() = 4 / 0.628215 0.189293 1.518442 -> 0.628726 0.188175 1.523070 / dir = -1.000000 / l_pyr = 0.009575
Debug   : vH = 3758 / nTets = 6 / pp.size() = 6 / 0.589946 0.179287 1.520168 -> 0.590479 0.178082 1.524781 / dir = -1.000000 / l_pyr = 0.009596
Debug   : vH = 3755 / nTets = 4 / pp.size() = 4 / 1.725517 0.450345 1.457057 -> 1.725678 0.450994 1.461602 / dir = -1.000000 / l_pyr = 0.009187
Debug   : vH = 3753 / nTets = 4 / pp.size() = 4 / 1.686733 0.442408 1.459532 -> 1.686893 0.443045 1.464070 / dir = -1.000000 / l_pyr = 0.009171
Debug   : vH = 3751 / nTets = 4 / pp.size() = 4 / 1.637206 0.432187 1.462669 -> 1.637366 0.432807 1.467197 / dir = -1.000000 / l_pyr = 0.009146
Debug   : vH = 3748 / nTets = 4 / pp.size() = 4 / 1.575435 0.419298 1.466547 -> 1.575595 0.419892 1.471062 / dir = -1.000000 / l_pyr = 0.009113
Debug   : vH = 3746 / nTets = 6 / pp.size() = 6 / 1.500596 0.403466 1.471191 -> 1.500757 0.404027 1.475688 / dir = -1.000000 / l_pyr = 0.009070
Debug   : vH = 3743 / nTets = 6 / pp.size() = 6 / 1.413000 0.384626 1.476548 -> 1.413163 0.385140 1.481024 / dir = -1.000000 / l_pyr = 0.009017
Debug   : vH = 3741 / nTets = 4 / pp.size() = 4 / 1.314527 0.363037 1.482464 -> 1.314695 0.363489 1.486917 / dir = -1.000000 / l_pyr = 0.008957
Debug   : vH = 3739 / nTets = 4 / pp.size() = 4 / 1.208724 0.339333 1.488692 -> 1.208901 0.339707 1.493119 / dir = -1.000000 / l_pyr = 0.008894
Debug   : vH = 3737 / nTets = 4 / pp.size() = 4 / 1.100414 0.314494 1.494920 -> 1.100604 0.314771 1.499324 / dir = -1.000000 / l_pyr = 0.008834
Debug   : vH = 3735 / nTets = 4 / pp.size() = 4 / 0.994868 0.289703 1.500837 -> 0.995076 0.289869 1.505222 / dir = -1.000000 / l_pyr = 0.008787
Debug   : vH = 3732 / nTets = 6 / pp.size() = 6 / 0.896861 0.266135 1.506189 -> 0.897091 0.266180 1.510560 / dir = -1.000000 / l_pyr = 0.008754
Debug   : vH = 3730 / nTets = 6 / pp.size() = 6 / 0.809861 0.244743 1.510819 -> 0.810115 0.244666 1.515180 / dir = -1.000000 / l_pyr = 0.008737
Debug   : vH = 3728 / nTets = 4 / pp.size() = 4 / 0.735656 0.226131 1.514673 -> 0.735936 0.225936 1.519026 / dir = -1.000000 / l_pyr = 0.008732
Debug   : vH = 3726 / nTets = 4 / pp.size() = 4 / 0.674527 0.210532 1.517778 -> 0.674831 0.210231 1.522123 / dir = -1.000000 / l_pyr = 0.008732
Debug   : vH = 3724 / nTets = 4 / pp.size() = 4 / 0.625589 0.197864 1.520217 -> 0.625914 0.197471 1.524556 / dir = -1.000000 / l_pyr = 0.008737
Debug   : vH = 3721 / nTets = 6 / pp.size() = 6 / 0.587298 0.187834 1.522095 -> 0.587640 0.187365 1.526430 / dir = -1.000000 / l_pyr = 0.008746
Debug   : vH = 381 / nTets = 6 / pp.size() = 6 / 1.723358 0.458554 1.455728 -> 1.723449 0.459351 1.459643 / dir = -1.000000 / l_pyr = 0.007992
Debug   : vH = 374 / nTets = 4 / pp.size() = 4 / 1.684563 0.450612 1.458224 -> 1.684653 0.451403 1.462144 / dir = -1.000000 / l_pyr = 0.008000
Debug   : vH = 366 / nTets = 4 / pp.size() = 4 / 1.635029 0.440383 1.461393 -> 1.635118 0.441165 1.465314 / dir = -1.000000 / l_pyr = 0.008000
Debug   : vH = 359 / nTets = 4 / pp.size() = 4 / 1.573247 0.427482 1.465316 -> 1.573335 0.428250 1.469240 / dir = -1.000000 / l_pyr = 0.008000
Debug   : vH = 353 / nTets = 4 / pp.size() = 4 / 1.498389 0.411634 1.470024 -> 1.498477 0.412381 1.473952 / dir = -1.000000 / l_pyr = 0.007998
Debug   : vH = 346 / nTets = 4 / pp.size() = 4 / 1.410773 0.392772 1.475471 -> 1.410862 0.393490 1.479399 / dir = -1.000000 / l_pyr = 0.007988
Debug   : vH = 338 / nTets = 6 / pp.size() = 6 / 1.312281 0.371156 1.481508 -> 1.312372 0.371832 1.485436 / dir = -1.000000 / l_pyr = 0.007973
Debug   : vH = 332 / nTets = 6 / pp.size() = 6 / 1.206453 0.347421 1.487889 -> 1.206550 0.348040 1.491818 / dir = -1.000000 / l_pyr = 0.007956
Debug   : vH = 326 / nTets = 4 / pp.size() = 4 / 1.098109 0.322547 1.494304 -> 1.098215 0.323096 1.498235 / dir = -1.000000 / l_pyr = 0.007942
Debug   : vH = 319 / nTets = 4 / pp.size() = 4 / 0.992527 0.297722 1.500432 -> 0.992646 0.298185 1.504365 / dir = -1.000000 / l_pyr = 0.007923
Debug   : vH = 312 / nTets = 4 / pp.size() = 4 / 0.894481 0.274122 1.506009 -> 0.894617 0.274490 1.509948 / dir = -1.000000 / l_pyr = 0.007916
Debug   : vH = 306 / nTets = 4 / pp.size() = 4 / 0.807437 0.252703 1.510863 -> 0.807592 0.252973 1.514807 / dir = -1.000000 / l_pyr = 0.007912
Debug   : vH = 300 / nTets = 4 / pp.size() = 4 / 0.733196 0.234070 1.514927 -> 0.733371 0.234243 1.518876 / dir = -1.000000 / l_pyr = 0.007912
Debug   : vH = 292 / nTets = 4 / pp.size() = 4 / 0.672028 0.218454 1.518220 -> 0.672223 0.218539 1.522173 / dir = -1.000000 / l_pyr = 0.007917
Debug   : vH = 286 / nTets = 6 / pp.size() = 6 / 0.623053 0.205771 1.520820 -> 0.623266 0.205780 1.524777 / dir = -1.000000 / l_pyr = 0.007925
Debug   : vH = 277 / nTets = 4 / pp.size() = 4 / 0.584732 0.195732 1.522829 -> 0.584959 0.195676 1.526790 / dir = -1.000000 / l_pyr = 0.007936
Info    : dtOptimizeMeshGRegion()() volume 1
Info    : dtOptimizeMeshGRegion()() volume 1 : Optimize gmsh
Info    : Optimizing volume 1
Info    : Optimization starts (volume = 5.45724) with worst = 7.04568e-07 / average = 0.777247:
Info    : 0.00 < quality < 0.10 :      1972 elements
Info    : 0.10 < quality < 0.20 :       851 elements
Info    : 0.20 < quality < 0.30 :      1510 elements
Info    : 0.30 < quality < 0.40 :      1952 elements
Info    : 0.40 < quality < 0.50 :      2154 elements
Info    : 0.50 < quality < 0.60 :      3437 elements
Info    : 0.60 < quality < 0.70 :      7370 elements
Info    : 0.70 < quality < 0.80 :     15900 elements
Info    : 0.80 < quality < 0.90 :     30572 elements
Info    : 0.90 < quality < 1.00 :     24832 elements
Info    : 1399 edge swaps, 0 node relocations (volume = 5.45724): worst = 0.000625803 / average = 0.770108 (Wall 0.0526129s, CPU 0.052527s)
Info    : 2251 edge swaps, 0 node relocations (volume = 5.45724): worst = 0.00912 / average = 0.772723 (Wall 0.0927577s, CPU 0.092607s)
Info    : 2587 edge swaps, 0 node relocations (volume = 5.45724): worst = 0.0111113 / average = 0.774053 (Wall 0.128056s, CPU 0.127844s)
Info    : 2704 edge swaps, 0 node relocations (volume = 5.45724): worst = 0.0111113 / average = 0.77451 (Wall 0.160629s, CPU 0.160364s)
Info    : No ill-shaped tets in the mesh :-)
Info    : 0.00 < quality < 0.10 :      1173 elements
Info    : 0.10 < quality < 0.20 :       665 elements
Info    : 0.20 < quality < 0.30 :      1515 elements
Info    : 0.30 < quality < 0.40 :      2825 elements
Info    : 0.40 < quality < 0.50 :      2893 elements
Info    : 0.50 < quality < 0.60 :      4006 elements
Info    : 0.60 < quality < 0.70 :      7952 elements
Info    : 0.70 < quality < 0.80 :     16020 elements
Info    : 0.80 < quality < 0.90 :     30361 elements
Info    : 0.90 < quality < 1.00 :     24704 elements
Info    : dtOptimizeMeshGRegion()() volume 1 : Optimize netgen
Info    : Extract outter faces of tetrahedra
Info    : Optimizing volume 2
Info    : CalcLocalH: 21253 Points 92408 Elements 22542 Surface Elements 
Info    : Remove Illegal Elements 
Info    : 4101 illegal tets 
Info    : SplitImprove 
Info    : badmax = 3291.83 
Info    : 745 splits performed 
Info    : SwapImprove  
Info    : 643 swaps performed 
Info    : SwapImprove2  
Info    : 2 swaps performed 
Info    : 905 illegal tets 
Info    : SplitImprove 
Info    : badmax = 4565.69 
Info    : 244 splits performed 
Info    : SwapImprove  
Info    : 55 swaps performed 
Info    : SwapImprove2  
Info    : 6 swaps performed 
Info    : 137 illegal tets 
Info    : SplitImprove 
Info    : badmax = 2228.86 
Info    : 39 splits performed 
Info    : SwapImprove  
Info    : 15 swaps performed 
Info    : SwapImprove2  
Info    : 1 swaps performed 
Info    : 24 illegal tets 
Info    : SplitImprove 
Info    : badmax = 1777.21 
Info    : 9 splits performed 
Info    : SwapImprove  
Info    : 3 swaps performed 
Info    : SwapImprove2  
Info    : 0 swaps performed 
Info    : 0 illegal tets 
Info    : Volume Optimization 
Info    : CombineImprove 
Info    : 561 elements combined 
Info    : ImproveMesh 
Info    : Total badness = 169556 
Info    : Total badness = 161508 
Info    : SplitImprove 
Info    : badmax = 837.407 
Info    : 1 splits performed 
Info    : ImproveMesh 
Info    : Total badness = 161518 
Info    : Total badness = 161031 
Info    : SwapImprove  
Info    : 1612 swaps performed 
Info    : SwapImprove2  
Info    : 6 swaps performed 
Info    : ImproveMesh 
Info    : Total badness = 155749 
Info    : Total badness = 151100 
Info    : CombineImprove 
Info    : 131 elements combined 
Info    : ImproveMesh 
Info    : Total badness = 148402 
Info    : Total badness = 147993 
Info    : SplitImprove 
Info    : badmax = 244.795 
Info    : 4 splits performed 
Info    : ImproveMesh 
Info    : Total badness = 148039 
Info    : Total badness = 148015 
Info    : SwapImprove  
Info    : 623 swaps performed 
Info    : SwapImprove2  
Info    : 2 swaps performed 
Info    : ImproveMesh 
Info    : Total badness = 146985 
Info    : Total badness = 146113 
Info    : CombineImprove 
Info    : 9 elements combined 
Info    : ImproveMesh 
Info    : Total badness = 145957 
Info    : Total badness = 145917 
Info    : SplitImprove 
Info    : badmax = 237.517 
Info    : 1 splits performed 
Info    : ImproveMesh 
Info    : Total badness = 145936 
Info    : Total badness = 145931 
Info    : SwapImprove  
Info    : 264 swaps performed 
Info    : SwapImprove2  
Info    : 2 swaps performed 
Info    : ImproveMesh 
Info    : Total badness = 145672 
Info    : Total badness = 145398 
Info    : dtOptimizeMeshGRegion()() volume 1
Info    : dtOptimizeMeshGRegion()() volume 1 : Optimize gmsh
Info    : Optimizing volume 1
Info    : Optimization starts (volume = 5.45724) with worst = 0.00861915 / average = 0.771459:
Info    : 0.00 < quality < 0.10 :      1582 elements
Info    : 0.10 < quality < 0.20 :       978 elements
Info    : 0.20 < quality < 0.30 :      1705 elements
Info    : 0.30 < quality < 0.40 :      2288 elements
Info    : 0.40 < quality < 0.50 :      2696 elements
Info    : 0.50 < quality < 0.60 :      4300 elements
Info    : 0.60 < quality < 0.70 :      8115 elements
Info    : 0.70 < quality < 0.80 :     16018 elements
Info    : 0.80 < quality < 0.90 :     30351 elements
Info    : 0.90 < quality < 1.00 :     24722 elements
Info    : 1069 edge swaps, 0 node relocations (volume = 5.45724): worst = 0.0114592 / average = 0.768655 (Wall 0.0509705s, CPU 0.050886s)
Info    : 1647 edge swaps, 0 node relocations (volume = 5.45724): worst = 0.0114592 / average = 0.770531 (Wall 0.087861s, CPU 0.087716s)
Info    : No ill-shaped tets in the mesh :-)
Info    : 0.00 < quality < 0.10 :      1177 elements
Info    : 0.10 < quality < 0.20 :       625 elements
Info    : 0.20 < quality < 0.30 :      1199 elements
Info    : 0.30 < quality < 0.40 :      2515 elements
Info    : 0.40 < quality < 0.50 :      3049 elements
Info    : 0.50 < quality < 0.60 :      4663 elements
Info    : 0.60 < quality < 0.70 :      8338 elements
Info    : 0.70 < quality < 0.80 :     16048 elements
Info    : 0.80 < quality < 0.90 :     30354 elements
Info    : 0.90 < quality < 1.00 :     24680 elements
Info    : dtOptimizeMeshGRegion()() volume 1 : Optimize netgen
Info    : Extract outter faces of tetrahedra
Info    : Optimizing volume 2
Info    : CalcLocalH: 21595 Points 94202 Elements 22542 Surface Elements 
Info    : Remove Illegal Elements 
Info    : 2996 illegal tets 
Info    : SplitImprove 
Info    : badmax = 14781.5 
Info    : 599 splits performed 
Info    : SwapImprove  
Info    : 419 swaps performed 
Info    : SwapImprove2  
Info    : 0 swaps performed 
Info    : 597 illegal tets 
Info    : SplitImprove 
Info    : badmax = 7197.04 
Info    : 181 splits performed 
Info    : SwapImprove  
Info    : 17 swaps performed 
Info    : SwapImprove2  
Info    : 1 swaps performed 
Info    : 56 illegal tets 
Info    : SplitImprove 
Info    : badmax = 5699.91 
Info    : 14 splits performed 
Info    : SwapImprove  
Info    : 4 swaps performed 
Info    : SwapImprove2  
Info    : 1 swaps performed 
Info    : 7 illegal tets 
Info    : SplitImprove 
Info    : badmax = 5699.91 
Info    : 2 splits performed 
Info    : SwapImprove  
Info    : 1 swaps performed 
Info    : SwapImprove2  
Info    : 0 swaps performed 
Info    : 0 illegal tets 
Info    : Volume Optimization 
Info    : CombineImprove 
Info    : 398 elements combined 
Info    : ImproveMesh 
Info    : Total badness = 170047 
Info    : Total badness = 162504 
Info    : SplitImprove 
Info    : badmax = 974.359 
Info    : 1 splits performed 
Info    : ImproveMesh 
Info    : Total badness = 162496 
Info    : Total badness = 162040 
Info    : SwapImprove  
Info    : 1412 swaps performed 
Info    : SwapImprove2  
Info    : 5 swaps performed 
Info    : ImproveMesh 
Info    : Total badness = 158044 
Info    : Total badness = 154234 
Info    : CombineImprove 
Info    : 120 elements combined 
Info    : ImproveMesh 
Info    : Total badness = 151625 
Info    : Total badness = 151273 
Info    : SplitImprove 
Info    : badmax = 311.916 
Info    : 3 splits performed 
Info    : ImproveMesh 
Info    : Total badness = 151312 
Info    : Total badness = 151278 
Info    : SwapImprove  
Info    : 665 swaps performed 
Info    : SwapImprove2  
Info    : 0 swaps performed 
Info    : ImproveMesh 
Info    : Total badness = 150220 
Info    : Total badness = 149271 
Info    : CombineImprove 
Info    : 22 elements combined 
Info    : ImproveMesh 
Info    : Total badness = 148820 
Info    : Total badness = 148744 
Info    : SplitImprove 
Info    : badmax = 308.799 
Info    : 0 splits performed 
Info    : ImproveMesh 
Info    : Total badness = 148744 
Info    : Total badness = 148741 
Info    : SwapImprove  
Info    : 303 swaps performed 
Info    : SwapImprove2  
Info    : 2 swaps performed 
Info    : ImproveMesh 
Info    : Total badness = 148443 
Info    : Total badness = 148143 
Info    : dtOptimizeMeshGRegion()() volume 1
Info    : dtOptimizeMeshGRegion()() volume 1 : Optimize gmsh
Info    : Optimizing volume 1
Info    : Optimization starts (volume = 5.45724) with worst = 0.00673499 / average = 0.769164:
Info    : 0.00 < quality < 0.10 :      1531 elements
Info    : 0.10 < quality < 0.20 :       975 elements
Info    : 0.20 < quality < 0.30 :      1797 elements
Info    : 0.30 < quality < 0.40 :      2266 elements
Info    : 0.40 < quality < 0.50 :      2921 elements
Info    : 0.50 < quality < 0.60 :      4765 elements
Info    : 0.60 < quality < 0.70 :      8592 elements
Info    : 0.70 < quality < 0.80 :     16270 elements
Info    : 0.80 < quality < 0.90 :     30528 elements
Info    : 0.90 < quality < 1.00 :     24762 elements
Info    : 957 edge swaps, 0 node relocations (volume = 5.45724): worst = 0.0106558 / average = 0.7681 (Wall 0.0522814s, CPU 0.052194s)
Info    : 1424 edge swaps, 0 node relocations (volume = 5.45724): worst = 0.0110046 / average = 0.769395 (Wall 0.0913714s, CPU 0.091219s)
Info    : 1587 edge swaps, 0 node relocations (volume = 5.45724): worst = 0.0110046 / average = 0.770027 (Wall 0.129864s, CPU 0.129649s)
Info    : No ill-shaped tets in the mesh :-)
Info    : 0.00 < quality < 0.10 :      1193 elements
Info    : 0.10 < quality < 0.20 :       657 elements
Info    : 0.20 < quality < 0.30 :      1438 elements
Info    : 0.30 < quality < 0.40 :      2709 elements
Info    : 0.40 < quality < 0.50 :      3318 elements
Info    : 0.50 < quality < 0.60 :      5193 elements
Info    : 0.60 < quality < 0.70 :      8857 elements
Info    : 0.70 < quality < 0.80 :     16429 elements
Info    : 0.80 < quality < 0.90 :     30641 elements
Info    : 0.90 < quality < 1.00 :     24752 elements
Info    : dtOptimizeMeshGRegion()() volume 1 : Optimize netgen
Info    : Extract outter faces of tetrahedra
Info    : Optimizing volume 2
Info    : CalcLocalH: 21855 Points 95518 Elements 22542 Surface Elements 
Info    : Remove Illegal Elements 
Info    : 2480 illegal tets 
Info    : SplitImprove 
Info    : badmax = 2432.59 
Info    : 526 splits performed 
Info    : SwapImprove  
Info    : 269 swaps performed 
Info    : SwapImprove2  
Info    : 0 swaps performed 
Info    : 427 illegal tets 
Info    : SplitImprove 
Info    : badmax = 4298.87 
Info    : 139 splits performed 
Info    : SwapImprove  
Info    : 6 swaps performed 
Info    : SwapImprove2  
Info    : 0 swaps performed 
Info    : 26 illegal tets 
Info    : SplitImprove 
Info    : badmax = 1939.74 
Info    : 11 splits performed 
Info    : SwapImprove  
Info    : 2 swaps performed 
Info    : SwapImprove2  
Info    : 2 swaps performed 
Info    : 3 illegal tets 
Info    : SplitImprove 
Info    : badmax = 1631.66 
Info    : 1 splits performed 
Info    : SwapImprove  
Info    : 0 swaps performed 
Info    : SwapImprove2  
Info    : 0 swaps performed 
Info    : 0 illegal tets 
Info    : Volume Optimization 
Info    : CombineImprove 
Info    : 373 elements combined 
Info    : ImproveMesh 
Info    : Total badness = 165878 
Info    : Total badness = 160616 
Info    : SplitImprove 
Info    : badmax = 784.882 
Info    : 1 splits performed 
Info    : ImproveMesh 
Info    : Total badness = 160624 
Info    : Total badness = 160370 
Info    : SwapImprove  
Info    : 1235 swaps performed 
Info    : SwapImprove2  
Info    : 3 swaps performed 
Info    : ImproveMesh 
Info    : Total badness = 157270 
Info    : Total badness = 153822 
Info    : CombineImprove 
Info    : 103 elements combined 
Info    : ImproveMesh 
Info    : Total badness = 151895 
Info    : Total badness = 151554 
Info    : SplitImprove 
Info    : badmax = 235.265 
Info    : 2 splits performed 
Info    : ImproveMesh 
Info    : Total badness = 151573 
Info    : Total badness = 151548 
Info    : SwapImprove  
Info    : 546 swaps performed 
Info    : SwapImprove2  
Info    : 0 swaps performed 
Info    : ImproveMesh 
Info    : Total badness = 150821 
Info    : Total badness = 150204 
Info    : CombineImprove 
Info    : 19 elements combined 
Info    : ImproveMesh 
Info    : Total badness = 149879 
Info    : Total badness = 149818 
Info    : SplitImprove 
Info    : badmax = 236.699 
Info    : 0 splits performed 
Info    : ImproveMesh 
Info    : Total badness = 149818 
Info    : Total badness = 149818 
Info    : SwapImprove  
Info    : 240 swaps performed 
Info    : SwapImprove2  
Info    : 0 swaps performed 
Info    : ImproveMesh 
Info    : Total badness = 149618 
Info    : Total badness = 149369 
Info    : dtOptimizeMeshGRegion()() volume 1
Info    : dtOptimizeMeshGRegion()() volume 1 : Optimize gmsh
Info    : Optimizing volume 1
Info    : Optimization starts (volume = 5.45724) with worst = 0.0086415 / average = 0.768266:
Info    : 0.00 < quality < 0.10 :      1489 elements
Info    : 0.10 < quality < 0.20 :       924 elements
Info    : 0.20 < quality < 0.30 :      1721 elements
Info    : 0.30 < quality < 0.40 :      2272 elements
Info    : 0.40 < quality < 0.50 :      3190 elements
Info    : 0.50 < quality < 0.60 :      5006 elements
Info    : 0.60 < quality < 0.70 :      9011 elements
Info    : 0.70 < quality < 0.80 :     16572 elements
Info    : 0.80 < quality < 0.90 :     30615 elements
Info    : 0.90 < quality < 1.00 :     24741 elements
Info    : 826 edge swaps, 0 node relocations (volume = 5.45724): worst = 0.0113672 / average = 0.767453 (Wall 0.0541891s, CPU 0.054096s)
Info    : 1207 edge swaps, 0 node relocations (volume = 5.45724): worst = 0.0128851 / average = 0.768933 (Wall 0.0955031s, CPU 0.095327s)
Info    : 1300 edge swaps, 0 node relocations (volume = 5.45724): worst = 0.0128851 / average = 0.769228 (Wall 0.134877s, CPU 0.134627s)
Info    : No ill-shaped tets in the mesh :-)
Info    : 0.00 < quality < 0.10 :      1207 elements
Info    : 0.10 < quality < 0.20 :       662 elements
Info    : 0.20 < quality < 0.30 :      1385 elements
Info    : 0.30 < quality < 0.40 :      2665 elements
Info    : 0.40 < quality < 0.50 :      3553 elements
Info    : 0.50 < quality < 0.60 :      5328 elements
Info    : 0.60 < quality < 0.70 :      9247 elements
Info    : 0.70 < quality < 0.80 :     16774 elements
Info    : 0.80 < quality < 0.90 :     30701 elements
Info    : 0.90 < quality < 1.00 :     24748 elements
Info    : dtOptimizeMeshGRegion()() volume 1 : Optimize netgen
Info    : Extract outter faces of tetrahedra
Info    : Optimizing volume 2
Info    : CalcLocalH: 22040 Points 96482 Elements 22542 Surface Elements 
Info    : Remove Illegal Elements 
Info    : 2046 illegal tets 
Info    : SplitImprove 
Info    : badmax = 2345.2 
Info    : 455 splits performed 
Info    : SwapImprove  
Info    : 193 swaps performed 
Info    : SwapImprove2  
Info    : 0 swaps performed 
Info    : 313 illegal tets 
Info    : SplitImprove 
Info    : badmax = 3076.7 
Info    : 105 splits performed 
Info    : SwapImprove  
Info    : 5 swaps performed 
Info    : SwapImprove2  
Info    : 0 swaps performed 
Info    : 0 illegal tets 
Info    : Volume Optimization 
Info    : CombineImprove 
Info    : 349 elements combined 
Info    : ImproveMesh 
Info    : Total badness = 164042 
Info    : Total badness = 159364 
Info    : SplitImprove 
Info    : badmax = 552.665 
Info    : 3 splits performed 
Info    : ImproveMesh 
Info    : Total badness = 159407 
Info    : Total badness = 159121 
Info    : SwapImprove  
Info    : 1062 swaps performed 
Info    : SwapImprove2  
Info    : 1 swaps performed 
Info    : ImproveMesh 
Info    : Total badness = 156677 
Info    : Total badness = 153991 
Info    : CombineImprove 
Info    : 79 elements combined 
Info    : ImproveMesh 
Info    : Total badness = 152495 
Info    : Total badness = 152168 
Info    : SplitImprove 
Info    : badmax = 239.098 
Info    : 2 splits performed 
Info    : ImproveMesh 
Info    : Total badness = 152197 
Info    : Total badness = 152183 
Info    : SwapImprove  
Info    : 447 swaps performed 
Info    : SwapImprove2  
Info    : 0 swaps performed 
Info    : ImproveMesh 
Info    : Total badness = 151652 
Info    : Total badness = 151145 
Info    : CombineImprove 
Info    : 30 elements combined 
Info    : ImproveMesh 
Info    : Total badness = 150680 
Info    : Total badness = 150619 
Info    : SplitImprove 
Info    : badmax = 193.139 
Info    : 3 splits performed 
Info    : ImproveMesh 
Info    : Total badness = 150651 
Info    : Total badness = 150646 
Info    : SwapImprove  
Info    : 206 swaps performed 
Info    : SwapImprove2  
Info    : 1 swaps performed 
Info    : ImproveMesh 
Info    : Total badness = 150487 
Info    : Total badness = 150284 
Info    : dtOptimizeMeshGRegion()() volume 1
Info    : dtOptimizeMeshGRegion()() volume 1 : Optimize gmsh
Info    : Optimizing volume 1
Info    : Optimization starts (volume = 5.45724) with worst = 0.0105844 / average = 0.767667:
Info    : 0.00 < quality < 0.10 :      1468 elements
Info    : 0.10 < quality < 0.20 :       959 elements
Info    : 0.20 < quality < 0.30 :      1631 elements
Info    : 0.30 < quality < 0.40 :      2346 elements
Info    : 0.40 < quality < 0.50 :      3233 elements
Info    : 0.50 < quality < 0.60 :      5106 elements
Info    : 0.60 < quality < 0.70 :      9217 elements
Info    : 0.70 < quality < 0.80 :     16893 elements
Info    : 0.80 < quality < 0.90 :     30660 elements
Info    : 0.90 < quality < 1.00 :     24747 elements
Info    : 730 edge swaps, 0 node relocations (volume = 5.45724): worst = 0.0128951 / average = 0.76706 (Wall 0.0536431s, CPU 0.05355s)
Info    : 1060 edge swaps, 0 node relocations (volume = 5.45724): worst = 0.0128951 / average = 0.768222 (Wall 0.0926284s, CPU 0.092471s)
Info    : No ill-shaped tets in the mesh :-)
Info    : 0.00 < quality < 0.10 :      1232 elements
Info    : 0.10 < quality < 0.20 :       736 elements
Info    : 0.20 < quality < 0.30 :      1258 elements
Info    : 0.30 < quality < 0.40 :      2485 elements
Info    : 0.40 < quality < 0.50 :      3471 elements
Info    : 0.50 < quality < 0.60 :      5292 elements
Info    : 0.60 < quality < 0.70 :      9343 elements
Info    : 0.70 < quality < 0.80 :     17027 elements
Info    : 0.80 < quality < 0.90 :     30717 elements
Info    : 0.90 < quality < 1.00 :     24757 elements
Info    : dtOptimizeMeshGRegion()() volume 1 : Optimize netgen
Info    : Extract outter faces of tetrahedra
Info    : Optimizing volume 2
Info    : CalcLocalH: 22150 Points 97083 Elements 22542 Surface Elements 
Info    : Remove Illegal Elements 
Info    : 1754 illegal tets 
Info    : SplitImprove 
Info    : badmax = 12343.7 
Info    : 396 splits performed 
Info    : SwapImprove  
Info    : 206 swaps performed 
Info    : SwapImprove2  
Info    : 0 swaps performed 
Info    : 275 illegal tets 
Info    : SplitImprove 
Info    : badmax = 14682.3 
Info    : 91 splits performed 
Info    : SwapImprove  
Info    : 6 swaps performed 
Info    : SwapImprove2  
Info    : 0 swaps performed 
Info    : 2 illegal tets 
Info    : SplitImprove 
Info    : badmax = 7513.23 
Info    : 1 splits performed 
Info    : SwapImprove  
Info    : 0 swaps performed 
Info    : SwapImprove2  
Info    : 0 swaps performed 
Info    : 0 illegal tets 
Info    : Volume Optimization 
Info    : CombineImprove 
Info    : 344 elements combined 
Info    : ImproveMesh 
Info    : Total badness = 164017 
Info    : Total badness = 158644 
Info    : SplitImprove 
Info    : badmax = 731.83 
Info    : 0 splits performed 
Info    : ImproveMesh 
Info    : Total badness = 158644 
Info    : Total badness = 158321 
Info    : SwapImprove  
Info    : 961 swaps performed 
Info    : SwapImprove2  
Info    : 3 swaps performed 
Info    : ImproveMesh 
Info    : Total badness = 156002 
Info    : Total badness = 153743 
Info    : CombineImprove 
Info    : 81 elements combined 
Info    : ImproveMesh 
Info    : Total badness = 152178 
Info    : Total badness = 151897 
Info    : SplitImprove 
Info    : badmax = 341.773 
Info    : 1 splits performed 
Info    : ImproveMesh 
Info    : Total badness = 151911 
Info    : Total badness = 151900 
Info    : SwapImprove  
Info    : 374 swaps performed 
Info    : SwapImprove2  
Info    : 1 swaps performed 
Info    : ImproveMesh 
Info    : Total badness = 151465 
Info    : Total badness = 151022 
Info    : CombineImprove 
Info    : 20 elements combined 
Info    : ImproveMesh 
Info    : Total badness = 150708 
Info    : Total badness = 150658 
Info    : SplitImprove 
Info    : badmax = 341.236 
Info    : 0 splits performed 
Info    : ImproveMesh 
Info    : Total badness = 150658 
Info    : Total badness = 150659 
Info    : SwapImprove  
Info    : 167 swaps performed 
Info    : SwapImprove2  
Info    : 0 swaps performed 
Info    : ImproveMesh 
Info    : Total badness = 150506 
Info    : Total badness = 150348 
Info    : dtOptimizeMeshGRegion()() volume 1
Info    : dtOptimizeMeshGRegion()() volume 1 : Optimize gmsh
Info    : Optimizing volume 1
Info    : Optimization starts (volume = 5.45724) with worst = 0.00603212 / average = 0.768246:
Info    : 0.00 < quality < 0.10 :      1480 elements
Info    : 0.10 < quality < 0.20 :       894 elements
Info    : 0.20 < quality < 0.30 :      1594 elements
Info    : 0.30 < quality < 0.40 :      2304 elements
Info    : 0.40 < quality < 0.50 :      3228 elements
Info    : 0.50 < quality < 0.60 :      5252 elements
Info    : 0.60 < quality < 0.70 :      9264 elements
Info    : 0.70 < quality < 0.80 :     16993 elements
Info    : 0.80 < quality < 0.90 :     30787 elements
Info    : 0.90 < quality < 1.00 :     24758 elements
Info    : 662 edge swaps, 0 node relocations (volume = 5.45724): worst = 0.012564 / average = 0.767625 (Wall 0.0524107s, CPU 0.052317s)
Info    : 966 edge swaps, 0 node relocations (volume = 5.45724): worst = 0.012564 / average = 0.768576 (Wall 0.092835s, CPU 0.092671s)
Info    : No ill-shaped tets in the mesh :-)
Info    : 0.00 < quality < 0.10 :      1238 elements
Info    : 0.10 < quality < 0.20 :       725 elements
Info    : 0.20 < quality < 0.30 :      1245 elements
Info    : 0.30 < quality < 0.40 :      2457 elements
Info    : 0.40 < quality < 0.50 :      3418 elements
Info    : 0.50 < quality < 0.60 :      5395 elements
Info    : 0.60 < quality < 0.70 :      9379 elements
Info    : 0.70 < quality < 0.80 :     17079 elements
Info    : 0.80 < quality < 0.90 :     30885 elements
Info    : 0.90 < quality < 1.00 :     24757 elements
Info    : dtOptimizeMeshGRegion()() volume 1 : Optimize netgen
Info    : Extract outter faces of tetrahedra
Info    : Optimizing volume 2
Info    : CalcLocalH: 22194 Points 97327 Elements 22542 Surface Elements 
Info    : Remove Illegal Elements 
Info    : 1653 illegal tets 
Info    : SplitImprove 
Info    : badmax = 2652.15 
Info    : 379 splits performed 
Info    : SwapImprove  
Info    : 143 swaps performed 
Info    : SwapImprove2  
Info    : 0 swaps performed 
Info    : 294 illegal tets 
Info    : SplitImprove 
Info    : badmax = 2652.15 
Info    : 95 splits performed 
Info    : SwapImprove  
Info    : 3 swaps performed 
Info    : SwapImprove2  
Info    : 0 swaps performed 
Info    : 9 illegal tets 
Info    : SplitImprove 
Info    : badmax = 1254.93 
Info    : 3 splits performed 
Info    : SwapImprove  
Info    : 1 swaps performed 
Info    : SwapImprove2  
Info    : 0 swaps performed 
Info    : 0 illegal tets 
Info    : Volume Optimization 
Info    : CombineImprove 
Info    : 287 elements combined 
Info    : ImproveMesh 
Info    : Total badness = 163878 
Info    : Total badness = 159606 
Info    : SplitImprove 
Info    : badmax = 773.616 
Info    : 0 splits performed 
Info    : ImproveMesh 
Info    : Total badness = 159606 
Info    : Total badness = 159409 
Info    : SwapImprove  
Info    : 957 swaps performed 
Info    : SwapImprove2  
Info    : 1 swaps performed 
Info    : ImproveMesh 
Info    : Total badness = 157039 
Info    : Total badness = 154609 
Info    : CombineImprove 
Info    : 89 elements combined 
Info    : ImproveMesh 
Info    : Total badness = 152822 
Info    : Total badness = 152507 
Info    : SplitImprove 
Info    : badmax = 208.841 
Info    : 1 splits performed 
Info    : ImproveMesh 
Info    : Total badness = 152514 
Info    : Total badness = 152494 
Info    : SwapImprove  
Info    : 332 swaps performed 
Info    : SwapImprove2  
Info    : 3 swaps performed 
Info    : ImproveMesh 
Info    : Total badness = 152109 
Info    : Total badness = 151710 
Info    : CombineImprove 
Info    : 24 elements combined 
Info    : ImproveMesh 
Info    : Total badness = 151363 
Info    : Total badness = 151312 
Info    : SplitImprove 
Info    : badmax = 208.786 
Info    : 0 splits performed 
Info    : ImproveMesh 
Info    : Total badness = 151312 
Info    : Total badness = 151312 
Info    : SwapImprove  
Info    : 144 swaps performed 
Info    : SwapImprove2  
Info    : 0 swaps performed 
Info    : ImproveMesh 
Info    : Total badness = 151216 
Info    : Total badness = 151062 
Debug   : Destroying model myModel
Info    : Meshing volume 2 (Transfinite)
Debug   : Surface 7: L = 40  H = 10
Debug   : Found canonical face index 4  (permutation = 0)
Debug   : Surface 8: L = 40  H = 10
Debug   : Found canonical face index 5  (permutation = 0)
Debug   : Surface 9: L = 40  H = 40
Debug   : Found canonical face index 0  (permutation = 0)
Debug   : Surface 10: L = 40  H = 40
Debug   : Found canonical face index 2  (permutation = 0)
Debug   : Surface 11: L = 10  H = 40
Debug   : Found canonical face index 3  (permutation = 0)
Debug   : Surface 12: L = 10  H = 40
Debug   : Found canonical face index 1  (permutation = 0)
Info    : Meshing volume 3 (Transfinite)
Debug   : Surface 13: L = 16  H = 10
Debug   : Found canonical face index 4  (permutation = 0)
Debug   : Surface 14: L = 16  H = 10
Debug   : Found canonical face index 5  (permutation = 0)
Debug   : Surface 15: L = 16  H = 40
Debug   : Found canonical face index 0  (permutation = 0)
Debug   : Surface 16: L = 16  H = 40
Debug   : Found canonical face index 2  (permutation = 0)
Debug   : Surface 12: L = 10  H = 40
Debug   : Found canonical face index 3  (permutation = 0)
Debug   : Surface 17: L = 10  H = 40
Debug   : Found canonical face index 1  (permutation = 0)
Info    : Meshing volume 4 (Transfinite)
Debug   : Surface 18: L = 40  H = 10
Debug   : Found canonical face index 4  (permutation = 0)
Debug   : Surface 19: L = 40  H = 10
Debug   : Found canonical face index 5  (permutation = 0)
Debug   : Surface 20: L = 40  H = 40
Debug   : Found canonical face index 0  (permutation = 0)
Debug   : Surface 21: L = 40  H = 40
Debug   : Found canonical face index 2  (permutation = 0)
Debug   : Surface 17: L = 10  H = 40
Debug   : Found canonical face index 3  (permutation = 0)
Debug   : Surface 22: L = 10  H = 40
Debug   : Found canonical face index 1  (permutation = 0)
Info    : Meshing volume 5 (Transfinite)
Debug   : Surface 23: L = 8  H = 10
Debug   : Found canonical face index 4  (permutation = 0)
Debug   : Surface 24: L = 8  H = 10
Debug   : Found canonical face index 5  (permutation = 0)
Debug   : Surface 25: L = 8  H = 40
Debug   : Found canonical face index 0  (permutation = 0)
Debug   : Surface 26: L = 8  H = 40
Debug   : Found canonical face index 2  (permutation = 0)
Debug   : Surface 22: L = 10  H = 40
Debug   : Found canonical face index 3  (permutation = 0)
Debug   : Surface 27: L = 10  H = 40
Debug   : Found canonical face index 1  (permutation = 0)
Info    : Meshing volume 6 (Transfinite)
Debug   : Surface 28: L = 8  H = 10
Debug   : Found canonical face index 4  (permutation = 0)
Debug   : Surface 29: L = 8  H = 10
Debug   : Found canonical face index 5  (permutation = 0)
Debug   : Surface 30: L = 8  H = 40
Debug   : Found canonical face index 0  (permutation = 0)
Debug   : Surface 31: L = 8  H = 40
Debug   : Found canonical face index 2  (permutation = 0)
Debug   : Surface 27: L = 10  H = 40
Debug   : Found canonical face index 3  (permutation = 0)
Debug   : Surface 11: L = 10  H = 40
Debug   : Found canonical face index 1  (permutation = 0)
/*---------------------------------------------------------------------------*\
| =========                 |                                                 |
| \\      /  F ield         | OpenFOAM: The Open Source CFD Toolbox           |
|  \\    /   O peration     | Version:  2606                                  |
|   \\  /    A nd           | Website:  www.openfoam.com                      |
|    \\/     M anipulation  |                                                 |
\*---------------------------------------------------------------------------*/
Build  : _481094f-20260618 OPENFOAM=2606 version=2606
Arch   : "LSB;label=32;scalar=64"
Exec   : tistos_ru_of_n -case /pfs/work9/workspace/scratch/st_ac136362-eigenfreq/runs/tistos-smoke-cfd-native-local/midpoint/tistos_ru_of_n_hydroflow
Date   : Sep 07 2026
Time   : 12:23:15
Host   : uc2n603.localdomain
PID    : 1632362
I/O    : uncollated
Case   : /pfs/work9/workspace/scratch/st_ac136362-eigenfreq/runs/tistos-smoke-cfd-native-local/midpoint/tistos_ru_of_n_hydroflow
nProcs : 1
trapFpe: Floating point exception trapping enabled (FOAM_SIGFPE).
memory pool : not available
fileModificationChecking : Monitoring run-time modified files using timeStampMaster (fileModificationSkew 5, maxFileModificationPolls 20)

--> FOAM Warning : allowSystemOperations : Allowing user-supplied system call operations.
                   This can be a security risk if running untrusted cases
                   through e.g. 'coded' on-the-fly-compilation functionality.

// * * * * * * * * * * * * * * * * * * * * * * * * * * * * * * * * * * * * * //
--> FOAM Warning : 
    From Foam::polyMesh::polyMesh(const Foam::IOobject&, Foam::pointField&&, const Foam::cellShapeList&, const Foam::faceListList&, const Foam::wordList&, const Foam::wordList&, const Foam::word&, const Foam::word&, const Foam::wordList&, bool)
    in file meshes/polyMesh/polyMeshFromShapeMesh.C at line 635
    Found 24998 undefined faces in mesh; adding to default patch defaultFaces
MappedFieldFixedValue: Copy data from "/pfs/work9/workspace/scratch/st_ac136362-eigenfreq/runs/tistos-smoke-cfd-native-local/midpoint/tistos_ru_of_n_hydroflow/../boundaryData_RU_INLET/n/boundaryData" to "/pfs/work9/workspace/scratch/st_ac136362-eigenfreq/runs/tistos-smoke-cfd-native-local/midpoint/tistos_ru_of_n_hydroflow/constant"
MappedFieldFixedValue: Folder "/pfs/work9/workspace/scratch/st_ac136362-eigenfreq/runs/tistos-smoke-cfd-native-local/midpoint/tistos_ru_of_n_hydroflow/constant/boundaryData" already exists, skipping copy
MappedFieldFixedValue: Folder "/pfs/work9/workspace/scratch/st_ac136362-eigenfreq/runs/tistos-smoke-cfd-native-local/midpoint/tistos_ru_of_n_hydroflow/constant/boundaryData" already exists, skipping copy
Warning : Gmsh has aleady been initialized
Warning : Gmsh has aleady been initialized
Warning : Gmsh has aleady been initialized
Warning : Gmsh has aleady been initialized
Warning : Gmsh has aleady been initialized
Warning : Gmsh has aleady been initialized
Warning : Gmsh has aleady been initialized
Warning : Gmsh has aleady been initialized
Warning : Gmsh has aleady been initialized
Warning : Gmsh has aleady been initialized
Warning : Gmsh has aleady been initialized
Warning : Gmsh has aleady been initialized
Warning : Gmsh has aleady been initialized
Warning : Gmsh has aleady been initialized
Warning : Gmsh has aleady been initialized
Warning : Gmsh has aleady been initialized
Warning : Gmsh has aleady been initialized
Warning : Gmsh has aleady been initialized
[cfd] CreateMeshes done (tistos_ru_of_n)
CFD_CASE_DIR /pfs/work9/workspace/scratch/st_ac136362-eigenfreq/runs/tistos-smoke-cfd-native-local/midpoint/tistos_ru_of_n_hydroflow
